{"FedAvg": [0.7450000047683716, 0.7254999876022339, 0.7240999937057495, 0.7224000096321106, 0.7236999869346619, 0.723800003528595, 0.7310000061988831, 0.7382000088691711, 0.7412999868392944, 0.7268000245094299, 0.7253999710083008, 0.7361999750137329, 0.7240999937057495, 0.7249000072479248, 0.722599983215332, 0.7444999814033508, 0.7239000201225281, 0.725600004196167, 0.7247999906539917, 0.724399983882904, 0.7254999876022339, 0.7271999716758728, 0.7275000214576721, 0.7239000201225281, 0.7282000184059143, 0.7232000231742859, 0.7301999926567078, 0.7261000275611877, 0.7305999994277954, 0.7304999828338623, 0.7264999747276306, 0.7235000133514404, 0.7680000066757202, 0.7325000166893005, 0.7267000079154968, 0.7265999913215637, 0.7232999801635742, 0.7233999967575073, 0.7271999716758728, 0.7235999703407288, 0.7491000294685364, 0.7242000102996826, 0.7271000146865845, 0.7226999998092651, 0.7287999987602234, 0.7278000116348267, 0.7247999906539917, 0.7336999773979187, 0.7239999771118164, 0.7293000221252441], "Median": [0.6261000037193298, 0.5296000242233276, 0.5210999846458435, 0.4925999939441681, 0.47940000891685486, 0.47269999980926514, 0.4691999852657318, 0.4684999883174896, 0.4683000147342682, 0.46399998664855957, 0.46230000257492065, 0.4593999981880188, 0.45719999074935913, 0.44850000739097595, 0.4481000006198883, 0.4472000002861023, 0.4277999997138977, 0.3856000006198883, 0.3490999937057495, 0.392300009727478, 0.3418000042438507, 0.3612000048160553, 0.34929999709129333, 0.34290000796318054, 0.3287999927997589, 0.3497999906539917, 0.33320000767707825, 0.3305000066757202, 0.34130001068115234, 0.32839998602867126, 0.33059999346733093, 0.3183000087738037, 0.3197999894618988, 0.3190000057220459, 0.31139999628067017, 0.3118000030517578, 0.3151000142097473, 0.3212999999523163, 0.31779998540878296, 0.31790000200271606, 0.33500000834465027, 0.3246000111103058, 0.3384999930858612, 0.3239000141620636, 0.336899995803833, 0.3422999978065491, 0.3310000002384186, 0.33230000734329224, 0.3440999984741211, 0.31869998574256897], "MKrum": [0.9391000270843506, 0.8902999758720398, 0.8999999761581421, 0.8998000025749207, 0.804099977016449, 0.8999999761581421, 0.8652999997138977, 0.8999999761581421, 0.7486000061035156, 0.8270999789237976, 0.8468000292778015, 0.8859999775886536, 0.8043000102043152, 0.8995000123977661, 0.8794999718666077, 0.8999999761581421, 0.8999999761581421, 0.7764000296592712, 0.7883999943733215, 0.8054999709129333, 0.7728000283241272, 0.8282999992370605, 0.8317999839782715, 0.7639999985694885, 0.8999999761581421, 0.8871999979019165, 0.8999999761581421, 0.8144000172615051, 0.8968999981880188, 0.7980999946594238, 0.8133999705314636, 0.8629999756813049, 0.8554999828338623, 0.8737999796867371, 0.8999999761581421, 0.8999999761581421, 0.868399977684021, 0.8008999824523926, 0.8956000208854675, 0.7971000075340271, 0.8999000191688538, 0.7795000076293945, 0.88919997215271, 0.8001000285148621, 0.732200026512146, 0.8877999782562256, 0.8553000092506409, 0.8999999761581421, 0.8037999868392944, 0.7383000254631042], "AFA": [0.5426999926567078, 0.41190001368522644, 0.2816999852657318, 0.23389999568462372, 0.2102999985218048, 0.2003999948501587, 0.19529999792575836, 0.1882999986410141, 0.18330000340938568, 0.1826999932527542, 0.1762000024318695, 0.1770000010728836, 0.17350000143051147, 0.17000000178813934, 0.17239999771118164, 0.17239999771118164, 0.17100000381469727, 0.17249999940395355, 0.16779999434947968, 0.164000004529953, 0.16459999978542328, 0.16429999470710754, 0.16850000619888306, 0.1664000004529953, 0.164000004529953, 0.16369999945163727, 0.16349999606609344, 0.16120000183582306, 0.16179999709129333, 0.1655000001192093, 0.16110000014305115, 0.16030000150203705, 0.15960000455379486, 0.16060000658035278, 0.16210000216960907, 0.16120000183582306, 0.16030000150203705, 0.1615999937057495, 0.15970000624656677, 0.16050000488758087, 0.1581999957561493, 0.16040000319480896, 0.15870000422000885, 0.15639999508857727, 0.16050000488758087, 0.15850000083446503, 0.15719999372959137, 0.1574999988079071, 0.15710000693798065, 0.15809999406337738], "FedMGDAplus": [0.5965999960899353, 0.6215000152587891, 0.5702999830245972, 0.5335000157356262, 0.4668000042438507, 0.507099986076355, 0.43560001254081726, 0.4749000072479248, 0.4447000026702881, 0.4927000105381012, 0.555899977684021, 0.5867000222206116, 0.6238999962806702, 0.6301000118255615, 0.6467000246047974, 0.7278000116348267, 0.7315999865531921, 0.8995000123977661, 0.8934000134468079, 0.9088000059127808, 0.870199978351593, 0.9467999935150146, 0.8701000213623047, 0.9412999749183655, 0.9653000235557556, 0.9455000162124634, 0.9753999710083008, 0.9775999784469604, 0.9825999736785889, 0.9962000250816345, 0.9769999980926514, 0.9539999961853027, 0.9164999723434448, 0.9413999915122986, 0.9168000221252441, 0.8659999966621399, 0.8726999759674072, 0.7245000004768372, 0.8115000128746033, 0.6843000054359436, 0.8011999726295471, 0.5335999727249146, 0.7688000202178955, 0.5128999948501587, 0.7580999732017517, 0.47780001163482666, 0.7570000290870667, 0.4830000102519989, 0.7547000050544739, 0.4799000024795532], "CenteredClipping": [0.7246999740600586, 0.7160999774932861, 0.7168999910354614, 0.7189000248908997, 0.7831000089645386, 0.8007000088691711, 0.8001000285148621, 0.8001999855041504, 0.8001000285148621, 0.8004000186920166, 0.800000011920929, 0.800000011920929, 0.8001999855041504, 0.8001000285148621, 0.7998999953269958, 0.8001999855041504, 0.8004999756813049, 0.8001999855041504, 0.8001999855041504, 0.8003000020980835, 0.8004000186920166, 0.800000011920929, 0.8001999855041504, 0.7997000217437744, 0.800000011920929, 0.8001000285148621, 0.8001000285148621, 0.8004000186920166, 0.800000011920929, 0.8001999855041504, 0.8001000285148621, 0.8001000285148621, 0.8004000186920166, 0.8001000285148621, 0.8001999855041504, 0.800000011920929, 0.8001000285148621, 0.800000011920929, 0.7998999953269958, 0.800000011920929, 0.800000011920929, 0.8004000186920166, 0.8016999959945679, 0.800000011920929, 0.8011000156402588, 0.8004000186920166, 0.8019000291824341, 0.800000011920929, 0.8004000186920166, 0.800000011920929], "RFCL": [0.5426999926567078, 0.41190001368522644, 0.2816999852657318, 0.23389999568462372, 0.2102999985218048, 0.2003999948501587, 0.19050000607967377, 0.1860000044107437, 0.17960000038146973, 0.1808999925851822, 0.1808999925851822, 0.1754000037908554, 0.1737000048160553, 0.17339999973773956, 0.16869999468326569, 0.1703999936580658, 0.17190000414848328, 0.17110000550746918, 0.16940000653266907, 0.1678999960422516, 0.16619999706745148, 0.16689999401569366, 0.1623000055551529, 0.16439999639987946, 0.16449999809265137, 0.1670999974012375, 0.16439999639987946, 0.16590000689029694, 0.16130000352859497, 0.164000004529953, 0.16220000386238098, 0.1632000058889389, 0.16130000352859497, 0.16120000183582306, 0.16040000319480896, 0.15970000624656677, 0.16140000522136688, 0.16189999878406525, 0.15729999542236328, 0.16369999945163727, 0.16030000150203705, 0.1597999930381775, 0.1615000069141388, 0.1589999943971634, 0.1597999930381775, 0.16210000216960907, 0.15960000455379486, 0.16089999675750732, 0.15770000219345093, 0.1606999933719635]}