{"FedAvg": [0.7382000088691711, 0.7179999947547913, 0.7712000012397766, 0.7278000116348267, 0.7594000101089478, 0.7494000196456909, 0.7440000176429749, 0.7382000088691711, 0.7282999753952026, 0.7300999760627747, 0.7246000170707703, 0.7293999791145325, 0.7269999980926514, 0.7314000129699707, 0.7231000065803528, 0.7304999828338623, 0.7537000179290771, 0.7299000024795532, 0.7236999869346619, 0.7315999865531921, 0.7336000204086304, 0.7752000093460083, 0.7310000061988831, 0.7820000052452087, 0.7264999747276306, 0.7289000153541565, 0.7301999926567078, 0.7253000140190125, 0.7369999885559082, 0.7300999760627747, 0.772599995136261, 0.729200005531311, 0.7427999973297119, 0.7239000201225281, 0.7638000249862671, 0.746999979019165, 0.7879999876022339, 0.7276999950408936, 0.7695000171661377, 0.7282999753952026, 0.7487000226974487, 0.7387999892234802, 0.7336000204086304, 0.7738999724388123, 0.7505999803543091, 0.7583000063896179, 0.7925999760627747, 0.7566999793052673, 0.7572000026702881, 0.7378000020980835], "Median": [0.5220000147819519, 0.5519999861717224, 0.5914999842643738, 0.6464999914169312, 0.6953999996185303, 0.6945000290870667, 0.7251999974250793, 0.7225000262260437, 0.7621999979019165, 0.7573000192642212, 0.7828999757766724, 0.7731999754905701, 0.7786999940872192, 0.7849000096321106, 0.7797999978065491, 0.7720000147819519, 0.7785999774932861, 0.7667999863624573, 0.7670999765396118, 0.7713000178337097, 0.7749999761581421, 0.7689999938011169, 0.78329998254776, 0.7775999903678894, 0.7720000147819519, 0.7748000025749207, 0.7804999947547913, 0.772599995136261, 0.7760999798774719, 0.7738999724388123, 0.7728000283241272, 0.7615000009536743, 0.7768999934196472, 0.742900013923645, 0.7567999958992004, 0.7796000242233276, 0.7524999976158142, 0.7537000179290771, 0.7443000078201294, 0.7476000189781189, 0.7724999785423279, 0.7293000221252441, 0.7458000183105469, 0.7407000064849854, 0.7265999913215637, 0.7461000084877014, 0.7778000235557556, 0.7437999844551086, 0.7045999765396118, 0.7631999850273132], "MKrum": [0.9121999740600586, 0.8327999711036682, 0.8784000277519226, 0.8999999761581421, 0.7961000204086304, 0.8125, 0.8999999761581421, 0.9043999910354614, 0.8162000179290771, 0.8999999761581421, 0.8748000264167786, 0.8258000016212463, 0.8001000285148621, 0.8999999761581421, 0.8999999761581421, 0.8902999758720398, 0.8831999897956848, 0.8995000123977661, 0.8525000214576721, 0.8270000219345093, 0.8567000031471252, 0.8022000193595886, 0.8414000272750854, 0.8019999861717224, 0.8051999807357788, 0.8999999761581421, 0.8037999868392944, 0.8235999941825867, 0.8985000252723694, 0.8305000066757202, 0.8973000049591064, 0.8665000200271606, 0.8009999990463257, 0.8270000219345093, 0.8999000191688538, 0.8996000289916992, 0.8999999761581421, 0.7936999797821045, 0.8902999758720398, 0.8999999761581421, 0.8237000107765198, 0.8999999761581421, 0.9010000228881836, 0.7857000231742859, 0.8547999858856201, 0.8284000158309937, 0.8999999761581421, 0.8043000102043152, 0.8385000228881836, 0.7728999853134155], "AFA": [0.7382000088691711, 0.7179999947547913, 0.7712000012397766, 0.7278000116348267, 0.7594000101089478, 0.7494000196456909, 0.7440000176429749, 0.7382000088691711, 0.7282999753952026, 0.7300999760627747, 0.7246000170707703, 0.7293999791145325, 0.7269999980926514, 0.7314000129699707, 0.7231000065803528, 0.7304999828338623, 0.7537000179290771, 0.7299000024795532, 0.7226999998092651, 0.730400025844574, 0.7293999791145325, 0.7247999906539917, 0.7267000079154968, 0.7177000045776367, 0.6840999722480774, 0.7397000193595886, 0.7271000146865845, 0.7240999937057495, 0.7210999727249146, 0.7239999771118164, 0.7282000184059143, 0.7300000190734863, 0.7315000295639038, 0.727400004863739, 0.7233999967575073, 0.7251999974250793, 0.7329000234603882, 0.7258999943733215, 0.7312999963760376, 0.7269999980926514, 0.7265999913215637, 0.7314000129699707, 0.7408000230789185, 0.7213000059127808, 0.7202000021934509, 0.7251999974250793, 0.7282000184059143, 0.7218999862670898, 0.7232000231742859, 0.7207000255584717], "FedMGDAplus": [0.6061999797821045, 0.6326000094413757, 0.6126000285148621, 0.6011999845504761, 0.5724999904632568, 0.5712000131607056, 0.5485000014305115, 0.5720999836921692, 0.5558000206947327, 0.5144000053405762, 0.5486999750137329, 0.5419999957084656, 0.5421000123023987, 0.5871999859809875, 0.5629000067710876, 0.5882999897003174, 0.6175000071525574, 0.5986999869346619, 0.6100000143051147, 0.5911999940872192, 0.6455000042915344, 0.6438999772071838, 0.6536999940872192, 0.7110000252723694, 0.7027999758720398, 0.713699996471405, 0.7651000022888184, 0.7197999954223633, 0.7330999970436096, 0.8187999725341797, 0.84170001745224, 0.8960999846458435, 0.8895000219345093, 0.8622000217437744, 0.796999990940094, 0.9096999764442444, 0.8883000016212463, 0.9682999849319458, 0.879800021648407, 0.9240999817848206, 0.9657999873161316, 0.9932000041007996, 0.9801999926567078, 0.9922000169754028, 0.9940999746322632, 0.9886999726295471, 0.9595000147819519, 0.9477999806404114, 0.9368000030517578, 0.9100000262260437], "CenteredClipping": [0.6933000087738037, 0.7414000034332275, 0.803600013256073, 0.8474000096321106, 0.8999999761581421, 0.8999999761581421, 0.8999999761581421, 0.8999999761581421, 0.8999999761581421, 0.8999999761581421, 0.8999999761581421, 0.8999999761581421, 0.8999999761581421, 0.8999999761581421, 0.8999999761581421, 0.8999999761581421, 0.8999999761581421, 0.8999999761581421, 0.8999000191688538, 0.8999999761581421, 0.8999000191688538, 0.8999999761581421, 0.8999999761581421, 0.8999999761581421, 0.8999999761581421, 0.8999999761581421, 0.8999999761581421, 0.8999999761581421, 0.8999999761581421, 0.8999999761581421, 0.8999999761581421, 0.8999999761581421, 0.8691999912261963, 0.8999999761581421, 0.8999999761581421, 0.8999999761581421, 0.8999999761581421, 0.8999999761581421, 0.8999999761581421, 0.8999999761581421, 0.8004000186920166, 0.8999999761581421, 0.8999999761581421, 0.8999999761581421, 0.8999999761581421, 0.8999999761581421, 0.8999999761581421, 0.8999999761581421, 0.8999999761581421, 0.8999999761581421], "RFCL": [0.5365999937057495, 0.3856000006198883, 0.29159998893737793, 0.24240000545978546, 0.21619999408721924, 0.20589999854564667, 0.19200000166893005, 0.18440000712871552, 0.18199999630451202, 0.17810000479221344, 0.17820000648498535, 0.17350000143051147, 0.17249999940395355, 0.17299999296665192, 0.17100000381469727, 0.17229999601840973, 0.16820000112056732, 0.16769999265670776, 0.1671999990940094, 0.17069999873638153, 0.16899999976158142, 0.1648000031709671, 0.1623000055551529, 0.16509999334812164, 0.16539999842643738, 0.16130000352859497, 0.16130000352859497, 0.16249999403953552, 0.16089999675750732, 0.16060000658035278, 0.16189999878406525, 0.1597999930381775, 0.16169999539852142, 0.15800000727176666, 0.16689999401569366, 0.16120000183582306, 0.16130000352859497, 0.16009999811649323, 0.1597999930381775, 0.16130000352859497, 0.1573999971151352, 0.16050000488758087, 0.1599999964237213, 0.15690000355243683, 0.15790000557899475, 0.16220000386238098, 0.15800000727176666, 0.15520000457763672, 0.15770000219345093, 0.16459999978542328]}