{"FedAvg": [0.8896999955177307, 0.90420001745224, 0.8999999761581421, 0.899399995803833, 0.8999999761581421, 0.8999999761581421, 0.8999999761581421, 0.8999999761581421, 0.8755999803543091, 0.8560000061988831, 0.8762000203132629, 0.8992999792098999, 0.8953999876976013, 0.9004999995231628, 0.9023000001907349, 0.9013000130653381, 0.8914999961853027, 0.9031999707221985, 0.8967999815940857, 0.9054999947547913, 0.8306000232696533, 0.8999999761581421, 0.8634999990463257, 0.8999999761581421, 0.8988000154495239, 0.8973000049591064, 0.8931999802589417, 0.8995000123977661, 0.8851000070571899, 0.8999999761581421, 0.8999999761581421, 0.8999999761581421, 0.8999999761581421, 0.8930000066757202, 0.8967000246047974, 0.9045000076293945, 0.8973000049591064, 0.89410001039505, 0.8791000247001648, 0.8999999761581421, 0.8999000191688538, 0.8999000191688538, 0.8475000262260437, 0.895799994468689, 0.8044000267982483, 0.8866999745368958, 0.8921999931335449, 0.8999999761581421, 0.8985999822616577, 0.8999999761581421], "Median": [0.995199978351593, 0.8521000146865845, 0.9995999932289124, 0.9919000267982483, 0.9761000275611877, 0.932200014591217, 0.9160000085830688, 0.9039000272750854, 0.901199996471405, 0.8981000185012817, 0.9004999995231628, 0.8826000094413757, 0.8956000208854675, 0.8564000129699707, 0.8932999968528748, 0.8019999861717224, 0.8827000260353088, 0.7777000069618225, 0.8557000160217285, 0.7541999816894531, 0.8360999822616577, 0.7664999961853027, 0.776199996471405, 0.6847000122070312, 0.7759000062942505, 0.6855000257492065, 0.7753000259399414, 0.7091000080108643, 0.7718999981880188, 0.6852999925613403, 0.7461000084877014, 0.7276999950408936, 0.7379000186920166, 0.6693999767303467, 0.7491999864578247, 0.690500020980835, 0.7452999949455261, 0.6532999873161316, 0.756600022315979, 0.6855999827384949, 0.7529000043869019, 0.6736999750137329, 0.7804999947547913, 0.6352999806404114, 0.7688999772071838, 0.6610999703407288, 0.7842000126838684, 0.640999972820282, 0.7506999969482422, 0.642799973487854], "MKrum": [0.9240000247955322, 0.8999999761581421, 0.8999999761581421, 0.8999999761581421, 0.8999999761581421, 0.897599995136261, 0.8999999761581421, 0.8999999761581421, 0.9397000074386597, 0.8999999761581421, 0.8999999761581421, 0.8999999761581421, 0.8999999761581421, 0.8999999761581421, 0.8999999761581421, 0.8406000137329102, 0.8999999761581421, 0.8791000247001648, 0.9002000093460083, 0.8999999761581421, 0.8999999761581421, 0.8996000289916992, 0.8493000268936157, 0.8748000264167786, 0.8966000080108643, 0.8999999761581421, 0.8999999761581421, 0.8999999761581421, 0.8998000025749207, 0.8974999785423279, 0.8999999761581421, 0.8808000087738037, 0.8999999761581421, 0.8999999761581421, 0.8999999761581421, 0.8999999761581421, 0.8996999859809875, 0.8999999761581421, 0.8985000252723694, 0.8999999761581421, 0.8996999859809875, 0.8783000111579895, 0.8998000025749207, 0.8999999761581421, 0.8999999761581421, 0.8999999761581421, 0.8999999761581421, 0.8999999761581421, 0.8999999761581421, 0.8999999761581421], "AFA": [0.9994000196456909, 0.6096000075340271, 0.9994999766349792, 0.54830002784729, 0.91839998960495, 0.4417000114917755, 0.7926999926567078, 0.36160001158714294, 0.6682000160217285, 0.39309999346733093, 0.5672000050544739, 0.3725000023841858, 0.5271000266075134, 0.3601999878883362, 0.5062999725341797, 0.3675999939441681, 0.4047999978065491, 0.3425000011920929, 0.42660000920295715, 0.3490000069141388, 0.40049999952316284, 0.3328999876976013, 0.39239999651908875, 0.3230000138282776, 0.38280001282691956, 0.32359999418258667, 0.4059999883174896, 0.30489999055862427, 0.38029998540878296, 0.3203999996185303, 0.38940000534057617, 0.303600013256073, 0.37450000643730164, 0.31679999828338623, 0.39070001244544983, 0.3086000084877014, 0.37959998846054077, 0.2930000126361847, 0.39340001344680786, 0.3077000081539154, 0.38760000467300415, 0.30559998750686646, 0.38920000195503235, 0.2978000044822693, 0.37549999356269836, 0.2921999990940094, 0.37619999051094055, 0.30570000410079956, 0.3716000020503998, 0.290800005197525], "FedMGDAplus": [0.684499979019165, 0.707099974155426, 0.7107999920845032, 0.8023999929428101, 0.7281000018119812, 0.7667999863624573, 0.6664999723434448, 0.692799985408783, 0.7346000075340271, 0.8662999868392944, 0.7210000157356262, 0.7964000105857849, 0.8044999837875366, 0.8108999729156494, 0.7138000130653381, 0.8046000003814697, 0.8264999985694885, 0.7828999757766724, 0.8206999897956848, 0.8335999846458435, 0.8185999989509583, 0.8356000185012817, 0.7595000267028809, 0.8446000218391418, 0.7925999760627747, 0.8974000215530396, 0.9215999841690063, 0.9629999995231628, 0.8939999938011169, 0.9144999980926514, 0.8912000060081482, 0.8827999830245972, 0.9111999869346619, 0.9319000244140625, 0.8939999938011169, 0.9416000247001648, 0.9135000109672546, 0.9513999819755554, 0.9645000100135803, 0.9758999943733215, 0.992900013923645, 0.9861999750137329, 0.9664000272750854, 0.9914000034332275, 0.9915000200271606, 0.9192000031471252, 0.9415000081062317, 0.8337000012397766, 0.77920001745224, 0.7396000027656555], "CenteredClipping": [0.9923999905586243, 0.897599995136261, 0.9415000081062317, 0.9115999937057495, 0.8999999761581421, 0.9053999781608582, 0.8999999761581421, 0.9487000107765198, 0.9039000272750854, 0.9815000295639038, 0.975600004196167, 0.9409000277519226, 0.9714999794960022, 0.9997000098228455, 0.9782999753952026, 0.9023000001907349, 0.9815999865531921, 0.8999999761581421, 0.9865000247955322, 0.9014999866485596, 0.9923999905586243, 0.9093999862670898, 0.9876000285148621, 0.9007999897003174, 0.9441999793052673, 0.9125000238418579, 0.8996000289916992, 0.9010999798774719, 0.8999000191688538, 0.9002000093460083, 0.8995000123977661, 0.9085000157356262, 0.8999999761581421, 0.9002000093460083, 0.8999999761581421, 0.902999997138977, 0.8999999761581421, 0.9053000211715698, 0.8999999761581421, 0.9384999871253967, 0.8999999761581421, 0.9013000130653381, 0.8999999761581421, 0.9028000235557556, 0.8999999761581421, 0.907800018787384, 0.9003999829292297, 0.9003000259399414, 0.9010999798774719, 0.9000999927520752], "RFCL": [0.6316999793052673, 0.4431999921798706, 0.29580000042915344, 0.24650000035762787, 0.22529999911785126, 0.21819999814033508, 0.21389999985694885, 0.21729999780654907, 0.2092999964952469, 0.2087000012397766, 0.21130000054836273, 0.20340000092983246, 0.2046000063419342, 0.20160000026226044, 0.20010000467300415, 0.20110000669956207, 0.19869999587535858, 0.2029000073671341, 0.19609999656677246, 0.2003999948501587, 0.19930000603199005, 0.19679999351501465, 0.19750000536441803, 0.19619999825954437, 0.19429999589920044, 0.2003999948501587, 0.20069999992847443, 0.19529999792575836, 0.19660000503063202, 0.19519999623298645, 0.1973000019788742, 0.193900004029274, 0.19529999792575836, 0.19499999284744263, 0.193900004029274, 0.19329999387264252, 0.19349999725818634, 0.1915999948978424, 0.19380000233650208, 0.19280000030994415, 0.19110000133514404, 0.193900004029274, 0.19269999861717224, 0.19370000064373016, 0.19110000133514404, 0.19130000472068787, 0.19429999589920044, 0.19380000233650208, 0.19269999861717224, 0.19220000505447388]}