{"FedAvg": [0.5483999848365784, 0.40529999136924744, 0.3176000118255615, 0.26899999380111694, 0.2459000051021576, 0.23029999434947968, 0.2231999933719635, 0.21170000731945038, 0.20819999277591705, 0.20319999754428864, 0.20419999957084656, 0.1899999976158142, 0.19769999384880066, 0.19169999659061432, 0.18790000677108765, 0.1890999972820282, 0.18690000474452972, 0.1873999983072281, 0.1876000016927719, 0.18619999289512634, 0.18790000677108765, 0.18549999594688416, 0.18440000712871552, 0.19269999861717224, 0.18709999322891235, 0.18490000069141388, 0.19089999794960022, 0.18029999732971191, 0.18459999561309814, 0.18250000476837158, 0.18860000371932983, 0.1843000054359436, 0.1889999955892563, 0.18160000443458557, 0.1826999932527542, 0.18310000002384186, 0.18449999392032623, 0.18860000371932983, 0.1826999932527542, 0.18029999732971191, 0.18369999527931213, 0.1914999932050705, 0.18559999763965607, 0.18310000002384186, 0.17949999868869781, 0.18459999561309814, 0.18299999833106995, 0.181099995970726, 0.18160000443458557, 0.17980000376701355], "Median": [0.5397999882698059, 0.6047000288963318, 0.4659000039100647, 0.4009999930858612, 0.35109999775886536, 0.3028999865055084, 0.29019999504089355, 0.2842999994754791, 0.2784999907016754, 0.28290000557899475, 0.2653000056743622, 0.27239999175071716, 0.2506999969482422, 0.2694999873638153, 0.23229999840259552, 0.24400000274181366, 0.22040000557899475, 0.21240000426769257, 0.20839999616146088, 0.19529999792575836, 0.1915999948978424, 0.1882999986410141, 0.17919999361038208, 0.18490000069141388, 0.17949999868869781, 0.17589999735355377, 0.17509999871253967, 0.1737000048160553, 0.1762000024318695, 0.17080000042915344, 0.17170000076293945, 0.1720000058412552, 0.1687999963760376, 0.16699999570846558, 0.1687999963760376, 0.16459999978542328, 0.16699999570846558, 0.17000000178813934, 0.16179999709129333, 0.16290000081062317, 0.16429999470710754, 0.16380000114440918, 0.1597999930381775, 0.1632000058889389, 0.1599999964237213, 0.16040000319480896, 0.1615999937057495, 0.16179999709129333, 0.1599999964237213, 0.1597999930381775], "MKrum": [0.6168000102043152, 0.515999972820282, 0.5078999996185303, 0.4819999933242798, 0.3564000129699707, 0.32850000262260437, 0.3034999966621399, 0.2937000095844269, 0.2833000123500824, 0.27390000224113464, 0.32280001044273376, 0.2809999883174896, 0.31610000133514404, 0.31949999928474426, 0.32589998841285706, 0.3407000005245209, 0.36410000920295715, 0.34860000014305115, 0.3601999878883362, 0.3637999892234802, 0.3598000109195709, 0.390500009059906, 0.36399999260902405, 0.3668999969959259, 0.3871000111103058, 0.3935000002384186, 0.3880000114440918, 0.3702999949455261, 0.3716000020503998, 0.36500000953674316, 0.39320001006126404, 0.3546999990940094, 0.38179999589920044, 0.3619000017642975, 0.3797999918460846, 0.3799000084400177, 0.3741999864578247, 0.3637999892234802, 0.35910001397132874, 0.38029998540878296, 0.37049999833106995, 0.37860000133514404, 0.36739999055862427, 0.375900000333786, 0.3610999882221222, 0.36469998955726624, 0.352400004863739, 0.37299999594688416, 0.3499999940395355, 0.3564999997615814], "AFA": [0.45320001244544983, 0.3084999918937683, 0.25360000133514404, 0.227400004863739, 0.2102999985218048, 0.19820000231266022, 0.19349999725818634, 0.18569999933242798, 0.18219999969005585, 0.18019999563694, 0.17820000648498535, 0.1729000061750412, 0.17010000348091125, 0.1737000048160553, 0.17239999771118164, 0.1704999953508377, 0.16680000722408295, 0.1679999977350235, 0.1665000021457672, 0.17190000414848328, 0.16419999301433563, 0.16519999504089355, 0.1615999937057495, 0.16369999945163727, 0.16269999742507935, 0.16429999470710754, 0.16120000183582306, 0.164000004529953, 0.16349999606609344, 0.16349999606609344, 0.1615999937057495, 0.16120000183582306, 0.15929999947547913, 0.16259999573230743, 0.16140000522136688, 0.15719999372959137, 0.15729999542236328, 0.1582999974489212, 0.15559999644756317, 0.15889999270439148, 0.15230000019073486, 0.15809999406337738, 0.15809999406337738, 0.15710000693798065, 0.15940000116825104, 0.15929999947547913, 0.15970000624656677, 0.15790000557899475, 0.15839999914169312, 0.15230000019073486], "FedMGDAplus": [0.5072000026702881, 0.40560001134872437, 0.29280000925064087, 0.2547000050544739, 0.2425999939441681, 0.21570000052452087, 0.20309999585151672, 0.19499999284744263, 0.19470000267028809, 0.18770000338554382, 0.18700000643730164, 0.1873999983072281, 0.18799999356269836, 0.17980000376701355, 0.18050000071525574, 0.17980000376701355, 0.18230000138282776, 0.18219999969005585, 0.17919999361038208, 0.18209999799728394, 0.17589999735355377, 0.18369999527931213, 0.18150000274181366, 0.17499999701976776, 0.17659999430179596, 0.1800999939441681, 0.17820000648498535, 0.17509999871253967, 0.17489999532699585, 0.17739999294281006, 0.17720000445842743, 0.17820000648498535, 0.17739999294281006, 0.1753000020980835, 0.181099995970726, 0.1793999969959259, 0.18299999833106995, 0.17659999430179596, 0.17980000376701355, 0.179299995303154, 0.1768999993801117, 0.1784999966621399, 0.18299999833106995, 0.1776999980211258, 0.1898999959230423, 0.18389999866485596, 0.17520000040531158, 0.17249999940395355, 0.18649999797344208, 0.18150000274181366], "CenteredClipping": [0.5414000153541565, 0.532800018787384, 0.4399000108242035, 0.3345000147819519, 0.29899999499320984, 0.2969000041484833, 0.2784999907016754, 0.28700000047683716, 0.2590000033378601, 0.29179999232292175, 0.26159998774528503, 0.2596000134944916, 0.24959999322891235, 0.2563000023365021, 0.2393999993801117, 0.2110999971628189, 0.19949999451637268, 0.19380000233650208, 0.18860000371932983, 0.18649999797344208, 0.18310000002384186, 0.1843000054359436, 0.17739999294281006, 0.17870000004768372, 0.17630000412464142, 0.17149999737739563, 0.17319999635219574, 0.16920000314712524, 0.17080000042915344, 0.16940000653266907, 0.1703999936580658, 0.1695999950170517, 0.16740000247955322, 0.1647000014781952, 0.16539999842643738, 0.1615000069141388, 0.1624000072479248, 0.16449999809265137, 0.16290000081062317, 0.16439999639987946, 0.16120000183582306, 0.16380000114440918, 0.16380000114440918, 0.16050000488758087, 0.15889999270439148, 0.1598999947309494, 0.1598999947309494, 0.16060000658035278, 0.15940000116825104, 0.16030000150203705], "RFCL": [0.5781000256538391, 0.43560001254081726, 0.35179999470710754, 0.28940001130104065, 0.287200003862381, 0.26330000162124634, 0.27070000767707825, 0.24529999494552612, 0.2329999953508377, 0.21130000054836273, 0.21549999713897705, 0.1898999959230423, 0.1867000013589859, 0.18410000205039978, 0.17810000479221344, 0.1761000007390976, 0.1746000051498413, 0.17919999361038208, 0.17229999601840973, 0.17319999635219574, 0.17100000381469727, 0.17440000176429749, 0.17180000245571136, 0.17090000212192535, 0.16760000586509705, 0.1673000007867813, 0.1673000007867813, 0.1678999960422516, 0.16359999775886536, 0.1648000031709671, 0.164900004863739, 0.16329999268054962, 0.16200000047683716, 0.16290000081062317, 0.16089999675750732, 0.15970000624656677, 0.1599999964237213, 0.15929999947547913, 0.15870000422000885, 0.15790000557899475, 0.15710000693798065, 0.1615000069141388, 0.164900004863739, 0.156700000166893, 0.15780000388622284, 0.15559999644756317, 0.15530000627040863, 0.15780000388622284, 0.15809999406337738, 0.15629999339580536]}