{"FedAvg": [0.5300999879837036, 0.4108000099658966, 0.37929999828338623, 0.32199999690055847, 0.2980000078678131, 0.2797999978065491, 0.24969999492168427, 0.25459998846054077, 0.24289999902248383, 0.23669999837875366, 0.22869999706745148, 0.22509999573230743, 0.22280000150203705, 0.22130000591278076, 0.21850000321865082, 0.22259999811649323, 0.2176000028848648, 0.21230000257492065, 0.23080000281333923, 0.2143000066280365, 0.21320000290870667, 0.21299999952316284, 0.21860000491142273, 0.2125999927520752, 0.20810000598430634, 0.21040000021457672, 0.2092999964952469, 0.20829999446868896, 0.21130000054836273, 0.20469999313354492, 0.20730000734329224, 0.21410000324249268, 0.20340000092983246, 0.2102999985218048, 0.20970000326633453, 0.21119999885559082, 0.19910000264644623, 0.20419999957084656, 0.2013999968767166, 0.20399999618530273, 0.20559999346733093, 0.20739999413490295, 0.19930000603199005, 0.20029999315738678, 0.2011999934911728, 0.20800000429153442, 0.19859999418258667, 0.2037000060081482, 0.19990000128746033, 0.20170000195503235], "Median": [0.5199000239372253, 0.5752999782562256, 0.44359999895095825, 0.3359000086784363, 0.31929999589920044, 0.29660001397132874, 0.2824999988079071, 0.2847000062465668, 0.2572000026702881, 0.25029999017715454, 0.2696000039577484, 0.23829999566078186, 0.23199999332427979, 0.21709999442100525, 0.22689999639987946, 0.21060000360012054, 0.2094999998807907, 0.2054000049829483, 0.2021999955177307, 0.193900004029274, 0.19480000436306, 0.19370000064373016, 0.18930000066757202, 0.18469999730587006, 0.18870000541210175, 0.18359999358654022, 0.18330000340938568, 0.17829999327659607, 0.18209999799728394, 0.17649999260902405, 0.1785999983549118, 0.1800999939441681, 0.17870000004768372, 0.17579999566078186, 0.17229999601840973, 0.17960000038146973, 0.17829999327659607, 0.1736000031232834, 0.1728000044822693, 0.17649999260902405, 0.17599999904632568, 0.17599999904632568, 0.17589999735355377, 0.17339999973773956, 0.17229999601840973, 0.17520000040531158, 0.16760000586509705, 0.17110000550746918, 0.17249999940395355, 0.17589999735355377], "MKrum": [0.7357000112533569, 0.6593999862670898, 0.6223999857902527, 0.6223000288009644, 0.6327999830245972, 0.6190000176429749, 0.6252999901771545, 0.637499988079071, 0.6207000017166138, 0.6255000233650208, 0.6262000203132629, 0.6216999888420105, 0.6258000135421753, 0.644599974155426, 0.6284999847412109, 0.6542999744415283, 0.646399974822998, 0.6331999897956848, 0.6488000154495239, 0.640500009059906, 0.6622999906539917, 0.6406000256538391, 0.6894000172615051, 0.6891000270843506, 0.7680000066757202, 0.7350999712944031, 0.6923999786376953, 0.6988999843597412, 0.6809999942779541, 0.6622999906539917, 0.6917999982833862, 0.6481000185012817, 0.6295999884605408, 0.6937999725341797, 0.7433000206947327, 0.7129999995231628, 0.8259000182151794, 0.7027000188827515, 0.6751000285148621, 0.6654000282287598, 0.7074999809265137, 0.659600019454956, 0.6416000127792358, 0.7383999824523926, 0.7784000039100647, 0.6255000233650208, 0.7303000092506409, 0.6218000054359436, 0.6516000032424927, 0.6832000017166138], "AFA": [0.41690000891685486, 0.31630000472068787, 0.2565999925136566, 0.2304999977350235, 0.2160000056028366, 0.20069999992847443, 0.19349999725818634, 0.18299999833106995, 0.1809999942779541, 0.18160000443458557, 0.1785999983549118, 0.17880000174045563, 0.1720000058412552, 0.17409999668598175, 0.16850000619888306, 0.16619999706745148, 0.1712000072002411, 0.1688999980688095, 0.16920000314712524, 0.16580000519752502, 0.16169999539852142, 0.16599999368190765, 0.1662999987602234, 0.16459999978542328, 0.16259999573230743, 0.16429999470710754, 0.16429999470710754, 0.1615999937057495, 0.16179999709129333, 0.16060000658035278, 0.16040000319480896, 0.15880000591278076, 0.16050000488758087, 0.1590999960899353, 0.16220000386238098, 0.15850000083446503, 0.1590999960899353, 0.15929999947547913, 0.16050000488758087, 0.15940000116825104, 0.15800000727176666, 0.16249999403953552, 0.15780000388622284, 0.1597999930381775, 0.15729999542236328, 0.1543000042438507, 0.15559999644756317, 0.15549999475479126, 0.1607999950647354, 0.15610000491142273], "FedMGDAplus": [0.489300012588501, 0.34459999203681946, 0.28189998865127563, 0.22689999639987946, 0.2295999974012375, 0.19820000231266022, 0.19460000097751617, 0.19189999997615814, 0.1860000044107437, 0.1826000064611435, 0.18569999933242798, 0.17880000174045563, 0.18129999935626984, 0.17470000684261322, 0.17669999599456787, 0.1768999993801117, 0.17589999735355377, 0.17309999465942383, 0.17630000412464142, 0.17479999363422394, 0.17239999771118164, 0.17730000615119934, 0.17569999396800995, 0.17229999601840973, 0.17090000212192535, 0.17350000143051147, 0.17599999904632568, 0.1720000058412552, 0.17520000040531158, 0.1754000037908554, 0.17350000143051147, 0.1736000031232834, 0.17550000548362732, 0.17599999904632568, 0.16750000417232513, 0.17170000076293945, 0.18250000476837158, 0.16930000483989716, 0.17159999907016754, 0.1671999990940094, 0.17470000684261322, 0.17739999294281006, 0.1800999939441681, 0.17720000445842743, 0.17710000276565552, 0.17880000174045563, 0.17509999871253967, 0.17870000004768372, 0.18569999933242798, 0.18709999322891235], "CenteredClipping": [0.4871000051498413, 0.5336999893188477, 0.3806000053882599, 0.31349998712539673, 0.3061999976634979, 0.2881999909877777, 0.28450000286102295, 0.27390000224113464, 0.272599995136261, 0.24400000274181366, 0.26589998602867126, 0.23770000040531158, 0.2409999966621399, 0.218299999833107, 0.22529999911785126, 0.22100000083446503, 0.2206999957561493, 0.21119999885559082, 0.20509999990463257, 0.20730000734329224, 0.20350000262260437, 0.1988999992609024, 0.1932000070810318, 0.19329999387264252, 0.19349999725818634, 0.1899999976158142, 0.18619999289512634, 0.18299999833106995, 0.1850000023841858, 0.18070000410079956, 0.1850000023841858, 0.18160000443458557, 0.181099995970726, 0.17829999327659607, 0.17589999735355377, 0.18299999833106995, 0.17890000343322754, 0.17910000681877136, 0.1784999966621399, 0.17710000276565552, 0.17900000512599945, 0.17839999496936798, 0.18250000476837158, 0.1785999983549118, 0.1696999967098236, 0.17730000615119934, 0.1736000031232834, 0.17409999668598175, 0.1762000024318695, 0.17499999701976776], "RFCL": [0.5185999870300293, 0.40059998631477356, 0.30059999227523804, 0.2865000069141388, 0.26429998874664307, 0.26030001044273376, 0.23919999599456787, 0.21610000729560852, 0.2053000032901764, 0.19370000064373016, 0.19339999556541443, 0.1881999969482422, 0.17800000309944153, 0.17710000276565552, 0.17960000038146973, 0.17430000007152557, 0.17249999940395355, 0.1737000048160553, 0.1678999960422516, 0.16940000653266907, 0.16699999570846558, 0.1678999960422516, 0.1664000004529953, 0.16670000553131104, 0.17010000348091125, 0.16419999301433563, 0.16660000383853912, 0.16040000319480896, 0.16609999537467957, 0.16300000250339508, 0.16410000622272491, 0.16140000522136688, 0.16089999675750732, 0.16060000658035278, 0.16140000522136688, 0.15850000083446503, 0.1582999974489212, 0.16200000047683716, 0.15839999914169312, 0.15770000219345093, 0.15889999270439148, 0.15940000116825104, 0.15620000660419464, 0.15760000050067902, 0.16099999845027924, 0.16130000352859497, 0.15629999339580536, 0.15760000050067902, 0.15690000355243683, 0.156700000166893]}