{"FedAvg": [0.6881999969482422, 0.6013000011444092, 0.5719000101089478, 0.5562999844551086, 0.5493000149726868, 0.550599992275238, 0.5322999954223633, 0.5404000282287598, 0.5217000246047974, 0.5101000070571899, 0.4966999888420105, 0.48890000581741333, 0.47380000352859497, 0.47110000252723694, 0.46889999508857727, 0.47200000286102295, 0.4699999988079071, 0.4702000021934509, 0.46950000524520874, 0.4717999994754791, 0.4754999876022339, 0.46630001068115234, 0.47099998593330383, 0.4713999927043915, 0.4763000011444092, 0.46880000829696655, 0.475600004196167, 0.48100000619888306, 0.4765999913215637, 0.4668000042438507, 0.4700999855995178, 0.47530001401901245, 0.4724000096321106, 0.47540000081062317, 0.46869999170303345, 0.46160000562667847, 0.47450000047683716, 0.4722000062465668, 0.47200000286102295, 0.47200000286102295, 0.46630001068115234, 0.46389999985694885, 0.4611000120639801, 0.4708000123500824, 0.46970000863075256, 0.46709999442100525, 0.46790000796318054, 0.47450000047683716, 0.4659999907016754, 0.475600004196167], "Median": [0.5759000182151794, 0.5318999886512756, 0.47920000553131104, 0.48500001430511475, 0.4645000100135803, 0.3971000015735626, 0.36559998989105225, 0.3010999858379364, 0.28369998931884766, 0.26100000739097595, 0.2700999975204468, 0.27219998836517334, 0.23759999871253967, 0.24729999899864197, 0.23010000586509705, 0.23479999601840973, 0.23690000176429749, 0.23389999568462372, 0.22550000250339508, 0.22130000591278076, 0.2160000056028366, 0.22050000727176666, 0.2152000069618225, 0.2101999968290329, 0.2087000012397766, 0.20640000700950623, 0.20170000195503235, 0.2084999978542328, 0.20389999449253082, 0.2037000060081482, 0.20280000567436218, 0.2076999992132187, 0.20229999721050262, 0.20160000026226044, 0.21089999377727509, 0.19939999282360077, 0.19920000433921814, 0.19789999723434448, 0.20239999890327454, 0.20059999823570251, 0.2054000049829483, 0.21089999377727509, 0.20520000159740448, 0.21040000021457672, 0.2079000025987625, 0.2020999938249588, 0.1979999989271164, 0.19859999418258667, 0.19840000569820404, 0.20010000467300415], "MKrum": [0.8007000088691711, 0.9000999927520752, 0.7990000247955322, 0.901199996471405, 0.8036999702453613, 0.7957000136375427, 0.8159000277519226, 0.899399995803833, 0.7936999797821045, 0.8999999761581421, 0.8774999976158142, 0.7965999841690063, 0.8004000186920166, 0.8489000201225281, 0.8047999739646912, 0.7922999858856201, 0.8996999859809875, 0.6958000063896179, 0.864799976348877, 0.7649000287055969, 0.8216999769210815, 0.782800018787384, 0.8061000108718872, 0.7357000112533569, 0.8888000249862671, 0.8073999881744385, 0.8068000078201294, 0.8057000041007996, 0.8125, 0.8863999843597412, 0.7476999759674072, 0.89410001039505, 0.8022000193595886, 0.7742000222206116, 0.7692000269889832, 0.8345999717712402, 0.7728999853134155, 0.8895000219345093, 0.8483999967575073, 0.6504999995231628, 0.7120000123977661, 0.8999999761581421, 0.6747000217437744, 0.7549999952316284, 0.8016999959945679, 0.8991000056266785, 0.7638000249862671, 0.8289999961853027, 0.8054999709129333, 0.8999999761581421], "AFA": [0.49380001425743103, 0.37290000915527344, 0.2669999897480011, 0.23720000684261322, 0.21469999849796295, 0.2012999951839447, 0.1898999959230423, 0.18490000069141388, 0.1826999932527542, 0.18060000240802765, 0.17640000581741333, 0.17299999296665192, 0.17329999804496765, 0.1695999950170517, 0.17190000414848328, 0.1695999950170517, 0.1680999994277954, 0.16519999504089355, 0.17020000517368317, 0.163100004196167, 0.16840000450611115, 0.16599999368190765, 0.16660000383853912, 0.16380000114440918, 0.16169999539852142, 0.16279999911785126, 0.1671999990940094, 0.16110000014305115, 0.16169999539852142, 0.15940000116825104, 0.16259999573230743, 0.16210000216960907, 0.1589999943971634, 0.15919999778270721, 0.15929999947547913, 0.15940000116825104, 0.1599999964237213, 0.1582999974489212, 0.16110000014305115, 0.156700000166893, 0.15690000355243683, 0.16089999675750732, 0.1597999930381775, 0.15790000557899475, 0.15889999270439148, 0.15839999914169312, 0.1582999974489212, 0.15620000660419464, 0.15700000524520874, 0.15719999372959137], "FedMGDAplus": [0.6108999848365784, 0.6215000152587891, 0.5641000270843506, 0.5637000203132629, 0.5221999883651733, 0.567300021648407, 0.5315999984741211, 0.5756999850273132, 0.5774999856948853, 0.595300018787384, 0.5985999703407288, 0.6204000115394592, 0.5849000215530396, 0.5978000164031982, 0.6437000036239624, 0.6392999887466431, 0.685699999332428, 0.6884999871253967, 0.715399980545044, 0.7092000246047974, 0.7347000241279602, 0.7261000275611877, 0.8654000163078308, 0.8263999819755554, 0.8833000063896179, 0.7688000202178955, 0.8662999868392944, 0.8352000117301941, 0.8629000186920166, 0.8808000087738037, 0.9057999849319458, 0.8682000041007996, 0.9340000152587891, 0.8431000113487244, 0.9175000190734863, 0.8955000042915344, 0.9671000242233276, 0.9768999814987183, 0.9894999861717224, 0.9757000207901001, 0.9957000017166138, 0.9620000123977661, 0.960099995136261, 0.9900000095367432, 0.9794999957084656, 0.9470000267028809, 0.9661999940872192, 0.9776999950408936, 0.9233999848365784, 0.871999979019165], "CenteredClipping": [0.6177999973297119, 0.5982000231742859, 0.5837000012397766, 0.5324000120162964, 0.5508000254631042, 0.5570999979972839, 0.5342000126838684, 0.5461999773979187, 0.5357999801635742, 0.508400022983551, 0.5005999803543091, 0.4876999855041504, 0.4823000133037567, 0.4880000054836273, 0.4860000014305115, 0.47589999437332153, 0.46790000796318054, 0.43149998784065247, 0.446399986743927, 0.4424999952316284, 0.46369999647140503, 0.44780001044273376, 0.4487999975681305, 0.43880000710487366, 0.430400013923645, 0.4553999900817871, 0.4323999881744385, 0.43309998512268066, 0.4564000070095062, 0.44530001282691956, 0.4569999873638153, 0.45840001106262207, 0.4498000144958496, 0.4372999966144562, 0.4489000141620636, 0.43529999256134033, 0.4408000111579895, 0.44780001044273376, 0.4431999921798706, 0.44209998846054077, 0.435699999332428, 0.4478999972343445, 0.426800012588501, 0.45019999146461487, 0.4372999966144562, 0.4359999895095825, 0.4478999972343445, 0.4375999867916107, 0.4510999917984009, 0.46129998564720154], "RFCL": [0.5723000168800354, 0.4169999957084656, 0.35929998755455017, 0.3125, 0.2766000032424927, 0.2761000096797943, 0.25920000672340393, 0.24580000340938568, 0.22360000014305115, 0.2069000005722046, 0.19249999523162842, 0.1842000037431717, 0.1940000057220459, 0.1800999939441681, 0.18129999935626984, 0.17669999599456787, 0.18170000612735748, 0.17910000681877136, 0.17110000550746918, 0.1851000040769577, 0.17299999296665192, 0.18080000579357147, 0.17030000686645508, 0.17180000245571136, 0.17710000276565552, 0.17110000550746918, 0.1703999936580658, 0.1695999950170517, 0.17010000348091125, 0.16529999673366547, 0.16979999840259552, 0.1657000035047531, 0.1687999963760376, 0.16580000519752502, 0.1662999987602234, 0.1662999987602234, 0.16869999468326569, 0.16590000689029694, 0.1590999960899353, 0.1680999994277954, 0.1607999950647354, 0.16760000586509705, 0.16500000655651093, 0.15839999914169312, 0.16220000386238098, 0.16590000689029694, 0.1623000055551529, 0.15649999678134918, 0.163100004196167, 0.16439999639987946]}