{"FedAvg": [0.8952000141143799, 0.44999998807907104, 0.5224999785423279, 0.2540000081062317, 0.49779999256134033, 0.23029999434947968, 0.4747999906539917, 0.22450000047683716, 0.47290000319480896, 0.2184000015258789, 0.40310001373291016, 0.24400000274181366, 0.37400001287460327, 0.2508000135421753, 0.34290000796318054, 0.249099999666214, 0.3562999963760376, 0.24160000681877136, 0.3082999885082245, 0.2621999979019165, 0.2858999967575073, 0.25519999861717224, 0.2881999909877777, 0.262800008058548, 0.2676999866962433, 0.2434999942779541, 0.29809999465942383, 0.21699999272823334, 0.29249998927116394, 0.2190999984741211, 0.3059999942779541, 0.21279999613761902, 0.29330000281333923, 0.2345000058412552, 0.2687000036239624, 0.25690001249313354, 0.2249000072479248, 0.24660000205039978, 0.25929999351501465, 0.2150000035762787, 0.23829999566078186, 0.2498999983072281, 0.2069000005722046, 0.24809999763965607, 0.20589999854564667, 0.23520000278949738, 0.24789999425411224, 0.1808999925851822, 0.26109999418258667, 0.18559999763965607], "Median": [0.8999999761581421, 0.8144999742507935, 0.8999000191688538, 0.781499981880188, 0.8913000226020813, 0.7832000255584717, 0.8529999852180481, 0.7064999938011169, 0.7615000009536743, 0.5541999936103821, 0.8040000200271606, 0.785099983215332, 0.7454000115394592, 0.7796000242233276, 0.6958000063896179, 0.7354999780654907, 0.7071999907493591, 0.6797000169754028, 0.6722999811172485, 0.6107000112533569, 0.6751000285148621, 0.6682999730110168, 0.6351000070571899, 0.6468999981880188, 0.6543999910354614, 0.6338000297546387, 0.6362000107765198, 0.6018999814987183, 0.6272000074386597, 0.6437000036239624, 0.5899999737739563, 0.6288999915122986, 0.546999990940094, 0.555899977684021, 0.4984999895095825, 0.5968999862670898, 0.6061000227928162, 0.5515000224113464, 0.5931000113487244, 0.5483999848365784, 0.6026999950408936, 0.5860000252723694, 0.5612000226974487, 0.5938000082969666, 0.5863999724388123, 0.5065000057220459, 0.567300021648407, 0.5767999887466431, 0.6004999876022339, 0.5738000273704529], "MKrum": [0.8999999761581421, 0.531000018119812, 0.7865999937057495, 0.31869998574256897, 0.7932999730110168, 0.2856000065803528, 0.7488999962806702, 0.29030001163482666, 0.7307999730110168, 0.25859999656677246, 0.6815999746322632, 0.23229999840259552, 0.7089999914169312, 0.23229999840259552, 0.6955000162124634, 0.23170000314712524, 0.7063000202178955, 0.2345999926328659, 0.6800000071525574, 0.26420000195503235, 0.6638000011444092, 0.2563999891281128, 0.6850000023841858, 0.22280000150203705, 0.6707000136375427, 0.263700008392334, 0.6523000001907349, 0.23970000445842743, 0.6682000160217285, 0.21930000185966492, 0.722100019454956, 0.20829999446868896, 0.6909000277519226, 0.2671000063419342, 0.6510000228881836, 0.25200000405311584, 0.6614000201225281, 0.22939999401569366, 0.6899999976158142, 0.20970000326633453, 0.7225000262260437, 0.2167000025510788, 0.6977999806404114, 0.21529999375343323, 0.6952000260353088, 0.2207999974489212, 0.6661999821662903, 0.2199999988079071, 0.6651999950408936, 0.24459999799728394], "AFA": [0.8999999761581421, 0.45190000534057617, 0.6693000197410583, 0.3467999994754791, 0.6139000058174133, 0.2644999921321869, 0.5304999947547913, 0.27000001072883606, 0.5156000256538391, 0.24959999322891235, 0.48500001430511475, 0.271699994802475, 0.4729999899864197, 0.25099998712539673, 0.46129998564720154, 0.2612000107765198, 0.4661000072956085, 0.24799999594688416, 0.46810001134872437, 0.24320000410079956, 0.43149998784065247, 0.28220000863075256, 0.3864000141620636, 0.2903999984264374, 0.33230000734329224, 0.301800012588501, 0.3458999991416931, 0.29899999499320984, 0.33000001311302185, 0.29030001163482666, 0.28610000014305115, 0.2856999933719635, 0.3231000006198883, 0.27880001068115234, 0.33730000257492065, 0.23800000548362732, 0.3928000032901764, 0.23119999468326569, 0.3571000099182129, 0.23770000040531158, 0.33059999346733093, 0.24120000004768372, 0.3230000138282776, 0.23160000145435333, 0.3637999892234802, 0.22390000522136688, 0.34790000319480896, 0.22310000658035278, 0.3587999939918518, 0.19750000536441803], "FedMGDAplus": [0.8999999761581421, 0.8982999920845032, 0.6474999785423279, 0.8960000276565552, 0.7473000288009644, 0.8428999781608582, 0.7469000220298767, 0.8618000149726868, 0.7265999913215637, 0.895799994468689, 0.6945000290870667, 0.8996000289916992, 0.8758999705314636, 0.8302000164985657, 0.8833000063896179, 0.8517000079154968, 0.8888999819755554, 0.8734999895095825, 0.8938000202178955, 0.8823000192642212, 0.8948000073432922, 0.8873000144958496, 0.8974999785423279, 0.8928999900817871, 0.8978000283241272, 0.8938999772071838, 0.897599995136261, 0.8989999890327454, 0.8995000123977661, 0.8991000056266785, 0.8998000025749207, 0.8999000191688538, 0.8998000025749207, 0.8999999761581421, 0.8999999761581421, 0.8999999761581421, 0.8999999761581421, 0.8999999761581421, 0.8999999761581421, 0.8999999761581421, 0.8999999761581421, 0.8999999761581421, 0.8999999761581421, 0.8999999761581421, 0.8999999761581421, 0.8999999761581421, 0.8999999761581421, 0.8999999761581421, 0.8999999761581421, 0.8999999761581421], "CenteredClipping": [0.8999999761581421, 0.8999999761581421, 0.7712000012397766, 0.8564000129699707, 0.6847000122070312, 0.8033000230789185, 0.6407999992370605, 0.7656999826431274, 0.5699999928474426, 0.6780999898910522, 0.593999981880188, 0.6172999739646912, 0.5791000127792358, 0.6079000234603882, 0.5109999775886536, 0.6104999780654907, 0.5756000280380249, 0.6111999750137329, 0.6080999970436096, 0.5712000131607056, 0.6341000199317932, 0.5619999766349792, 0.621999979019165, 0.555400013923645, 0.6159999966621399, 0.5738999843597412, 0.5625, 0.5978000164031982, 0.5878000259399414, 0.5565000176429749, 0.598800003528595, 0.5756999850273132, 0.5800999999046326, 0.5468000173568726, 0.5990999937057495, 0.538100004196167, 0.597000002861023, 0.5001999735832214, 0.6201000213623047, 0.5213000178337097, 0.6075000166893005, 0.5907999873161316, 0.5672000050544739, 0.5795999765396118, 0.5230000019073486, 0.5679000020027161, 0.5717999935150146, 0.5231000185012817, 0.5974000096321106, 0.5145000219345093], "RFCL": [0.5029000043869019, 0.8999999761581421, 0.2556999921798706, 0.24079999327659607, 0.211899995803833, 0.20409999787807465, 0.19140000641345978, 0.18529999256134033, 0.18389999866485596, 0.17829999327659607, 0.17800000309944153, 0.18860000371932983, 0.17810000479221344, 0.17489999532699585, 0.1736000031232834, 0.16910000145435333, 0.1712000072002411, 0.1679999977350235, 0.16750000417232513, 0.16619999706745148, 0.17309999465942383, 0.1665000021457672, 0.16699999570846558, 0.1657000035047531, 0.17219999432563782, 0.16509999334812164, 0.1662999987602234, 0.16689999401569366, 0.17080000042915344, 0.1647000014781952, 0.1664000004529953, 0.16449999809265137, 0.16359999775886536, 0.16369999945163727, 0.1632000058889389, 0.16269999742507935, 0.164900004863739, 0.1632000058889389, 0.15889999270439148, 0.1655000001192093, 0.15800000727176666, 0.16220000386238098, 0.16189999878406525, 0.15919999778270721, 0.16210000216960907, 0.16030000150203705, 0.16179999709129333, 0.16259999573230743, 0.15860000252723694, 0.1662999987602234]}