{"FedAvg": [0.9089000225067139, 0.8876000046730042, 0.8899000287055969, 0.8784000277519226, 0.8873999714851379, 0.8971999883651733, 0.892799973487854, 0.8978000283241272, 0.8949000239372253, 0.90420001745224, 0.8956999778747559, 0.8953999876976013, 0.8981000185012817, 0.8942000269889832, 0.9072999954223633, 0.8970000147819519, 0.8852999806404114, 0.8860999941825867, 0.8946999907493591, 0.892799973487854, 0.8866999745368958, 0.8883000016212463, 0.8823000192642212, 0.8842999935150146, 0.880299985408783, 0.8848999738693237, 0.8802000284194946, 0.8787999749183655, 0.8754000067710876, 0.8765000104904175, 0.8737000226974487, 0.8671000003814697, 0.8683000206947327, 0.8772000074386597, 0.878000020980835, 0.8741000294685364, 0.8730999827384949, 0.8747000098228455, 0.8745999932289124, 0.8770999908447266, 0.8779000043869019, 0.8848999738693237, 0.8790000081062317, 0.8719000220298767, 0.8766000270843506, 0.871999979019165, 0.8733999729156494, 0.8835999965667725, 0.8847000002861023, 0.8880000114440918], "Median": [0.5968000292778015, 0.5314000248908997, 0.4189000129699707, 0.30309998989105225, 0.28949999809265137, 0.26170000433921814, 0.24220000207424164, 0.24269999563694, 0.22210000455379486, 0.22220000624656677, 0.2176000028848648, 0.21170000731945038, 0.2093999981880188, 0.20880000293254852, 0.21050000190734863, 0.20409999787807465, 0.19619999825954437, 0.18809999525547028, 0.1891999989748001, 0.1843000054359436, 0.17599999904632568, 0.17759999632835388, 0.1776999980211258, 0.17430000007152557, 0.17820000648498535, 0.17399999499320984, 0.1695999950170517, 0.16760000586509705, 0.1680999994277954, 0.16670000553131104, 0.16769999265670776, 0.16769999265670776, 0.16590000689029694, 0.1624000072479248, 0.15860000252723694, 0.16220000386238098, 0.15950000286102295, 0.16200000047683716, 0.16060000658035278, 0.16089999675750732, 0.16500000655651093, 0.1599999964237213, 0.1615000069141388, 0.16050000488758087, 0.16329999268054962, 0.15729999542236328, 0.15860000252723694, 0.15559999644756317, 0.1581999957561493, 0.15790000557899475], "MKrum": [0.9016000032424927, 0.8924999833106995, 0.9180999994277954, 0.9120000004768372, 0.9035000205039978, 0.9162999987602234, 0.9083999991416931, 0.9172999858856201, 0.8996000289916992, 0.914900004863739, 0.9136999845504761, 0.8949999809265137, 0.892799973487854, 0.8931000232696533, 0.8986999988555908, 0.8953999876976013, 0.8970999717712402, 0.895799994468689, 0.9014000296592712, 0.8966000080108643, 0.8870999813079834, 0.8935999870300293, 0.892300009727478, 0.892799973487854, 0.8939999938011169, 0.8956999778747559, 0.8989999890327454, 0.8959000110626221, 0.8788999915122986, 0.88919997215271, 0.8833000063896179, 0.8758000135421753, 0.8928999900817871, 0.8937000036239624, 0.894599974155426, 0.9016000032424927, 0.9053999781608582, 0.9016000032424927, 0.9068999886512756, 0.8938000202178955, 0.8907999992370605, 0.8998000025749207, 0.8852999806404114, 0.8740000128746033, 0.892300009727478, 0.8960999846458435, 0.9079999923706055, 0.8934999704360962, 0.8949000239372253, 0.8928999900817871], "AFA": [0.5842999815940857, 0.8781999945640564, 0.8946999907493591, 0.8942999839782715, 0.8898000121116638, 0.8751000165939331, 0.8833000063896179, 0.885200023651123, 0.8992000222206116, 0.8841999769210815, 0.8870999813079834, 0.8701000213623047, 0.8676999807357788, 0.8726999759674072, 0.8614000082015991, 0.8621000051498413, 0.8629000186920166, 0.8719000220298767, 0.8725000023841858, 0.8745999932289124, 0.8666999936103821, 0.8600999712944031, 0.858299970626831, 0.859499990940094, 0.8615999817848206, 0.8668000102043152, 0.8715999722480774, 0.8603000044822693, 0.8662999868392944, 0.8587999939918518, 0.858299970626831, 0.8567000031471252, 0.8500000238418579, 0.8619999885559082, 0.8593000173568726, 0.8623999953269958, 0.8424000144004822, 0.8440999984741211, 0.8450000286102295, 0.8292999863624573, 0.8353999853134155, 0.8486999869346619, 0.8474000096321106, 0.8373000025749207, 0.8478000164031982, 0.8454999923706055, 0.8479999899864197, 0.8497999906539917, 0.8525000214576721, 0.8593999743461609], "FedMGDAplus": [0.8978000283241272, 0.8889999985694885, 0.8747000098228455, 0.8781999945640564, 0.8991000056266785, 0.8942000269889832, 0.892300009727478, 0.8937000036239624, 0.8924999833106995, 0.8909000158309937, 0.89410001039505, 0.8909000158309937, 0.8930000066757202, 0.8858000040054321, 0.8917999863624573, 0.8855999708175659, 0.8792999982833862, 0.8769000172615051, 0.8751999735832214, 0.8761000037193298, 0.880299985408783, 0.8794000148773193, 0.8758000135421753, 0.8766999840736389, 0.8752999901771545, 0.8680999875068665, 0.8737999796867371, 0.840399980545044, 0.8755999803543091, 0.878600001335144, 0.8783000111579895, 0.8774999976158142, 0.8773000240325928, 0.8743000030517578, 0.8738999962806702, 0.8705999851226807, 0.8668000102043152, 0.8666999936103821, 0.8654000163078308, 0.8666999936103821, 0.8654999732971191, 0.8398000001907349, 0.8418999910354614, 0.8396999835968018, 0.840399980545044, 0.8413000106811523, 0.8406000137329102, 0.840399980545044, 0.8245000243186951, 0.8237000107765198], "CenteredClipping": [0.9002000093460083, 0.9003999829292297, 0.8903999924659729, 0.8837000131607056, 0.8953999876976013, 0.8946999907493591, 0.9023000001907349, 0.9028000235557556, 0.8889999985694885, 0.885699987411499, 0.8794000148773193, 0.8600999712944031, 0.8806999921798706, 0.8866000175476074, 0.8853999972343445, 0.887499988079071, 0.8751000165939331, 0.8761000037193298, 0.8801000118255615, 0.8841000199317932, 0.8907999992370605, 0.8952000141143799, 0.8826000094413757, 0.8945000171661377, 0.8880000114440918, 0.8917999863624573, 0.8967000246047974, 0.8906000256538391, 0.8906999826431274, 0.8805999755859375, 0.8831999897956848, 0.8888999819755554, 0.8914999961853027, 0.8901000022888184, 0.8866000175476074, 0.8920999765396118, 0.8884999752044678, 0.888700008392334, 0.8845999836921692, 0.8720999956130981, 0.8718000054359436, 0.8621000051498413, 0.8580999970436096, 0.8575999736785889, 0.8629000186920166, 0.8560000061988831, 0.8704000115394592, 0.8748999834060669, 0.8702999949455261, 0.8738999962806702], "RFCL": [0.6028000116348267, 0.39879998564720154, 0.2687999904155731, 0.2484000027179718, 0.2264000028371811, 0.22419999539852142, 0.2168000042438507, 0.21850000321865082, 0.2092999964952469, 0.2054000049829483, 0.19130000472068787, 0.1850000023841858, 0.1826999932527542, 0.1826000064611435, 0.17890000343322754, 0.17730000615119934, 0.1745000034570694, 0.17419999837875366, 0.17489999532699585, 0.17419999837875366, 0.17409999668598175, 0.17080000042915344, 0.17180000245571136, 0.1761000007390976, 0.1696999967098236, 0.1712000072002411, 0.1720999926328659, 0.17090000212192535, 0.16820000112056732, 0.16990000009536743, 0.1664000004529953, 0.1647000014781952, 0.1657000035047531, 0.16990000009536743, 0.1632000058889389, 0.163100004196167, 0.16519999504089355, 0.1623000055551529, 0.16329999268054962, 0.1665000021457672, 0.16429999470710754, 0.1662999987602234, 0.16840000450611115, 0.1670999974012375, 0.1704999953508377, 0.1656000018119812, 0.1662999987602234, 0.16500000655651093, 0.16660000383853912, 0.16670000553131104]}