{"FedAvg": [0.4984999895095825, 0.33160001039505005, 0.26989999413490295, 0.2694000005722046, 0.22910000383853912, 0.21629999577999115, 0.2076999992132187, 0.19349999725818634, 0.19619999825954437, 0.18809999525547028, 0.18559999763965607, 0.18389999866485596, 0.1809999942779541, 0.17829999327659607, 0.17800000309944153, 0.17839999496936798, 0.17059999704360962, 0.17679999768733978, 0.17520000040531158, 0.1704999953508377, 0.17720000445842743, 0.17219999432563782, 0.16779999434947968, 0.1761000007390976, 0.16750000417232513, 0.1673000007867813, 0.1673000007867813, 0.17010000348091125, 0.16979999840259552, 0.1662999987602234, 0.16369999945163727, 0.1671999990940094, 0.1624000072479248, 0.16269999742507935, 0.16609999537467957, 0.16339999437332153, 0.1647000014781952, 0.163100004196167, 0.16140000522136688, 0.16210000216960907, 0.1662999987602234, 0.16169999539852142, 0.16769999265670776, 0.16329999268054962, 0.16130000352859497, 0.16030000150203705, 0.16040000319480896, 0.1599999964237213, 0.1597999930381775, 0.16439999639987946], "Median": [0.5752999782562256, 0.5742999911308289, 0.451200008392334, 0.36320000886917114, 0.30329999327659607, 0.2964000105857849, 0.296099990606308, 0.2842000126838684, 0.2816999852657318, 0.2791999876499176, 0.26739999651908875, 0.26489999890327454, 0.25769999623298645, 0.2612999975681305, 0.2483000010251999, 0.2434999942779541, 0.23469999432563782, 0.22349999845027924, 0.22349999845027924, 0.2199999988079071, 0.19939999282360077, 0.20960000157356262, 0.193900004029274, 0.18940000236034393, 0.1923999935388565, 0.19050000607967377, 0.19210000336170197, 0.18469999730587006, 0.18979999423027039, 0.18160000443458557, 0.17970000207424164, 0.181099995970726, 0.17870000004768372, 0.17509999871253967, 0.1793999969959259, 0.17180000245571136, 0.17430000007152557, 0.17820000648498535, 0.17409999668598175, 0.1720999926328659, 0.17669999599456787, 0.16779999434947968, 0.17219999432563782, 0.16500000655651093, 0.1688999980688095, 0.1671999990940094, 0.16449999809265137, 0.17170000076293945, 0.16509999334812164, 0.16769999265670776], "MKrum": [0.516700029373169, 0.42100000381469727, 0.3084999918937683, 0.27959999442100525, 0.26109999418258667, 0.24950000643730164, 0.2425999939441681, 0.2493000030517578, 0.2280000001192093, 0.21660000085830688, 0.21060000360012054, 0.19939999282360077, 0.19550000131130219, 0.2159000039100647, 0.19850000739097595, 0.1876000016927719, 0.1915999948978424, 0.1973000019788742, 0.1850000023841858, 0.19370000064373016, 0.18950000405311584, 0.1931000053882599, 0.18690000474452972, 0.1899999976158142, 0.18289999663829803, 0.18930000066757202, 0.19030000269412994, 0.18520000576972961, 0.188400000333786, 0.2061000019311905, 0.18930000066757202, 0.18809999525547028, 0.18889999389648438, 0.1842000037431717, 0.19499999284744263, 0.18330000340938568, 0.1834000051021576, 0.188400000333786, 0.18880000710487366, 0.18709999322891235, 0.1932000070810318, 0.18279999494552612, 0.18790000677108765, 0.18520000576972961, 0.1914999932050705, 0.18209999799728394, 0.1891999989748001, 0.18649999797344208, 0.18389999866485596, 0.1875], "AFA": [0.5242999792098999, 0.35569998621940613, 0.2827000021934509, 0.2703999876976013, 0.25940001010894775, 0.2513999938964844, 0.21969999372959137, 0.20919999480247498, 0.21649999916553497, 0.19869999587535858, 0.20010000467300415, 0.1923000067472458, 0.20000000298023224, 0.1860000044107437, 0.1868000030517578, 0.18250000476837158, 0.18000000715255737, 0.17659999430179596, 0.18170000612735748, 0.17560000717639923, 0.17599999904632568, 0.17870000004768372, 0.17739999294281006, 0.17759999632835388, 0.17239999771118164, 0.17299999296665192, 0.17090000212192535, 0.1664000004529953, 0.1704999953508377, 0.17159999907016754, 0.16680000722408295, 0.1695999950170517, 0.16249999403953552, 0.16619999706745148, 0.1754000037908554, 0.16740000247955322, 0.16670000553131104, 0.15770000219345093, 0.17090000212192535, 0.1615000069141388, 0.16099999845027924, 0.1623000055551529, 0.16220000386238098, 0.16030000150203705, 0.1606999933719635, 0.16089999675750732, 0.16089999675750732, 0.1670999974012375, 0.16369999945163727, 0.16120000183582306], "FedMGDAplus": [0.5925999879837036, 0.4422999918460846, 0.36480000615119934, 0.29679998755455017, 0.3310999870300293, 0.27160000801086426, 0.2648000121116638, 0.2612000107765198, 0.2540999948978424, 0.22360000014305115, 0.23989999294281006, 0.2151000052690506, 0.226500004529953, 0.21130000054836273, 0.20649999380111694, 0.2125999927520752, 0.20399999618530273, 0.20909999310970306, 0.20630000531673431, 0.1973000019788742, 0.18950000405311584, 0.19840000569820404, 0.19679999351501465, 0.1940000057220459, 0.19869999587535858, 0.20520000159740448, 0.2029000073671341, 0.20110000669956207, 0.20800000429153442, 0.1931000053882599, 0.20600000023841858, 0.19949999451637268, 0.2079000025987625, 0.19130000472068787, 0.20190000534057617, 0.20160000026226044, 0.21469999849796295, 0.20800000429153442, 0.20960000157356262, 0.21459999680519104, 0.2085999995470047, 0.20280000567436218, 0.20440000295639038, 0.2143000066280365, 0.21379999816417694, 0.20630000531673431, 0.20730000734329224, 0.2084999978542328, 0.23000000417232513, 0.21780000627040863], "CenteredClipping": [0.5479999780654907, 0.5340999960899353, 0.4226999878883362, 0.31060001254081726, 0.2915000021457672, 0.28529998660087585, 0.27570000290870667, 0.2741999924182892, 0.25850000977516174, 0.272599995136261, 0.23759999871253967, 0.24719999730587006, 0.23309999704360962, 0.2101999968290329, 0.2159000039100647, 0.19619999825954437, 0.20589999854564667, 0.20010000467300415, 0.19130000472068787, 0.19099999964237213, 0.18809999525547028, 0.18520000576972961, 0.18129999935626984, 0.18330000340938568, 0.18950000405311584, 0.17810000479221344, 0.18299999833106995, 0.1745000034570694, 0.18310000002384186, 0.17309999465942383, 0.17499999701976776, 0.17669999599456787, 0.17399999499320984, 0.17170000076293945, 0.17190000414848328, 0.17270000278949738, 0.17579999566078186, 0.17350000143051147, 0.16869999468326569, 0.17180000245571136, 0.1712000072002411, 0.16830000281333923, 0.1696999967098236, 0.16220000386238098, 0.16740000247955322, 0.16140000522136688, 0.1678999960422516, 0.16769999265670776, 0.16220000386238098, 0.16500000655651093], "RFCL": [0.6597999930381775, 0.4602999985218048, 0.4088999927043915, 0.30970001220703125, 0.2791999876499176, 0.28139999508857727, 0.2822999954223633, 0.24160000681877136, 0.2484000027179718, 0.23019999265670776, 0.2320999950170517, 0.21199999749660492, 0.2037999927997589, 0.22750000655651093, 0.1973000019788742, 0.19580000638961792, 0.18889999389648438, 0.1941000074148178, 0.1754000037908554, 0.18870000541210175, 0.18619999289512634, 0.17910000681877136, 0.18000000715255737, 0.18369999527931213, 0.18019999563694, 0.17919999361038208, 0.1785999983549118, 0.17919999361038208, 0.1720000058412552, 0.17319999635219574, 0.17749999463558197, 0.17479999363422394, 0.1776999980211258, 0.17399999499320984, 0.17749999463558197, 0.17139999568462372, 0.1754000037908554, 0.16930000483989716, 0.17010000348091125, 0.17010000348091125, 0.17319999635219574, 0.16609999537467957, 0.1680999994277954, 0.1736000031232834, 0.1704999953508377, 0.16760000586509705, 0.16820000112056732, 0.16539999842643738, 0.16769999265670776, 0.17030000686645508]}