{"FedAvg": [0.8999999761581421, 0.8949000239372253, 0.6754999756813049, 0.8719000220298767, 0.47040000557899475, 0.8769000172615051, 0.3621000051498413, 0.8571000099182129, 0.3361000120639801, 0.8726000189781189, 0.3131999969482422, 0.859000027179718, 0.33239999413490295, 0.8532000184059143, 0.3352000117301941, 0.8259000182151794, 0.3855000138282776, 0.7944999933242798, 0.3709000051021576, 0.7738000154495239, 0.40700000524520874, 0.7383000254631042, 0.3878999948501587, 0.7699000239372253, 0.38530001044273376, 0.754800021648407, 0.3971000015735626, 0.7680000066757202, 0.37139999866485596, 0.765500009059906, 0.36320000886917114, 0.765500009059906, 0.36649999022483826, 0.7580999732017517, 0.33239999413490295, 0.7839999794960022, 0.3637000024318695, 0.7645000219345093, 0.33079999685287476, 0.7871999740600586, 0.3230000138282776, 0.7748000025749207, 0.3508000075817108, 0.7455000281333923, 0.3727000057697296, 0.738099992275238, 0.321399986743927, 0.7569000124931335, 0.3393999934196472, 0.7443000078201294], "Median": [0.8999999761581421, 0.8999999761581421, 0.8999999761581421, 0.8999999761581421, 0.8999999761581421, 0.8999999761581421, 0.8999999761581421, 0.8999999761581421, 0.8999999761581421, 0.8999999761581421, 0.8999999761581421, 0.8999999761581421, 0.8999999761581421, 0.8999999761581421, 0.8999999761581421, 0.8999999761581421, 0.8999999761581421, 0.8999999761581421, 0.8999999761581421, 0.8999999761581421, 0.8999999761581421, 0.8999999761581421, 0.8999999761581421, 0.8999999761581421, 0.8999999761581421, 0.8999999761581421, 0.8999999761581421, 0.8999999761581421, 0.8999999761581421, 0.8999999761581421, 0.8999999761581421, 0.8999999761581421, 0.8999999761581421, 0.8999999761581421, 0.8999999761581421, 0.8999999761581421, 0.8999999761581421, 0.8999999761581421, 0.8999999761581421, 0.8999999761581421, 0.8999999761581421, 0.8999999761581421, 0.8999999761581421, 0.8999999761581421, 0.8999999761581421, 0.8999999761581421, 0.8999999761581421, 0.8999999761581421, 0.8999999761581421, 0.8999999761581421], "MKrum": [0.8999999761581421, 0.7350000143051147, 0.8411999940872192, 0.37689998745918274, 0.8931999802589417, 0.28690001368522644, 0.8668000102043152, 0.2581000030040741, 0.8447999954223633, 0.26350000500679016, 0.8399999737739563, 0.23890000581741333, 0.8356999754905701, 0.24500000476837158, 0.8263999819755554, 0.24729999899864197, 0.8123999834060669, 0.26100000739097595, 0.8154000043869019, 0.2515000104904175, 0.8353999853134155, 0.2578999996185303, 0.8281000256538391, 0.24690000712871552, 0.8411999940872192, 0.25859999656677246, 0.8240000009536743, 0.24250000715255737, 0.836899995803833, 0.25859999656677246, 0.8345000147819519, 0.25360000133514404, 0.8295000195503235, 0.24289999902248383, 0.8051000237464905, 0.25589999556541443, 0.8104000091552734, 0.24230000376701355, 0.8373000025749207, 0.24889999628067017, 0.8323000073432922, 0.24269999563694, 0.8170999884605408, 0.24199999868869781, 0.8291000127792358, 0.24220000207424164, 0.8058000206947327, 0.26019999384880066, 0.8126999735832214, 0.24250000715255737], "AFA": [0.8999999761581421, 0.8999999761581421, 0.8999999761581421, 0.8999999761581421, 0.8999999761581421, 0.8999999761581421, 0.8999999761581421, 0.8999999761581421, 0.8999999761581421, 0.8999999761581421, 0.8999999761581421, 0.8999999761581421, 0.8999999761581421, 0.8999999761581421, 0.8999999761581421, 0.8999999761581421, 0.8999999761581421, 0.8999999761581421, 0.8999999761581421, 0.8999999761581421, 0.8999999761581421, 0.8999999761581421, 0.8999999761581421, 0.8999999761581421, 0.8999999761581421, 0.8999999761581421, 0.8999999761581421, 0.8999999761581421, 0.8999999761581421, 0.8999999761581421, 0.8999999761581421, 0.8999999761581421, 0.8999999761581421, 0.8999999761581421, 0.8999999761581421, 0.8999999761581421, 0.8999999761581421, 0.8999999761581421, 0.8999999761581421, 0.8999999761581421, 0.8999999761581421, 0.8999999761581421, 0.8999999761581421, 0.8999999761581421, 0.8999999761581421, 0.8999999761581421, 0.8999999761581421, 0.8999999761581421, 0.8999999761581421, 0.8999999761581421], "FedMGDAplus": [0.8999999761581421, 0.8999999761581421, 0.8999999761581421, 0.8999999761581421, 0.8999999761581421, 0.8999999761581421, 0.8999999761581421, 0.8999999761581421, 0.8999999761581421, 0.8999999761581421, 0.8999999761581421, 0.8999999761581421, 0.8999999761581421, 0.8999999761581421, 0.8999999761581421, 0.8999999761581421, 0.8999999761581421, 0.8999999761581421, 0.8999999761581421, 0.8999999761581421, 0.8999999761581421, 0.8999999761581421, 0.8999999761581421, 0.8999999761581421, 0.8999999761581421, 0.8999999761581421, 0.8999999761581421, 0.8999999761581421, 0.8999999761581421, 0.8999999761581421, 0.8999999761581421, 0.8999999761581421, 0.8999999761581421, 0.8999999761581421, 0.8999999761581421, 0.8999999761581421, 0.8999999761581421, 0.8999999761581421, 0.8999999761581421, 0.8999999761581421, 0.8999999761581421, 0.8999999761581421, 0.8999999761581421, 0.8999999761581421, 0.8999999761581421, 0.8999999761581421, 0.8999999761581421, 0.8999999761581421, 0.8999999761581421, 0.8999999761581421], "CenteredClipping": [0.8999999761581421, 0.8999999761581421, 0.8999999761581421, 0.8999999761581421, 0.8999999761581421, 0.8999999761581421, 0.8999999761581421, 0.8999999761581421, 0.8999999761581421, 0.8999999761581421, 0.8999999761581421, 0.8999999761581421, 0.8999999761581421, 0.8999999761581421, 0.8999999761581421, 0.8999999761581421, 0.8999999761581421, 0.8999999761581421, 0.8999999761581421, 0.8999999761581421, 0.8999999761581421, 0.8999999761581421, 0.8999999761581421, 0.8999999761581421, 0.8999999761581421, 0.8999999761581421, 0.8999999761581421, 0.8999999761581421, 0.8999999761581421, 0.8999999761581421, 0.8999999761581421, 0.8999999761581421, 0.8999999761581421, 0.8999999761581421, 0.8999999761581421, 0.8999999761581421, 0.8999999761581421, 0.8999999761581421, 0.8999999761581421, 0.8999999761581421, 0.8999999761581421, 0.8999999761581421, 0.8999999761581421, 0.8999999761581421, 0.8999999761581421, 0.8999999761581421, 0.8999999761581421, 0.8999999761581421, 0.8999999761581421, 0.8999999761581421], "RFCL": [0.6437000036239624, 0.43130001425743103, 0.26969999074935913, 0.23720000684261322, 0.2232999950647354, 0.2071000039577484, 0.19859999418258667, 0.18940000236034393, 0.18940000236034393, 0.1842000037431717, 0.18219999969005585, 0.17599999904632568, 0.18219999969005585, 0.17739999294281006, 0.17100000381469727, 0.17489999532699585, 0.1761000007390976, 0.17739999294281006, 0.16920000314712524, 0.17249999940395355, 0.1754000037908554, 0.17170000076293945, 0.17219999432563782, 0.16940000653266907, 0.1688999980688095, 0.17190000414848328, 0.17069999873638153, 0.16820000112056732, 0.16990000009536743, 0.16580000519752502, 0.1665000021457672, 0.16369999945163727, 0.16590000689029694, 0.1607999950647354, 0.16439999639987946, 0.16359999775886536, 0.1623000055551529, 0.16040000319480896, 0.16120000183582306, 0.16030000150203705, 0.16840000450611115, 0.16050000488758087, 0.16539999842643738, 0.15790000557899475, 0.164900004863739, 0.15870000422000885, 0.16200000047683716, 0.16300000250339508, 0.16220000386238098, 0.1599999964237213]}