{"FedAvg": [0.8050000071525574, 0.399399995803833, 0.30489999055862427, 0.29919999837875366, 0.28139999508857727, 0.24529999494552612, 0.30160000920295715, 0.22499999403953552, 0.2955000102519989, 0.2175000011920929, 0.25440001487731934, 0.23980000615119934, 0.22849999368190765, 0.23960000276565552, 0.21289999783039093, 0.2442999929189682, 0.20059999823570251, 0.24719999730587006, 0.21619999408721924, 0.21979999542236328, 0.21080000698566437, 0.2062000036239624, 0.20659999549388885, 0.20409999787807465, 0.20080000162124634, 0.20020000636577606, 0.19629999995231628, 0.22089999914169312, 0.18479999899864197, 0.2061000019311905, 0.2167000025510788, 0.195700004696846, 0.19670000672340393, 0.17730000615119934, 0.18889999389648438, 0.19370000064373016, 0.1973000019788742, 0.19589999318122864, 0.17910000681877136, 0.1996999979019165, 0.17249999940395355, 0.1914999932050705, 0.1784999966621399, 0.18529999256134033, 0.16910000145435333, 0.18629999458789825, 0.17239999771118164, 0.18729999661445618, 0.1720999926328659, 0.1882999986410141], "Median": [0.8999999761581421, 0.5795999765396118, 0.5375000238418579, 0.5101000070571899, 0.6251999735832214, 0.4684999883174896, 0.4657999873161316, 0.4580000042915344, 0.4413999915122986, 0.4075999855995178, 0.33820000290870667, 0.35190001130104065, 0.35260000824928284, 0.3447999954223633, 0.3490999937057495, 0.3273000121116638, 0.32850000262260437, 0.35190001130104065, 0.3601999878883362, 0.31139999628067017, 0.4072999954223633, 0.2980000078678131, 0.352400004863739, 0.30480000376701355, 0.3646000027656555, 0.2896000146865845, 0.3905999958515167, 0.28870001435279846, 0.392300009727478, 0.2678999900817871, 0.40790000557899475, 0.26100000739097595, 0.40610000491142273, 0.2506999969482422, 0.29019999504089355, 0.353300005197525, 0.2540000081062317, 0.349700003862381, 0.2524999976158142, 0.3465999960899353, 0.26089999079704285, 0.38609999418258667, 0.27149999141693115, 0.3587000072002411, 0.27889999747276306, 0.31299999356269836, 0.3425999879837036, 0.30160000920295715, 0.3352000117301941, 0.3506999909877777], "MKrum": [0.8960000276565552, 0.4032999873161316, 0.6636999845504761, 0.29589998722076416, 0.6204000115394592, 0.2872999906539917, 0.5986999869346619, 0.2766999900341034, 0.5928999781608582, 0.23029999434947968, 0.607699990272522, 0.21979999542236328, 0.5781999826431274, 0.21389999985694885, 0.5583999752998352, 0.21089999377727509, 0.5662000179290771, 0.218299999833107, 0.5252000093460083, 0.2287999987602234, 0.529699981212616, 0.23190000653266907, 0.5256999731063843, 0.22689999639987946, 0.5674999952316284, 0.24150000512599945, 0.49889999628067017, 0.3181000053882599, 0.41620001196861267, 0.3402999937534332, 0.3953999876976013, 0.3476000130176544, 0.38190001249313354, 0.3903999924659729, 0.35370001196861267, 0.37070000171661377, 0.3815000057220459, 0.38089999556541443, 0.30550000071525574, 0.5026000142097473, 0.20559999346733093, 0.5514000058174133, 0.2062000036239624, 0.5685999989509583, 0.193900004029274, 0.5299999713897705, 0.21899999678134918, 0.5730000138282776, 0.21529999375343323, 0.5113999843597412], "AFA": [0.8877999782562256, 0.42750000953674316, 0.47769999504089355, 0.34040001034736633, 0.414000004529953, 0.2700999975204468, 0.4153999984264374, 0.24469999969005585, 0.3709000051021576, 0.2184000015258789, 0.3549000024795532, 0.22669999301433563, 0.3504999876022339, 0.22130000591278076, 0.32499998807907104, 0.2070000022649765, 0.30730000138282776, 0.2451000064611435, 0.24420000612735748, 0.27720001339912415, 0.22750000655651093, 0.2538999915122986, 0.22630000114440918, 0.22920000553131104, 0.24400000274181366, 0.2289000004529953, 0.22759999334812164, 0.23199999332427979, 0.2214999943971634, 0.22419999539852142, 0.2037999927997589, 0.24300000071525574, 0.1932000070810318, 0.2386000007390976, 0.2175000011920929, 0.19670000672340393, 0.24400000274181366, 0.17100000381469727, 0.24199999868869781, 0.18930000066757202, 0.21119999885559082, 0.21140000224113464, 0.18440000712871552, 0.22419999539852142, 0.1873999983072281, 0.22139999270439148, 0.19269999861717224, 0.19110000133514404, 0.1890999972820282, 0.2061000019311905], "FedMGDAplus": [0.8999999761581421, 0.7760999798774719, 0.8601999878883362, 0.6456000208854675, 0.8903999924659729, 0.5393000245094299, 0.8986999988555908, 0.6601999998092651, 0.897599995136261, 0.7017999887466431, 0.8988999724388123, 0.7682999968528748, 0.8970999717712402, 0.8173999786376953, 0.8952999711036682, 0.8651000261306763, 0.8920000195503235, 0.8596000075340271, 0.8968999981880188, 0.882099986076355, 0.8848000168800354, 0.8924000263214111, 0.8925999999046326, 0.8963000178337097, 0.89410001039505, 0.8970000147819519, 0.8980000019073486, 0.8996999859809875, 0.8999999761581421, 0.8999999761581421, 0.8999999761581421, 0.8999999761581421, 0.8998000025749207, 0.8999999761581421, 0.8999999761581421, 0.8999999761581421, 0.8999999761581421, 0.8999999761581421, 0.8999999761581421, 0.8999999761581421, 0.8999999761581421, 0.8999999761581421, 0.8999999761581421, 0.8999999761581421, 0.8999999761581421, 0.8999999761581421, 0.8999999761581421, 0.8999999761581421, 0.8999999761581421, 0.8999999761581421], "CenteredClipping": [0.8999999761581421, 0.6014000177383423, 0.7143999934196472, 0.38269999623298645, 0.6179999709129333, 0.34630000591278076, 0.48559999465942383, 0.36059999465942383, 0.325300008058548, 0.4131999909877777, 0.319599986076355, 0.3549000024795532, 0.36320000886917114, 0.32190001010894775, 0.41429999470710754, 0.34360000491142273, 0.3312000036239624, 0.33090001344680786, 0.3714999854564667, 0.2743000090122223, 0.400299996137619, 0.25459998846054077, 0.41519999504089355, 0.25870001316070557, 0.44179999828338623, 0.2526000142097473, 0.4097000062465668, 0.2822999954223633, 0.3862000107765198, 0.25429999828338623, 0.39640000462532043, 0.3222000002861023, 0.35670000314712524, 0.28189998865127563, 0.36959999799728394, 0.3452000021934509, 0.33399999141693115, 0.3138999938964844, 0.3353999853134155, 0.32749998569488525, 0.3628999888896942, 0.3199000060558319, 0.37940001487731934, 0.2985000014305115, 0.3343000113964081, 0.3361000120639801, 0.31790000200271606, 0.30970001220703125, 0.31130000948905945, 0.3140999972820282], "RFCL": [0.5935999751091003, 0.6284999847412109, 0.3555000126361847, 0.271699994802475, 0.2800000011920929, 0.24860000610351562, 0.2485000044107437, 0.21699999272823334, 0.20990000665187836, 0.19519999623298645, 0.19370000064373016, 0.195700004696846, 0.18209999799728394, 0.18400000035762787, 0.18700000643730164, 0.18160000443458557, 0.17749999463558197, 0.17910000681877136, 0.18119999766349792, 0.1703999936580658, 0.17520000040531158, 0.17309999465942383, 0.17239999771118164, 0.1720999926328659, 0.16990000009536743, 0.1712999939918518, 0.17509999871253967, 0.16269999742507935, 0.17679999768733978, 0.16619999706745148, 0.17020000517368317, 0.1670999974012375, 0.16760000586509705, 0.16899999976158142, 0.1665000021457672, 0.16699999570846558, 0.16869999468326569, 0.1680999994277954, 0.16449999809265137, 0.1687999963760376, 0.1623000055551529, 0.16429999470710754, 0.15970000624656677, 0.16349999606609344, 0.16760000586509705, 0.15919999778270721, 0.1632000058889389, 0.16300000250339508, 0.16009999811649323, 0.1607999950647354]}