{"FedAvg": [0.6711999773979187, 0.35989999771118164, 0.27410000562667847, 0.27410000562667847, 0.24230000376701355, 0.22840000689029694, 0.23489999771118164, 0.2152000069618225, 0.22519999742507935, 0.21320000290870667, 0.20419999957084656, 0.21619999408721924, 0.19429999589920044, 0.20160000026226044, 0.2004999965429306, 0.18930000066757202, 0.18960000574588776, 0.18960000574588776, 0.19089999794960022, 0.1859000027179718, 0.18549999594688416, 0.18039999902248383, 0.1923999935388565, 0.1860000044107437, 0.18060000240802765, 0.1753000020980835, 0.1889999955892563, 0.17329999804496765, 0.17679999768733978, 0.17880000174045563, 0.17219999432563782, 0.17839999496936798, 0.17329999804496765, 0.1680999994277954, 0.17440000176429749, 0.1704999953508377, 0.17260000109672546, 0.17710000276565552, 0.16539999842643738, 0.17489999532699585, 0.1793999969959259, 0.1754000037908554, 0.16859999299049377, 0.17229999601840973, 0.16249999403953552, 0.17059999704360962, 0.17170000076293945, 0.1670999974012375, 0.16519999504089355, 0.16609999537467957], "Median": [0.8669000267982483, 0.5062999725341797, 0.4973999857902527, 0.40380001068115234, 0.3449000120162964, 0.352400004863739, 0.30640000104904175, 0.3098999857902527, 0.3059999942779541, 0.2935999929904938, 0.29330000281333923, 0.2770000100135803, 0.27950000762939453, 0.28060001134872437, 0.2648000121116638, 0.2619999945163727, 0.2596000134944916, 0.27399998903274536, 0.2578999996185303, 0.2387000024318695, 0.25519999861717224, 0.24480000138282776, 0.22630000114440918, 0.2565000057220459, 0.22849999368190765, 0.2329999953508377, 0.2328999936580658, 0.23680000007152557, 0.2151000052690506, 0.22380000352859497, 0.2303999960422516, 0.21480000019073486, 0.22089999914169312, 0.20419999957084656, 0.210099995136261, 0.22290000319480896, 0.2037999927997589, 0.22339999675750732, 0.2151000052690506, 0.21119999885559082, 0.2079000025987625, 0.21060000360012054, 0.1981000006198883, 0.2093999981880188, 0.20340000092983246, 0.20900000631809235, 0.19779999554157257, 0.20739999413490295, 0.19900000095367432, 0.20479999482631683], "MKrum": [0.6111999750137329, 0.609499990940094, 0.30730000138282776, 0.295199990272522, 0.3001999855041504, 0.2912999987602234, 0.3091000020503998, 0.25760000944137573, 0.29440000653266907, 0.2784999907016754, 0.2434999942779541, 0.2797999978065491, 0.2524999976158142, 0.2865000069141388, 0.22370000183582306, 0.25540000200271606, 0.23420000076293945, 0.23919999599456787, 0.25099998712539673, 0.2538999915122986, 0.21570000052452087, 0.2655999958515167, 0.20489999651908875, 0.2694999873638153, 0.21089999377727509, 0.2700999975204468, 0.210999995470047, 0.2838999927043915, 0.2337999939918518, 0.2655999958515167, 0.21629999577999115, 0.2694999873638153, 0.2142000049352646, 0.28839999437332153, 0.22200000286102295, 0.2752000093460083, 0.21299999952316284, 0.2483000010251999, 0.21469999849796295, 0.2578999996185303, 0.21400000154972076, 0.23430000245571136, 0.24079999327659607, 0.24979999661445618, 0.21250000596046448, 0.2476000040769577, 0.20029999315738678, 0.27880001068115234, 0.22679999470710754, 0.24779999256134033], "AFA": [0.7986000180244446, 0.44290000200271606, 0.33559998869895935, 0.2782999873161316, 0.2953000068664551, 0.26589998602867126, 0.2498999983072281, 0.26579999923706055, 0.22779999673366547, 0.24799999594688416, 0.21809999644756317, 0.24729999899864197, 0.20900000631809235, 0.22089999914169312, 0.2159000039100647, 0.22470000386238098, 0.21699999272823334, 0.20260000228881836, 0.21089999377727509, 0.2079000025987625, 0.19259999692440033, 0.20270000398159027, 0.2085999995470047, 0.18850000202655792, 0.20100000500679016, 0.20080000162124634, 0.1898999959230423, 0.17960000038146973, 0.19140000641345978, 0.186599999666214, 0.19290000200271606, 0.18310000002384186, 0.1834000051021576, 0.18770000338554382, 0.18549999594688416, 0.1785999983549118, 0.18449999392032623, 0.1843000054359436, 0.18060000240802765, 0.1761000007390976, 0.17759999632835388, 0.17810000479221344, 0.1720000058412552, 0.18160000443458557, 0.17890000343322754, 0.1809999942779541, 0.17479999363422394, 0.1768999993801117, 0.17319999635219574, 0.17159999907016754], "FedMGDAplus": [0.8999999761581421, 0.5267999768257141, 0.8842999935150146, 0.47749999165534973, 0.883400022983551, 0.46309998631477356, 0.8774999976158142, 0.5608999729156494, 0.8822000026702881, 0.5705000162124634, 0.897599995136261, 0.5539000034332275, 0.8963000178337097, 0.703000009059906, 0.892300009727478, 0.7803999781608582, 0.8837000131607056, 0.8072999715805054, 0.859499990940094, 0.8615999817848206, 0.8517000079154968, 0.8817999958992004, 0.8716999888420105, 0.8701000213623047, 0.8668000102043152, 0.8707000017166138, 0.8881000280380249, 0.8788999915122986, 0.8852999806404114, 0.890500009059906, 0.8817999958992004, 0.8973000049591064, 0.8935999870300293, 0.8970000147819519, 0.8980000019073486, 0.8989999890327454, 0.8992000222206116, 0.8995000123977661, 0.8999999761581421, 0.8999999761581421, 0.8999999761581421, 0.8999999761581421, 0.8999999761581421, 0.8999000191688538, 0.8999999761581421, 0.8999999761581421, 0.8999999761581421, 0.8999999761581421, 0.8999999761581421, 0.8999999761581421], "CenteredClipping": [0.8791000247001648, 0.51419997215271, 0.4359999895095825, 0.37790000438690186, 0.31439998745918274, 0.29820001125335693, 0.2992999851703644, 0.2809000015258789, 0.28859999775886536, 0.26589998602867126, 0.2806999981403351, 0.2590999901294708, 0.2750999927520752, 0.2635999917984009, 0.2653000056743622, 0.23190000653266907, 0.2621000111103058, 0.22120000422000885, 0.257099986076355, 0.2222999930381775, 0.21240000426769257, 0.22370000183582306, 0.21060000360012054, 0.2240999937057495, 0.20999999344348907, 0.22550000250339508, 0.21940000355243683, 0.22190000116825104, 0.2069000005722046, 0.22339999675750732, 0.2152000069618225, 0.21930000185966492, 0.1973000019788742, 0.21080000698566437, 0.20919999480247498, 0.20399999618530273, 0.20180000364780426, 0.20309999585151672, 0.20270000398159027, 0.20190000534057617, 0.20010000467300415, 0.21279999613761902, 0.19519999623298645, 0.20319999754428864, 0.20579999685287476, 0.20409999787807465, 0.20340000092983246, 0.20170000195503235, 0.18979999423027039, 0.2020999938249588], "RFCL": [0.5590000152587891, 0.45509999990463257, 0.3644999861717224, 0.29409998655319214, 0.2840999960899353, 0.2667999863624573, 0.2786000072956085, 0.2223999947309494, 0.22300000488758087, 0.20810000598430634, 0.20180000364780426, 0.19750000536441803, 0.1889999955892563, 0.1899999976158142, 0.18469999730587006, 0.18799999356269836, 0.17829999327659607, 0.1875, 0.17419999837875366, 0.1785999983549118, 0.17339999973773956, 0.17749999463558197, 0.17790000140666962, 0.17309999465942383, 0.16979999840259552, 0.17309999465942383, 0.17170000076293945, 0.1655000001192093, 0.17219999432563782, 0.1687999963760376, 0.17309999465942383, 0.16169999539852142, 0.16930000483989716, 0.16859999299049377, 0.16459999978542328, 0.1624000072479248, 0.1656000018119812, 0.16339999437332153, 0.16449999809265137, 0.1647000014781952, 0.16210000216960907, 0.16369999945163727, 0.16110000014305115, 0.15860000252723694, 0.16680000722408295, 0.16120000183582306, 0.16019999980926514, 0.1582999974489212, 0.15889999270439148, 0.16509999334812164]}