{"FedAvg": [0.6830000281333923, 0.7002999782562256, 0.6797000169754028, 0.678600013256073, 0.6579999923706055, 0.6697999835014343, 0.6589999794960022, 0.678600013256073, 0.6597999930381775, 0.6992999911308289, 0.6834999918937683, 0.7074000239372253, 0.675000011920929, 0.7129999995231628, 0.667900025844574, 0.7129999995231628, 0.6895999908447266, 0.6830999851226807, 0.7093999981880188, 0.679099977016449, 0.6990000009536743, 0.6801000237464905, 0.6870999932289124, 0.7135000228881836, 0.6783000230789185, 0.6895999908447266, 0.7009000182151794, 0.7005000114440918, 0.7080000042915344, 0.6710000038146973, 0.715499997138977, 0.6748999953269958, 0.7150999903678894, 0.6680999994277954, 0.7202000021934509, 0.6805999875068665, 0.6970999836921692, 0.7035999894142151, 0.7146999835968018, 0.679099977016449, 0.7128000259399414, 0.70660001039505, 0.7200000286102295, 0.6539000272750854, 0.7318999767303467, 0.6775000095367432, 0.7192999720573425, 0.6888999938964844, 0.7084000110626221, 0.7429999709129333, 0.6718999743461609, 0.7261000275611877, 0.7002000212669373, 0.7354000210762024, 0.7128999829292297, 0.7242000102996826, 0.7166000008583069, 0.7221999764442444, 0.7139000296592712, 0.7300999760627747, 0.7355999946594238, 0.7185999751091003, 0.7339000105857849, 0.7164999842643738, 0.723800003528595, 0.7197999954223633, 0.7254999876022339, 0.7361000180244446, 0.7258999943733215, 0.7190999984741211, 0.7268999814987183, 0.7242000102996826, 0.73089998960495, 0.7153000235557556, 0.7421000003814697, 0.7172999978065491, 0.7364000082015991, 0.7063999772071838, 0.738099992275238, 0.7178000211715698, 0.7357000112533569, 0.7253999710083008, 0.7294999957084656, 0.7197999954223633, 0.7231000065803528, 0.7287999987602234, 0.7192999720573425, 0.7272999882698059, 0.717199981212616, 0.7228999733924866, 0.7325999736785889, 0.7128000259399414, 0.7289999723434448, 0.7067999839782715, 0.7164000272750854, 0.7111999988555908, 0.7186999917030334, 0.7229999899864197, 0.730400025844574, 0.7281000018119812], "Median": [0.7656000256538391, 0.7423999905586243, 0.690500020980835, 0.5879999995231628, 0.5692999958992004, 0.5580999851226807, 0.5277000069618225, 0.5196999907493591, 0.5188000202178955, 0.5131000280380249, 0.5289999842643738, 0.5120999813079834, 0.5072000026702881, 0.5141000151634216, 0.5109999775886536, 0.5260999798774719, 0.5303999781608582, 0.522599995136261, 0.5467000007629395, 0.5457000136375427, 0.5422000288963318, 0.5389999747276306, 0.5674999952316284, 0.5534999966621399, 0.5475999712944031, 0.5647000074386597, 0.5406000018119812, 0.5540000200271606, 0.5767999887466431, 0.5685999989509583, 0.5403000116348267, 0.5515999794006348, 0.546999990940094, 0.5357000231742859, 0.5490999817848206, 0.5403000116348267, 0.5544999837875366, 0.5325999855995178, 0.5620999932289124, 0.5512999892234802, 0.555899977684021, 0.5483999848365784, 0.5544999837875366, 0.5839999914169312, 0.5512999892234802, 0.5946999788284302, 0.5584999918937683, 0.5508000254631042, 0.5733000040054321, 0.5659000277519226, 0.5633999705314636, 0.5709999799728394, 0.5681999921798706, 0.5759000182151794, 0.6004999876022339, 0.5633999705314636, 0.569100022315979, 0.5479000210762024, 0.6018999814987183, 0.557200014591217, 0.5866000056266785, 0.5654000043869019, 0.5548999905586243, 0.593500018119812, 0.5720999836921692, 0.6039999723434448, 0.5648000240325928, 0.5925999879837036, 0.5909000039100647, 0.6039999723434448, 0.6194999814033508, 0.6155999898910522, 0.593999981880188, 0.6237999796867371, 0.597000002861023, 0.6061999797821045, 0.6097000241279602, 0.597000002861023, 0.6330999732017517, 0.6079000234603882, 0.595300018787384, 0.6129000186920166, 0.5898000001907349, 0.609000027179718, 0.5942000150680542, 0.58160001039505, 0.5995000004768372, 0.5893999934196472, 0.5785999894142151, 0.5873000025749207, 0.5900999903678894, 0.5720999836921692, 0.5831999778747559, 0.5845999717712402, 0.5928999781608582, 0.5856000185012817, 0.6184999942779541, 0.5756999850273132, 0.5929999947547913, 0.586899995803833], "MKrum": [0.8313000202178955, 0.9000999927520752, 0.8794999718666077, 0.8812999725341797, 0.8999999761581421, 0.8999999761581421, 0.8999999761581421, 0.8999999761581421, 0.9000999927520752, 0.8999000191688538, 0.8998000025749207, 0.8999000191688538, 0.8988999724388123, 0.8820000290870667, 0.8944000005722046, 0.8991000056266785, 0.8999999761581421, 0.9067999720573425, 0.8999999761581421, 0.9004999995231628, 0.8999999761581421, 0.8999999761581421, 0.9072999954223633, 0.8999999761581421, 0.8883000016212463, 0.9000999927520752, 0.8988000154495239, 0.8999999761581421, 0.897599995136261, 0.8995000123977661, 0.8999999761581421, 0.8949999809265137, 0.8888999819755554, 0.8999999761581421, 0.8944000005722046, 0.8980000019073486, 0.8995000123977661, 0.8999999761581421, 0.8988000154495239, 0.8858000040054321, 0.8999999761581421, 0.9010999798774719, 0.8999999761581421, 0.8981999754905701, 0.8980000019073486, 0.8988000154495239, 0.8967999815940857, 0.9032999873161316, 0.8999999761581421, 0.8999999761581421, 0.8952999711036682, 0.8999999761581421, 0.8930000066757202, 0.8999999761581421, 0.8970999717712402, 0.8999999761581421, 0.8999999761581421, 0.8999999761581421, 0.8999999761581421, 0.8999999761581421, 0.901199996471405, 0.895799994468689, 0.8980000019073486, 0.8999999761581421, 0.9000999927520752, 0.8999999761581421, 0.8992000222206116, 0.8996000289916992, 0.901199996471405, 0.9000999927520752, 0.8999999761581421, 0.8999999761581421, 0.8942999839782715, 0.8974000215530396, 0.9002000093460083, 0.9002000093460083, 0.9002000093460083, 0.8949999809265137, 0.8980000019073486, 0.8930000066757202, 0.8978000283241272, 0.8925999999046326, 0.8790000081062317, 0.8956000208854675, 0.8999999761581421, 0.8999999761581421, 0.8866999745368958, 0.8873000144958496, 0.8853999972343445, 0.8966000080108643, 0.8955000042915344, 0.8932999968528748, 0.8998000025749207, 0.8999999761581421, 0.896399974822998, 0.8999000191688538, 0.8992999792098999, 0.8988999724388123, 0.8999999761581421, 0.890500009059906], "AFA": [0.6712999939918518, 0.6797000169754028, 0.6395000219345093, 0.6110000014305115, 0.6072999835014343, 0.6581000089645386, 0.6050000190734863, 0.6498000025749207, 0.656499981880188, 0.659500002861023, 0.6665999889373779, 0.6536999940872192, 0.6887000203132629, 0.6550999879837036, 0.6592000126838684, 0.6664000153541565, 0.6561999917030334, 0.6657000184059143, 0.6935999989509583, 0.6377000212669373, 0.7028999924659729, 0.6478999853134155, 0.6930000185966492, 0.675000011920929, 0.6725999712944031, 0.6675999760627747, 0.6855999827384949, 0.6773999929428101, 0.6909999847412109, 0.6851999759674072, 0.6794000267982483, 0.7074000239372253, 0.6650999784469604, 0.7148000001907349, 0.6571000218391418, 0.7204999923706055, 0.6488999724388123, 0.7164000272750854, 0.6521999835968018, 0.7107999920845032, 0.6664999723434448, 0.677299976348877, 0.667900025844574, 0.7008000016212463, 0.6784999966621399, 0.7077999711036682, 0.6636999845504761, 0.7243000268936157, 0.6588000059127808, 0.7109000086784363, 0.6617000102996826, 0.7093999981880188, 0.656000018119812, 0.7186999917030334, 0.6468999981880188, 0.7228999733924866, 0.685699999332428, 0.699999988079071, 0.6980000138282776, 0.6757000088691711, 0.6773999929428101, 0.6915000081062317, 0.670799970626831, 0.6963000297546387, 0.6747000217437744, 0.65829998254776, 0.6917999982833862, 0.6686000227928162, 0.6861000061035156, 0.6431999802589417, 0.6736999750137329, 0.65829998254776, 0.6690999865531921, 0.6370000243186951, 0.6988999843597412, 0.6449000239372253, 0.7053999900817871, 0.6439999938011169, 0.70660001039505, 0.6370999813079834, 0.6909000277519226, 0.6376000046730042, 0.7070000171661377, 0.6360999941825867, 0.6557999849319458, 0.6392999887466431, 0.6656000018119812, 0.6388000249862671, 0.6840999722480774, 0.6333000063896179, 0.698199987411499, 0.63919997215271, 0.6620000004768372, 0.6474999785423279, 0.6578999757766724, 0.6779000163078308, 0.6299999952316284, 0.6812999844551086, 0.6341000199317932, 0.6624000072479248],