{"Median": [0.8389999866485596, 0.7955999970436096, 0.817799985408783, 0.7516999840736389, 0.7099999785423279, 0.7134000062942505, 0.3587000072002411, 0.4269999861717224, 0.4521999955177307, 0.2345000058412552, 0.30730000138282776, 0.19499999284744263, 0.18150000274181366, 0.16580000519752502, 0.15639999508857727, 0.23999999463558197, 0.21789999306201935, 0.1428000032901764, 0.11980000138282776, 0.12950000166893005, 0.1339000016450882, 0.1565999984741211, 0.13199999928474426, 0.1362999975681305, 0.10830000042915344, 0.10970000177621841, 0.1136000007390976, 0.10679999738931656, 0.0997999981045723, 0.10490000247955322, 0.09679999947547913, 0.09040000289678574, 0.09040000289678574, 0.09799999743700027, 0.09070000052452087, 0.09570000320672989, 0.09749999642372131, 0.09430000185966492, 0.1062999963760376, 0.09960000216960907, 0.08619999885559082, 0.12250000238418579, 0.10670000314712524, 0.0877000018954277, 0.08150000125169754, 0.10339999943971634, 0.08839999884366989, 0.08889999985694885, 0.09849999845027924, 0.08649999648332596, 0.08540000021457672, 0.07919999957084656, 0.07699999958276749, 0.0869000032544136, 0.0835999995470047, 0.07980000227689743, 0.07810000330209732, 0.08669999986886978, 0.07880000025033951, 0.07999999821186066, 0.07720000296831131, 0.07569999992847443, 0.0763000026345253, 0.07530000060796738, 0.08510000258684158, 0.07400000095367432, 0.07329999655485153, 0.07010000199079514, 0.07159999758005142, 0.07339999824762344, 0.0738999992609024, 0.08969999849796295, 0.0689999982714653, 0.07119999825954437, 0.07370000332593918, 0.094200000166893, 0.07159999758005142, 0.07119999825954437, 0.07199999690055847, 0.07209999859333038, 0.06960000097751617, 0.06809999793767929, 0.07370000332593918, 0.06840000301599503, 0.06679999828338623, 0.07010000199079514, 0.06889999657869339, 0.0723000019788742, 0.06449999660253525, 0.06970000267028809, 0.06920000165700912, 0.06909999996423721, 0.06769999861717224, 0.06689999997615814, 0.07000000029802322, 0.0706000030040741, 0.06589999794960022, 0.06759999692440033, 0.0689999982714653, 0.066600002348423], "CenteredClipping": [0.7847999930381775, 0.6697999835014343, 0.897599995136261, 0.8960999846458435, 0.8935999870300293, 0.8992000222206116, 0.8980000019073486, 0.9038000106811523, 0.9028000235557556, 0.8934999704360962, 0.8978999853134155, 0.8989999890327454, 0.895799994468689, 0.8944000005722046, 0.8880000114440918, 0.8896999955177307, 0.8884999752044678, 0.8853999972343445, 0.888700008392334, 0.8891000151634216, 0.8863999843597412, 0.8865000009536743, 0.8866000175476074, 0.8862000107765198, 0.8866999745368958, 0.8866999745368958, 0.8866000175476074, 0.8863000273704529, 0.8863000273704529, 0.8865000009536743, 0.8866000175476074, 0.8866000175476074, 0.8863000273704529, 0.8860999941825867, 0.8866000175476074, 0.8865000009536743, 0.8866000175476074, 0.8866000175476074, 0.8866000175476074, 0.8865000009536743, 0.8863000273704529, 0.8867999911308289, 0.8867999911308289, 0.8863000273704529, 0.8866000175476074, 0.8863000273704529, 0.8866000175476074, 0.8863999843597412, 0.8866000175476074, 0.8867999911308289, 0.8863999843597412, 0.8866000175476074, 0.8862000107765198, 0.8866999745368958, 0.8866000175476074, 0.8863999843597412, 0.8866000175476074, 0.8863999843597412, 0.8866000175476074, 0.8866000175476074, 0.8866999745368958, 0.8866000175476074, 0.8866000175476074, 0.8865000009536743, 0.8865000009536743, 0.8867999911308289, 0.8866999745368958, 0.8866000175476074, 0.8866999745368958, 0.8865000009536743, 0.8866000175476074, 0.8865000009536743, 0.8865000009536743, 0.8865000009536743, 0.8866000175476074, 0.8866999745368958, 0.8865000009536743, 0.8863999843597412, 0.8863999843597412, 0.8865000009536743, 0.8865000009536743, 0.8863999843597412, 0.8866000175476074, 0.8863999843597412, 0.8866000175476074, 0.8863999843597412, 0.8863000273704529, 0.8865000009536743, 0.8863999843597412, 0.8866000175476074, 0.8865000009536743, 0.8863999843597412, 0.8866000175476074, 0.8866000175476074, 0.8866999745368958, 0.8863999843597412, 0.8866000175476074, 0.8866000175476074, 0.8866999745368958, 0.8863999843597412], "RFCL": [0.8514000177383423, 0.7910000085830688, 0.7003999948501587, 0.2199999988079071, 0.12049999833106995, 0.10480000078678131, 0.08889999985694885, 0.08479999750852585, 0.07880000025033951, 0.07429999858140945, 0.0794999971985817, 0.07109999656677246, 0.07289999723434448, 0.06719999760389328, 0.06870000064373016, 0.06849999725818634, 0.06480000168085098, 0.06129999831318855, 0.06419999897480011, 0.06530000269412994, 0.062300000339746475, 0.05869999900460243, 0.055799998342990875, 0.0560000017285347, 0.05999999865889549, 0.06069999933242798, 0.057999998331069946, 0.0560000017285347, 0.05900000035762787, 0.05719999969005585, 0.05779999867081642, 0.05609999969601631, 0.05550000071525574, 0.05559999868273735, 0.0560000017285347, 0.05570000037550926, 0.05429999902844429, 0.051100000739097595, 0.05270000174641609, 0.057999998331069946, 0.04830000177025795, 0.05299999937415123, 0.05609999969601631, 0.05559999868273735, 0.051600001752376556, 0.050999999046325684, 0.05299999937415123, 0.053700000047683716, 0.05079999938607216, 0.05550000071525574, 0.052299998700618744, 0.050599999725818634, 0.05119999870657921, 0.052799999713897705, 0.05130000039935112, 0.04520000144839287, 0.04969999939203262, 0.05209999904036522, 0.04639999940991402, 0.04989999905228615, 0.04859999939799309, 0.04600000008940697, 0.0471000000834465, 0.05090000107884407, 0.04780000075697899, 0.046300001442432404, 0.04699999839067459, 0.045499999076128006, 0.04910000041127205, 0.04690000042319298, 0.04490000009536743, 0.04610000178217888, 0.04360000044107437, 0.047200001776218414, 0.04910000041127205, 0.0471000000834465, 0.04800000041723251, 0.045899998396635056, 0.04569999873638153, 0.045499999076128006, 0.04349999874830246, 0.045499999076128006, 0.04259999841451645, 0.04960000142455101, 0.04529999941587448, 0.04479999840259552, 0.04410000145435333, 0.04430000111460686, 0.045099999755620956, 0.04600000008940697, 0.042100001126527786, 0.0471000000834465, 0.049800001084804535, 0.04479999840259552, 0.04540000110864639, 0.044599998742341995, 0.04309999942779541, 0.04520000144839287, 0.04410000145435333, 0.045899998396635056]}