{"FedAvg": [0.7261999845504761, 0.7196000218391418, 0.7771999835968018, 0.7476999759674072, 0.7350000143051147, 0.7218999862670898, 0.7091000080108643, 0.7185999751091003, 0.7138000130653381, 0.7275999784469604, 0.7304999828338623, 0.7394000291824341, 0.724399983882904, 0.743399977684021, 0.7526000142097473, 0.7312999963760376, 0.7401999831199646, 0.7386000156402588, 0.7412999868392944, 0.7549999952316284, 0.7465000152587891, 0.7439000010490417, 0.7307000160217285, 0.7669000029563904, 0.7491999864578247, 0.7408999800682068, 0.7379000186920166, 0.7228999733924866, 0.7494000196456909, 0.7581999897956848, 0.7354999780654907, 0.7573999762535095, 0.7530999779701233, 0.7437999844551086, 0.7520999908447266, 0.7519999742507935, 0.762499988079071, 0.7559999823570251, 0.7646999955177307, 0.7300000190734863, 0.7452999949455261, 0.7578999996185303, 0.7432000041007996, 0.7709000110626221, 0.7325999736785889, 0.7401999831199646, 0.7390999794006348, 0.7468000054359436, 0.7544000148773193, 0.7325000166893005, 0.75, 0.741100013256073, 0.7299000024795532, 0.770799994468689, 0.7232000231742859, 0.774399995803833, 0.7276999950408936, 0.7674000263214111, 0.7422000169754028, 0.7394999861717224, 0.7696999907493591, 0.7335000038146973, 0.7498000264167786, 0.7488999962806702, 0.7490000128746033, 0.734499990940094, 0.7461000084877014, 0.7389000058174133, 0.7495999932289124, 0.7457000017166138, 0.7660999894142151, 0.743399977684021, 0.762499988079071, 0.742900013923645, 0.7843999862670898, 0.7759000062942505, 0.7623000144958496, 0.7565000057220459, 0.7504000067710876, 0.7574999928474426, 0.7473000288009644, 0.7669000029563904, 0.7476999759674072, 0.7620999813079834, 0.7418000102043152, 0.7613000273704529, 0.7530999779701233, 0.7548999786376953, 0.7601000070571899, 0.7675999999046326, 0.7587000131607056, 0.772599995136261, 0.7696999907493591, 0.7710000276565552, 0.7792999744415283, 0.7717000246047974, 0.8197000026702881, 0.7666000127792358, 0.7820000052452087, 0.762499988079071], "Median": [0.6912999749183655, 0.5595999956130981, 0.5275999903678894, 0.5284000039100647, 0.5296000242233276, 0.5440000295639038, 0.551800012588501, 0.5604000091552734, 0.5633000135421753, 0.5609999895095825, 0.5755000114440918, 0.604200005531311, 0.6638000011444092, 0.6909999847412109, 0.6998000144958496, 0.7064999938011169, 0.7224000096321106, 0.7376999855041504, 0.7689999938011169, 0.7767000198364258, 0.7998999953269958, 0.804099977016449, 0.8033999800682068, 0.8036999702453613, 0.8052999973297119, 0.805400013923645, 0.8062999844551086, 0.8062000274658203, 0.8080000281333923, 0.8084999918937683, 0.8102999925613403, 0.8140000104904175, 0.8087999820709229, 0.8072999715805054, 0.8050000071525574, 0.8058000206947327, 0.8073999881744385, 0.8065000176429749, 0.8079000115394592, 0.805400013923645, 0.8065000176429749, 0.798799991607666, 0.8539000153541565, 0.8812000155448914, 0.888700008392334, 0.8935999870300293, 0.8953999876976013, 0.8942999839782715, 0.8938999772071838, 0.8963000178337097, 0.8950999975204468, 0.8959000110626221, 0.890999972820282, 0.8906000256538391, 0.8849999904632568, 0.8827999830245972, 0.8737000226974487, 0.8700000047683716, 0.8607000112533569, 0.8547000288963318, 0.8493000268936157, 0.8418999910354614, 0.8400999903678894, 0.8413000106811523, 0.840399980545044, 0.8378000259399414, 0.8285999894142151, 0.8373000025749207, 0.8363999724388123, 0.8385999798774719, 0.8378000259399414, 0.8406999707221985, 0.8364999890327454, 0.8384000062942505, 0.8378999829292297, 0.8373000025749207, 0.8366000056266785, 0.8325999975204468, 0.833899974822998, 0.8346999883651733, 0.835099995136261, 0.8334000110626221, 0.8378999829292297, 0.8389999866485596, 0.838100016117096, 0.8420000076293945, 0.8407999873161316, 0.8393999934196472, 0.8388000130653381, 0.8353000283241272, 0.8348000049591064, 0.8367000222206116, 0.8363000154495239, 0.8364999890327454, 0.8363000154495239, 0.8346999883651733, 0.8357999920845032, 0.8366000056266785, 0.8371999859809875, 0.8367999792098999], "MKrum": [0.8033000230789185, 0.8133999705314636, 0.8177000284194946, 0.8697999715805054, 0.8741999864578247, 0.8557000160217285, 0.8511999845504761, 0.8992000222206116, 0.8741000294685364, 0.8999999761581421, 0.8855999708175659, 0.8794999718666077, 0.8888999819755554, 0.8860999941825867, 0.8995000123977661, 0.8903999924659729, 0.8971999883651733, 0.8999000191688538, 0.8906999826431274, 0.8830999732017517, 0.8998000025749207, 0.878600001335144, 0.8999999761581421, 0.8977000117301941, 0.8999999761581421, 0.8992000222206116, 0.8999999761581421, 0.8999999761581421, 0.8999999761581421, 0.8999999761581421, 0.8937000036239624, 0.8999999761581421, 0.883400022983551, 0.8999999761581421, 0.8974999785423279, 0.8999999761581421, 0.8813999891281128, 0.8999000191688538, 0.896399974822998, 0.8996000289916992, 0.8810999989509583, 0.8978999853134155, 0.8999999761581421, 0.88919997215271, 0.8978999853134155, 0.8978000283241272, 0.8999999761581421, 0.8823999762535095, 0.8978000283241272, 0.8801000118255615, 0.8999000191688538, 0.9000999927520752, 0.8999999761581421, 0.8999999761581421, 0.8988000154495239, 0.8999999761581421, 0.8999000191688538, 0.8999999761581421, 0.8999999761581421, 0.8895999789237976, 0.8999000191688538, 0.8998000025749207, 0.8889999985694885, 0.8999999761581421, 0.8985000252723694, 0.8999999761581421, 0.8963000178337097, 0.8999999761581421, 0.8978999853134155, 0.8999999761581421, 0.8866000175476074, 0.8999999761581421, 0.8999999761581421, 0.8999999761581421, 0.8999000191688538, 0.8998000025749207, 0.8984000086784363, 0.8996999859809875, 0.8999000191688538, 0.8967999815940857, 0.8998000025749207, 0.8999999761581421, 0.8998000025749207, 0.8999000191688538, 0.8966000080108643, 0.8998000025749207, 0.8981999754905701, 0.899399995803833, 0.8999999761581421, 0.8949999809265137, 0.8982999920845032, 0.8863000273704529, 0.8996000289916992, 0.8921999931335449, 0.899399995803833, 0.8898000121116638, 0.89410001039505, 0.899399995803833, 0.8999999761581421, 0.8999999761581421], "AFA": [0.7275000214576721, 0.7662000060081482, 0.7268000245094299, 0.760699987411499, 0.7347999811172485, 0.7386999726295471, 0.7398999929428101, 0.729200005531311, 0.7462999820709229, 0.7445999979972839, 0.7441999912261963, 0.7361999750137329, 0.725600004196167, 0.7189000248908997, 0.7537000179290771, 0.7268000245094299, 0.7383999824523926, 0.7422999739646912, 0.7364000082015991, 0.7296000123023987, 0.7524999976158142, 0.7534000277519226, 0.7250999808311462, 0.7443000078201294, 0.7426000237464905, 0.734499990940094, 0.7373999953269958, 0.7211999893188477, 0.7325999736785889, 0.7404000163078308, 0.7360000014305115, 0.7304999828338623, 0.7610999941825867, 0.7304999828338623, 0.7432000041007996, 0.7329999804496765, 0.7583000063896179, 0.7426000237464905, 0.7493000030517578, 0.7265999913215637, 0.7433000206947327, 0.7555000185966492, 0.7404000163078308, 0.741100013256073, 0.7318000197410583, 0.7465000152587891, 0.7358999848365784, 0.7414000034332275, 0.7549999952316284, 0.7257000207901001, 0.7458999752998352, 0.7328000068664551, 0.7384999990463257, 0.7365000247955322, 0.7182000279426575, 0.7423999905586243, 0.7350999712944031, 0.7408999800682068, 0.7268000245094299, 0.7368999719619751, 0.7419999837875366, 0.7293999791145325, 0.7300999760627747, 0.7459999918937683, 0.7421000003814697, 0.7311999797821045, 0.7269999980926514, 0.7414000034332275, 0.7578999996185303, 0.7269999980926514, 0.7437999844551086, 0.737500011920929, 0.7427999973297119, 0.7347000241279602, 0.7681000232696533, 0.7379000186920166, 0.7516999840736389, 0.732200026512146, 0.7462000250816345, 0.7537000179290771, 0.7473000288009644, 0.7487000226974487, 0.7649999856948853, 0.736299991607666, 0.7760999798774719, 0.748199999332428, 0.741100013256073, 0.7372999787330627, 0.7544000148773193, 0.7475000023841858, 0.753000020980835, 0.7519000172615051, 0.7709000110626221, 0.7533000111579895, 0.7556999921798706, 0.7418000102043152, 0.7821000218391418, 0.7544000148773193, 0.7376000285148621, 0.7512000203132629],