{"FedAvg": [0.7329999804496765, 0.7728000283241272, 0.781000018119812, 0.7652000188827515, 0.7526000142097473, 0.7718999981880188, 0.7574999928474426, 0.7749999761581421, 0.7689999938011169, 0.7788000106811523, 0.732200026512146, 0.7721999883651733, 0.705299973487854, 0.7892000079154968, 0.7767999768257141, 0.7662000060081482, 0.7723000049591064, 0.7458999752998352, 0.7775999903678894, 0.8004999756813049, 0.8134999871253967, 0.7609000205993652, 0.807200014591217, 0.7870000004768372, 0.8054999709129333, 0.7839000225067139, 0.8289999961853027, 0.8199999928474426, 0.8420000076293945, 0.8008000254631042, 0.8605999946594238, 0.7712000012397766, 0.8087999820709229, 0.7919999957084656, 0.8101000189781189, 0.7681000232696533, 0.8065999746322632, 0.7936000227928162, 0.807200014591217, 0.7993000149726868, 0.796500027179718, 0.7980999946594238, 0.7670000195503235, 0.8212000131607056, 0.7897999882698059, 0.7950000166893005, 0.7644000053405762, 0.8179000020027161, 0.7930999994277954, 0.7990000247955322, 0.8012999892234802, 0.8044000267982483, 0.7775999903678894, 0.7885000109672546, 0.7720999717712402, 0.8238000273704529, 0.7452999949455261, 0.843999981880188, 0.7324000000953674, 0.854200005531311, 0.7946000099182129, 0.8190000057220459, 0.7727000117301941, 0.820900022983551, 0.7896999716758728, 0.8039000034332275, 0.8101999759674072, 0.8019999861717224, 0.7932999730110168, 0.8223000168800354, 0.7766000032424927, 0.842199981212616, 0.7943999767303467, 0.8456000089645386, 0.8306000232696533, 0.836899995803833, 0.7892000079154968, 0.8313999772071838, 0.7973999977111816, 0.8482999801635742, 0.8481000065803528, 0.8126999735832214, 0.8270999789237976, 0.8403000235557556, 0.8335999846458435, 0.8334000110626221, 0.847599983215332, 0.8057000041007996, 0.8363000154495239, 0.8134999871253967, 0.8296999931335449, 0.8213000297546387, 0.8324000239372253, 0.8134999871253967, 0.8331999778747559, 0.8087999820709229, 0.8313000202178955, 0.7957000136375427, 0.8223999738693237, 0.8233000040054321], "Median": [0.8999999761581421, 0.8999999761581421, 0.8999999761581421, 0.8999999761581421, 0.8999999761581421, 0.8999999761581421, 0.8999999761581421, 0.8999999761581421, 0.8999999761581421, 0.8999999761581421, 0.8999999761581421, 0.8999999761581421, 0.8999999761581421, 0.8999999761581421, 0.8999999761581421, 0.8999999761581421, 0.8999999761581421, 0.8999999761581421, 0.8999999761581421, 0.8999999761581421, 0.8999999761581421, 0.8999999761581421, 0.8999999761581421, 0.8999999761581421, 0.8999999761581421, 0.8999999761581421, 0.8999999761581421, 0.8999999761581421, 0.8999999761581421, 0.8999999761581421, 0.8999999761581421, 0.8999999761581421, 0.8999999761581421, 0.8999999761581421, 0.8999999761581421, 0.8999999761581421, 0.8999999761581421, 0.8999999761581421, 0.8999999761581421, 0.8999999761581421, 0.8999999761581421, 0.8999999761581421, 0.8999999761581421, 0.8999999761581421, 0.8999999761581421, 0.8999999761581421, 0.8999999761581421, 0.8999999761581421, 0.8999999761581421, 0.8999999761581421, 0.8999999761581421, 0.8999999761581421, 0.8999999761581421, 0.8999999761581421, 0.8999999761581421, 0.8999999761581421, 0.8999999761581421, 0.8999999761581421, 0.8999999761581421, 0.8999999761581421, 0.8999999761581421, 0.8999999761581421, 0.8999999761581421, 0.8999999761581421, 0.8999999761581421, 0.8999999761581421, 0.8999999761581421, 0.8999999761581421, 0.8999999761581421, 0.8999999761581421, 0.8999999761581421, 0.8999999761581421, 0.8999999761581421, 0.8999999761581421, 0.8999999761581421, 0.8999999761581421, 0.8999999761581421, 0.8999999761581421, 0.8999999761581421, 0.8999999761581421, 0.8999999761581421, 0.8999999761581421, 0.8999999761581421, 0.8999999761581421, 0.8999999761581421, 0.8999999761581421, 0.8999999761581421, 0.8999999761581421, 0.8999999761581421, 0.8999999761581421, 0.8999999761581421, 0.8999999761581421, 0.8999999761581421, 0.8999999761581421, 0.8999999761581421, 0.8999999761581421, 0.8999999761581421, 0.8999999761581421, 0.8999999761581421, 0.8999999761581421], "MKrum": [0.8823999762535095, 0.8942999839782715, 0.8610000014305115, 0.8988000154495239, 0.894599974155426, 0.8860999941825867, 0.8867999911308289, 0.859000027179718, 0.8999999761581421, 0.8614000082015991, 0.8880000114440918, 0.890500009059906, 0.8902999758720398, 0.8924000263214111, 0.8903999924659729, 0.8982999920845032, 0.8955000042915344, 0.8938999772071838, 0.8999999761581421, 0.8909000158309937, 0.8949000239372253, 0.8999999761581421, 0.8895000219345093, 0.8999999761581421, 0.8999999761581421, 0.9007999897003174, 0.8999999761581421, 0.8999999761581421, 0.8999999761581421, 0.8999999761581421, 0.8996999859809875, 0.885200023651123, 0.8998000025749207, 0.8999000191688538, 0.9000999927520752, 0.8953999876976013, 0.8999000191688538, 0.9000999927520752, 0.8999999761581421, 0.882099986076355, 0.8986999988555908, 0.8999999761581421, 0.8982999920845032, 0.899399995803833, 0.9000999927520752, 0.8999000191688538, 0.899399995803833, 0.9054999947547913, 0.896399974822998, 0.8876000046730042, 0.892799973487854, 0.8992999792098999, 0.8996999859809875, 0.8999999761581421, 0.899399995803833, 0.8992999792098999, 0.8999999761581421, 0.8956999778747559, 0.8998000025749207, 0.8999000191688538, 0.8841000199317932, 0.8998000025749207, 0.8826000094413757, 0.8992999792098999, 0.8999999761581421, 0.8984000086784363, 0.8995000123977661, 0.8805000185966492, 0.8892999887466431, 0.8999999761581421, 0.8999000191688538, 0.8996000289916992, 0.8891000151634216, 0.8999999761581421, 0.883400022983551, 0.8999000191688538, 0.8999999761581421, 0.8944000005722046, 0.8998000025749207, 0.8788999915122986, 0.8937000036239624, 0.8998000025749207, 0.9000999927520752, 0.8992000222206116, 0.9009000062942505, 0.8999000191688538, 0.8913000226020813, 0.8996999859809875, 0.8996999859809875, 0.9010999798774719, 0.8985000252723694, 0.8996999859809875, 0.8999999761581421, 0.8999999761581421, 0.8871999979019165, 0.8937000036239624, 0.8998000025749207, 0.900600016117096, 0.8788999915122986, 0.8962000012397766],