{"FedAvg": [0.6966000199317932, 0.6168000102043152, 0.5501000285148621, 0.555899977684021, 0.5799000263214111, 0.5424000024795532, 0.5824000239372253, 0.538100004196167, 0.5848000049591064, 0.5270000100135803, 0.5824000239372253, 0.5045999884605408, 0.5777000188827515, 0.524399995803833, 0.5169000029563904, 0.4966999888420105, 0.5145000219345093, 0.48030000925064087, 0.48539999127388, 0.48179998993873596, 0.4921000003814697, 0.4717000126838684, 0.4975999891757965, 0.460099995136261, 0.4991999864578247, 0.4616999924182892, 0.489300012588501, 0.48170000314712524, 0.4814999997615814, 0.4194999933242798, 0.45579999685287476, 0.4424000084400177, 0.49070000648498535, 0.46880000829696655, 0.4440999925136566, 0.4724999964237213, 0.4259999990463257, 0.4440999925136566, 0.4366999864578247, 0.4350000023841858, 0.45579999685287476, 0.43560001254081726, 0.4120999872684479, 0.42800000309944153, 0.4415000081062317, 0.4399000108242035, 0.4595000147819519, 0.42250001430511475, 0.45730000734329224, 0.40939998626708984, 0.4740000069141388, 0.41110000014305115, 0.4950999915599823, 0.42260000109672546, 0.4693000018596649, 0.4142000079154968, 0.46129998564720154, 0.42250001430511475, 0.47929999232292175, 0.4415000081062317, 0.4505000114440918, 0.42820000648498535, 0.4717999994754791, 0.41100001335144043, 0.45910000801086426, 0.4163999855518341, 0.4781000018119812, 0.4189999997615814, 0.4668000042438507, 0.414900004863739, 0.4657000005245209, 0.4083000123500824, 0.45879998803138733, 0.41100001335144043, 0.4715000092983246, 0.4246000051498413, 0.47929999232292175, 0.4341999888420105, 0.48249998688697815, 0.43140000104904175, 0.4675999879837036, 0.428600013256073, 0.4584999978542328, 0.42419999837875366, 0.4571000039577484, 0.4034000039100647, 0.45899999141693115, 0.4075999855995178, 0.45249998569488525, 0.40849998593330383, 0.460099995136261, 0.3955000042915344, 0.4641999900341034, 0.3971000015735626, 0.4602000117301941, 0.4000999927520752, 0.4690000116825104, 0.4171000123023987, 0.46860000491142273, 0.4172999858856201], "Median": [0.8104000091552734, 0.7548999786376953, 0.7552000284194946, 0.7470999956130981, 0.7605999708175659, 0.7127000093460083, 0.7164000272750854, 0.694599986076355, 0.6642000079154968, 0.6043000221252441, 0.6740000247955322, 0.6043000221252441, 0.6025999784469604, 0.578000009059906, 0.5489000082015991, 0.5138000249862671, 0.57669997215271, 0.48910000920295715, 0.5029000043869019, 0.4848000109195709, 0.48910000920295715, 0.48829999566078186, 0.4781000018119812, 0.4875999987125397, 0.4636000096797943, 0.4991999864578247, 0.4912000000476837, 0.47099998593330383, 0.4309999942779541, 0.46149998903274536, 0.4318000078201294, 0.43160000443458557, 0.43540000915527344, 0.43140000104904175, 0.4302999973297119, 0.4431999921798706, 0.44040000438690186, 0.43560001254081726, 0.42649999260902405, 0.45339998602867126, 0.388700008392334, 0.4578000009059906, 0.42590001225471497, 0.454800009727478, 0.42239999771118164, 0.44359999895095825, 0.39910000562667847, 0.4422999918460846, 0.3864000141620636, 0.438400000333786, 0.38519999384880066, 0.4399999976158142, 0.3944999873638153, 0.4223000109195709, 0.36980000138282776, 0.41449999809265137, 0.37070000171661377, 0.41019999980926514, 0.36500000953674316, 0.38269999623298645, 0.37369999289512634, 0.38760000467300415, 0.36329999566078186, 0.38960000872612, 0.3614000082015991, 0.3822999894618988, 0.35040000081062317, 0.3837999999523163, 0.34950000047683716, 0.3747999966144562, 0.35120001435279846, 0.361299991607666, 0.3587999939918518, 0.353300005197525, 0.34630000591278076, 0.34790000319480896, 0.34549999237060547, 0.35670000314712524, 0.3328000009059906, 0.34369999170303345, 0.34450000524520874, 0.3422999978065491, 0.3353999853134155, 0.32510000467300415, 0.34599998593330383, 0.33000001311302185, 0.3212999999523163, 0.328000009059906, 0.3246999979019165, 0.32019999623298645, 0.3230000138282776, 0.31610000133514404, 0.3276999890804291, 0.3167000114917755, 0.31690001487731934, 0.3125, 0.3124000132083893, 0.3158000111579895, 0.31200000643730164, 0.31850001215934753], "MKrum": [0.8636999726295471, 0.8611999750137329, 0.8166000247001648, 0.7976999878883362, 0.7961000204086304, 0.772599995136261, 0.7815999984741211, 0.7651000022888184, 0.7750999927520752, 0.7964000105857849, 0.7699000239372253, 0.7572000026702881, 0.7631000280380249, 0.6913999915122986, 0.7041000127792358, 0.631600022315979, 0.6662999987602234, 0.5992000102996826, 0.6021000146865845, 0.6054999828338623, 0.5697000026702881, 0.647599995136261, 0.6259999871253967, 0.6407999992370605, 0.5314000248908997, 0.5552999973297119, 0.5497000217437744, 0.619700014591217, 0.5986999869346619, 0.6403999924659729, 0.560699999332428, 0.5857999920845032, 0.6039000153541565, 0.6215999722480774, 0.5566999912261963, 0.5828999876976013, 0.5645999908447266, 0.5591999888420105, 0.5855000019073486, 0.5626000165939331, 0.5683000087738037, 0.5343000292778015, 0.5593000054359436, 0.47780001163482666, 0.557200014591217, 0.5457000136375427, 0.5827999711036682, 0.545799970626831, 0.5557000041007996, 0.5511999726295471, 0.555899977684021, 0.4767000079154968, 0.5429999828338623, 0.5501999855041504, 0.5508000254631042, 0.5415999889373779, 0.5722000002861023, 0.5702000260353088, 0.5271000266075134, 0.5411999821662903, 0.5519999861717224, 0.5623000264167786, 0.5288000106811523, 0.5767999887466431, 0.5472000241279602, 0.5758000016212463, 0.560699999332428, 0.5418999791145325, 0.5454000234603882, 0.54830002784729, 0.5303000211715698, 0.5181999802589417, 0.5311999917030334, 0.5406000018119812, 0.5396999716758728, 0.5024999976158142, 0.5285999774932861, 0.5300999879837036, 0.5112000107765198, 0.5496000051498413, 0.5091000199317932, 0.5210999846458435, 0.5123000144958496, 0.4925999939441681, 0.4961000084877014, 0.5223000049591064, 0.482699990272522, 0.5349000096321106, 0.5285000205039978, 0.4819999933242798, 0.5038999915122986, 0.49639999866485596, 0.49889999628067017, 0.4867999851703644, 0.5206999778747559, 0.4975999891757965, 0.5296000242233276, 0.5151000022888184, 0.5284000039100647, 0.5070000290870667],