{"FedAvg": [0.6761999726295471, 0.6140000224113464, 0.573199987411499, 0.5460000038146973, 0.5726000070571899, 0.5928999781608582, 0.574400007724762, 0.5859000086784363, 0.5759999752044678, 0.6140999794006348, 0.5598000288009644, 0.6272000074386597, 0.5841000080108643, 0.6439999938011169, 0.560699999332428, 0.6266000270843506, 0.590499997138977, 0.5655999779701233, 0.6291000247001648, 0.5814999938011169, 0.5922999978065491, 0.5803999900817871, 0.5958999991416931, 0.5665000081062317, 0.597599983215332, 0.5924999713897705, 0.6189000010490417, 0.6186000108718872, 0.574999988079071, 0.6047999858856201, 0.5573999881744385, 0.6008999943733215, 0.5751000046730042, 0.5795999765396118, 0.6093000173568726, 0.6014000177383423, 0.5892999768257141, 0.5738000273704529, 0.5956000089645386, 0.5681999921798706, 0.6098999977111816, 0.5439000129699707, 0.6324999928474426, 0.5785999894142151, 0.5406000018119812, 0.545199990272522, 0.5419999957084656, 0.564300000667572, 0.5569999814033508, 0.5608000159263611, 0.5698000192642212, 0.5598000288009644, 0.5972999930381775, 0.5831000208854675, 0.5800999999046326, 0.5641999840736389, 0.6090999841690063, 0.5543000102043152, 0.5831999778747559, 0.545799970626831, 0.5945000052452087, 0.5745000243186951, 0.614799976348877, 0.6316999793052673, 0.5874999761581421, 0.5989999771118164, 0.5935999751091003, 0.5685999989509583, 0.5745000243186951, 0.5648999810218811, 0.5769000053405762, 0.54339998960495, 0.5863000154495239, 0.535099983215332, 0.616100013256073, 0.5645999908447266, 0.5400999784469604, 0.5771999955177307, 0.5978000164031982, 0.5521000027656555, 0.6071000099182129, 0.5390999913215637, 0.6064000129699707, 0.5479999780654907, 0.565500020980835, 0.5759000182151794, 0.5993000268936157, 0.5594000220298767, 0.5820000171661377, 0.5385000109672546, 0.5882999897003174, 0.5611000061035156, 0.6004999876022339, 0.564300000667572, 0.59170001745224, 0.5432000160217285, 0.5830000042915344, 0.567799985408783, 0.598800003528595, 0.5702000260353088], "Median": [0.7878999710083008, 0.7267000079154968, 0.7267000079154968, 0.705299973487854, 0.718500018119812, 0.6754999756813049, 0.6317999958992004, 0.6837000250816345, 0.6287000179290771, 0.7113999724388123, 0.6292999982833862, 0.6448000073432922, 0.6295999884605408, 0.6273000240325928, 0.612500011920929, 0.5979999899864197, 0.6003000140190125, 0.5703999996185303, 0.5550000071525574, 0.5249000191688538, 0.5238000154495239, 0.5145000219345093, 0.49559998512268066, 0.4803999960422516, 0.48559999465942383, 0.46149998903274536, 0.48890000581741333, 0.4345000088214874, 0.48030000925064087, 0.44130000472068787, 0.47279998660087585, 0.4456999897956848, 0.4634000062942505, 0.43650001287460327, 0.4657999873161316, 0.42579999566078186, 0.46869999170303345, 0.4212999939918518, 0.4553999900817871, 0.4223000109195709, 0.45980000495910645, 0.4300999939441681, 0.4523000121116638, 0.4203999936580658, 0.43880000710487366, 0.4291999936103821, 0.4438000023365021, 0.4253999888896942, 0.4278999865055084, 0.4316999912261963, 0.4325999915599823, 0.41929998993873596, 0.4268999993801117, 0.4120999872684479, 0.4302000105381012, 0.40790000557899475, 0.43630000948905945, 0.41749998927116394, 0.4259999990463257, 0.4120999872684479, 0.4278999865055084, 0.3970000147819519, 0.4239000082015991, 0.39910000562667847, 0.4221999943256378, 0.3952000141143799, 0.4198000133037567, 0.3978999853134155, 0.420199990272522, 0.39489999413490295, 0.4169999957084656, 0.39820000529289246, 0.4124999940395355, 0.4041000008583069, 0.3970000147819519, 0.40369999408721924, 0.3921999931335449, 0.3970000147819519, 0.4027000069618225, 0.40290001034736633, 0.3882000148296356, 0.398499995470047, 0.39309999346733093, 0.38920000195503235, 0.3971000015735626, 0.39329999685287476, 0.3968000113964081, 0.39489999413490295, 0.3824000060558319, 0.39089998602867126, 0.3853999972343445, 0.3781999945640564, 0.3953000009059906, 0.36910000443458557, 0.38510000705718994, 0.3828999996185303, 0.3824999928474426, 0.38659998774528503, 0.3675999939441681, 0.3732999861240387], "MKrum": [0.8610000014305115, 0.855400025844574, 0.8992000222206116, 0.8550000190734863, 0.7971000075340271, 0.8465999960899353, 0.7893999814987183, 0.800000011920929, 0.7483999729156494, 0.7818999886512756, 0.7982000112533569, 0.7303000092506409, 0.7681000232696533, 0.7766000032424927, 0.7228000164031982, 0.7211999893188477, 0.7674999833106995, 0.7623999714851379, 0.7749000191688538, 0.7997999787330627, 0.7771999835968018, 0.7325999736785889, 0.792900025844574, 0.7297999858856201, 0.769599974155426, 0.7366999983787537, 0.7918999791145325, 0.7627000212669373, 0.7864000201225281, 0.7918000221252441, 0.7954000234603882, 0.7347000241279602, 0.7914000153541565, 0.7468000054359436, 0.7731999754905701, 0.7807000279426575, 0.7533000111579895, 0.781499981880188, 0.8001000285148621, 0.7325999736785889, 0.7892000079154968, 0.7332000136375427, 0.7282999753952026, 0.7843000292778015, 0.8019999861717224, 0.7170000076293945, 0.7991999983787537, 0.7373999953269958, 0.8007000088691711, 0.7468000054359436, 0.8004000186920166, 0.7968999743461609, 0.7287999987602234, 0.7164999842643738, 0.7170000076293945, 0.7681999802589417, 0.7329000234603882, 0.7196000218391418, 0.7675999999046326, 0.7720999717712402, 0.7799000144004822, 0.7350999712944031, 0.7580999732017517, 0.802299976348877, 0.7953000068664551, 0.7365999817848206, 0.7210000157356262, 0.7311000227928162, 0.7706999778747559, 0.7322999835014343, 0.732699990272522, 0.7342000007629395, 0.808899998664856, 0.7885000109672546, 0.7254999876022339, 0.7317000031471252, 0.7073000073432922, 0.7759000062942505, 0.7526000142097473, 0.7276999950408936, 0.7721999883651733, 0.7408999800682068, 0.722000002861023, 0.7534000277519226, 0.7462999820709229, 0.7314000129699707, 0.7803999781608582, 0.7260000109672546, 0.7526000142097473, 0.7598000168800354, 0.8091999888420105, 0.7404999732971191, 0.7387999892234802, 0.7483999729156494, 0.7804999947547913, 0.794700026512146, 0.7756999731063843, 0.7793999910354614, 0.8029999732971191, 0.8009999990463257],