{"FedAvg": [0.6007999777793884, 0.5566999912261963, 0.5597000122070312, 0.532800018787384, 0.5719000101089478, 0.5293999910354614, 0.5879999995231628, 0.5139999985694885, 0.5546000003814697, 0.5081999897956848, 0.5309000015258789, 0.5156999826431274, 0.4934000074863434, 0.5033000111579895, 0.4862000048160553, 0.5004000067710876, 0.5020999908447266, 0.4927000105381012, 0.4855000078678131, 0.4927000105381012, 0.4805000126361847, 0.4961000084877014, 0.47450000047683716, 0.5016999840736389, 0.4927999973297119, 0.49380001425743103, 0.5110999941825867, 0.49619999527931213, 0.4984000027179718, 0.4936999976634979, 0.5019000172615051, 0.5230000019073486, 0.504800021648407, 0.49470001459121704, 0.4997999966144562, 0.5070000290870667, 0.4771000146865845, 0.46540001034736633, 0.4700999855995178, 0.45159998536109924, 0.47999998927116394, 0.47769999504089355, 0.4749999940395355, 0.47749999165534973, 0.48170000314712524, 0.4555000066757202, 0.4722000062465668, 0.46320000290870667, 0.46299999952316284, 0.4779999852180481, 0.4749000072479248, 0.45089998841285706, 0.47209998965263367, 0.4368000030517578, 0.47189998626708984, 0.44290000200271606, 0.4706999957561493, 0.46059998869895935, 0.46639999747276306, 0.4359999895095825, 0.4641000032424927, 0.44940000772476196, 0.4708000123500824, 0.4526999890804291, 0.46309998631477356, 0.45010000467300415, 0.4643999934196472, 0.438400000333786, 0.46720001101493835, 0.44279998540878296, 0.46540001034736633, 0.4498000144958496, 0.4595000147819519, 0.4442000091075897, 0.46709999442100525, 0.43950000405311584, 0.4772000014781952, 0.4426000118255615, 0.4830999970436096, 0.4564000070095062, 0.47290000319480896, 0.4959000051021576, 0.4643000066280365, 0.46470001339912415, 0.4805999994277954, 0.4661000072956085, 0.4853000044822693, 0.461899995803833, 0.4681999981403351, 0.4814999997615814, 0.4787999987602234, 0.4560999870300293, 0.47839999198913574, 0.4555000066757202, 0.4797999858856201, 0.4406000077724457, 0.4731000065803528, 0.4564000070095062, 0.4810999929904938, 0.43810001015663147], "Median": [0.7656999826431274, 0.7159000039100647, 0.7394999861717224, 0.6554999947547913, 0.6305000185966492, 0.6104000210762024, 0.585099995136261, 0.5640000104904175, 0.5649999976158142, 0.529699981212616, 0.5322999954223633, 0.5139999985694885, 0.5210000276565552, 0.5202999711036682, 0.5177000164985657, 0.5016999840736389, 0.5038999915122986, 0.5078999996185303, 0.503600001335144, 0.49950000643730164, 0.49309998750686646, 0.48989999294281006, 0.4902999997138977, 0.5026000142097473, 0.5008999705314636, 0.4959000051021576, 0.49639999866485596, 0.4855000078678131, 0.49639999866485596, 0.4932999908924103, 0.4884999990463257, 0.4909999966621399, 0.4918999969959259, 0.4945000112056732, 0.4997999966144562, 0.48179998993873596, 0.48809999227523804, 0.49559998512268066, 0.4821000099182129, 0.489300012588501, 0.48429998755455017, 0.48510000109672546, 0.4830999970436096, 0.4781999886035919, 0.4668000042438507, 0.46549999713897705, 0.4666999876499176, 0.46720001101493835, 0.47380000352859497, 0.46470001339912415, 0.4650000035762787, 0.46630001068115234, 0.45989999175071716, 0.46369999647140503, 0.4481000006198883, 0.4478999972343445, 0.4571000039577484, 0.46160000562667847, 0.4535999894142151, 0.4666999876499176, 0.45210000872612, 0.45089998841285706, 0.4503999948501587, 0.43959999084472656, 0.4542999863624573, 0.45509999990463257, 0.4408000111579895, 0.4440000057220459, 0.46129998564720154, 0.45969998836517334, 0.4546000063419342, 0.45579999685287476, 0.45980000495910645, 0.4593999981880188, 0.44920000433921814, 0.45080000162124634, 0.4519999921321869, 0.45399999618530273, 0.4417000114917755, 0.4593000113964081, 0.46050000190734863, 0.44760000705718994, 0.4478999972343445, 0.445499986410141, 0.4397999942302704, 0.4372999966144562, 0.4440999925136566, 0.44609999656677246, 0.4429999887943268, 0.44200000166893005, 0.44690001010894775, 0.4410000145435333, 0.44839999079704285, 0.44110000133514404, 0.44190001487731934, 0.4392000138759613, 0.44110000133514404, 0.4422000050544739, 0.43860000371932983, 0.4458000063896179], "MKrum": [0.8968999981880188, 0.8683000206947327, 0.8999999761581421, 0.8999999761581421, 0.8999999761581421, 0.8992000222206116, 0.8999999761581421, 0.8705999851226807, 0.8999999761581421, 0.8996000289916992, 0.8999999761581421, 0.8999999761581421, 0.8999999761581421, 0.8999999761581421, 0.8999000191688538, 0.8999999761581421, 0.8907999992370605, 0.8995000123977661, 0.8907999992370605, 0.8999999761581421, 0.8999000191688538, 0.8999999761581421, 0.9002000093460083, 0.8974999785423279, 0.8995000123977661, 0.8999000191688538, 0.896399974822998, 0.8945000171661377, 0.8999999761581421, 0.8977000117301941, 0.8999999761581421, 0.9046000242233276, 0.8799999952316284, 0.902899980545044, 0.8815000057220459, 0.9010999798774719, 0.8999999761581421, 0.890999972820282, 0.8521999716758728, 0.8931999802589417, 0.8945000171661377, 0.8801000118255615, 0.8999000191688538, 0.894599974155426, 0.9002000093460083, 0.8999999761581421, 0.86080002784729, 0.8235999941825867, 0.8999999761581421, 0.896399974822998, 0.8889999985694885, 0.8988999724388123, 0.8996999859809875, 0.8878999948501587, 0.8892999887466431, 0.883899986743927, 0.8859999775886536, 0.8948000073432922, 0.8999000191688538, 0.9003000259399414, 0.8999999761581421, 0.8924999833106995, 0.8960000276565552, 0.8849999904632568, 0.8974999785423279, 0.89410001039505, 0.9024999737739563, 0.8999999761581421, 0.8817999958992004, 0.8998000025749207, 0.9090999960899353, 0.8999999761581421, 0.8999000191688538, 0.8999999761581421, 0.8716999888420105, 0.8999999761581421, 0.8916000127792358, 0.8971999883651733, 0.8968999981880188, 0.8824999928474426, 0.8967000246047974, 0.8830000162124634, 0.8866999745368958, 0.8937000036239624, 0.8819000124931335, 0.8999999761581421, 0.8738999962806702, 0.8999000191688538, 0.8409000039100647, 0.8980000019073486, 0.8952000141143799, 0.8981000185012817, 0.8999999761581421, 0.8867999911308289, 0.8999999761581421, 0.8766999840736389, 0.8507000207901001, 0.8956000208854675, 0.8446000218391418, 0.8500000238418579],