{"FedAvg": [0.8799999952316284, 0.9172999858856201, 0.8995000123977661, 0.8898000121116638, 0.9010000228881836, 0.8999999761581421, 0.8988999724388123, 0.8813999891281128, 0.9072999954223633, 0.8959000110626221, 0.8950999975204468, 0.8937000036239624, 0.8899000287055969, 0.8873999714851379, 0.9039999842643738, 0.8973000049591064, 0.9046000242233276, 0.9025999903678894, 0.8970000147819519, 0.8932999968528748, 0.8909000158309937, 0.8848000168800354, 0.8903999924659729, 0.9101999998092651, 0.880299985408783, 0.8999999761581421, 0.9000999927520752, 0.9000999927520752, 0.8999999761581421, 0.9000999927520752, 0.8999999761581421, 0.8999999761581421, 0.8996999859809875, 0.899399995803833, 0.899399995803833, 0.8999000191688538, 0.8999000191688538, 0.899399995803833, 0.8996999859809875, 0.8999000191688538, 0.8996999859809875, 0.8999000191688538, 0.9003000259399414, 0.9000999927520752, 0.9000999927520752, 0.9002000093460083, 0.8999000191688538, 0.9016000032424927, 0.9006999731063843, 0.8952000141143799], "Median": [0.9050999879837036, 0.886900007724762, 0.8956000208854675, 0.8998000025749207, 0.8973000049591064, 0.8962000012397766, 0.8769999742507935, 0.8508999943733215, 0.8485000133514404, 0.8314999938011169, 0.8568999767303467, 0.8427000045776367, 0.8389999866485596, 0.8561999797821045, 0.8920999765396118, 0.8801000118255615, 0.8769999742507935, 0.8748000264167786, 0.8894000053405762, 0.8799999952316284, 0.8909000158309937, 0.8920000195503235, 0.8867999911308289, 0.8837000131607056, 0.8733999729156494, 0.8860999941825867, 0.8514000177383423, 0.8871999979019165, 0.8723999857902527, 0.8500999808311462, 0.859000027179718, 0.8553000092506409, 0.8389999866485596, 0.8429999947547913, 0.8712000250816345, 0.9016000032424927, 0.8736000061035156, 0.8719000220298767, 0.8769000172615051, 0.8819000124931335, 0.866100013256073, 0.8815000057220459, 0.8691999912261963, 0.8716999888420105, 0.8540999889373779, 0.8944000005722046, 0.8695999979972839, 0.8604000210762024, 0.8543000221252441, 0.8499000072479248], "MKrum": [0.8991000056266785, 0.9161999821662903, 0.9004999995231628, 0.9054999947547913, 0.8909000158309937, 0.8791999816894531, 0.879800021648407, 0.8707000017166138, 0.8888000249862671, 0.8835999965667725, 0.895799994468689, 0.8970999717712402, 0.89410001039505, 0.8555999994277954, 0.8849999904632568, 0.8878999948501587, 0.8931000232696533, 0.8765000104904175, 0.8808000087738037, 0.9172000288963318, 0.9085999727249146, 0.9021000266075134, 0.913100004196167, 0.923799991607666, 0.9050999879837036, 0.89410001039505, 0.9101999998092651, 0.9143999814987183, 0.896399974822998, 0.9150000214576721, 0.9002000093460083, 0.9143000245094299, 0.9172999858856201, 0.8953999876976013, 0.8844000101089478, 0.9003999829292297, 0.9031999707221985, 0.9099000096321106, 0.9275000095367432, 0.9128000140190125, 0.9092000126838684, 0.9200000166893005, 0.9157000184059143, 0.8870000243186951, 0.9002000093460083, 0.900600016117096, 0.8989999890327454, 0.9107000231742859, 0.9007999897003174, 0.9025999903678894], "AFA": [0.8981000185012817, 0.8819000124931335, 0.891700029373169, 0.9210000038146973, 0.9032999873161316, 0.8991000056266785, 0.8978999853134155, 0.8844000101089478, 0.9057000279426575, 0.8937000036239624, 0.894599974155426, 0.8902000188827515, 0.886900007724762, 0.8866000175476074, 0.9071999788284302, 0.8907999992370605, 0.8974999785423279, 0.8967000246047974, 0.8970000147819519, 0.8884000182151794, 0.8895000219345093, 0.8862000107765198, 0.8898000121116638, 0.9023000001907349, 0.8744999766349792, 0.8773000240325928, 0.8907999992370605, 0.892300009727478, 0.8888999819755554, 0.8931999802589417, 0.8913000226020813, 0.8934999704360962, 0.8816999793052673, 0.8963000178337097, 0.8953999876976013, 0.8931999802589417, 0.8816999793052673, 0.8779000043869019, 0.8852999806404114, 0.8865000009536743, 0.8736000061035156, 0.887499988079071, 0.8939999938011169, 0.8945000171661377, 0.8995000123977661, 0.9070000052452087, 0.9039999842643738, 0.8895999789237976, 0.8917999863624573, 0.8823999762535095], "FedMGDAplus": [0.8852999806404114, 0.8866000175476074, 0.8981000185012817, 0.8913999795913696, 0.9128999710083008, 0.9020000100135803, 0.925599992275238, 0.901199996471405, 0.8967999815940857, 0.892799973487854, 0.8964999914169312, 0.9380000233650208, 0.8863999843597412, 0.885699987411499, 0.8913000226020813, 0.8881999850273132, 0.8870000243186951, 0.8794000148773193, 0.8725000023841858, 0.8791000247001648, 0.8968999981880188, 0.8962000012397766, 0.89410001039505, 0.8978999853134155, 0.8924999833106995, 0.8880000114440918, 0.8996999859809875, 0.8967999815940857, 0.8980000019073486, 0.8974000215530396, 0.9043999910354614, 0.9018999934196472, 0.8974000215530396, 0.8942000269889832, 0.8986999988555908, 0.8860999941825867, 0.8952000141143799, 0.8971999883651733, 0.8995000123977661, 0.8977000117301941, 0.8892999887466431, 0.8978000283241272, 0.8963000178337097, 0.892799973487854, 0.9147999882698059, 0.9190999865531921, 0.9126999974250793, 0.9114000201225281, 0.9093000292778015, 0.9217000007629395], "CenteredClipping": [0.9017999768257141, 0.9017000198364258, 0.9128999710083008, 0.8956999778747559, 0.9108999967575073, 0.9007999897003174, 0.8964999914169312, 0.8991000056266785, 0.8988999724388123, 0.8889999985694885, 0.8853999972343445, 0.9049999713897705, 0.9010000228881836, 0.8950999975204468, 0.8970000147819519, 0.9247000217437744, 0.9089000225067139, 0.9169999957084656, 0.9043999910354614, 0.9133999943733215, 0.900600016117096, 0.8967000246047974, 0.8949000239372253, 0.895799994468689, 0.8949999809265137, 0.8999000191688538, 0.900600016117096, 0.8999999761581421, 0.8988999724388123, 0.8906999826431274, 0.8877000212669373, 0.8794000148773193, 0.8752999901771545, 0.8823000192642212, 0.8948000073432922, 0.8967000246047974, 0.8998000025749207, 0.8981999754905701, 0.8980000019073486, 0.8991000056266785, 0.8985999822616577, 0.9003999829292297, 0.9003999829292297, 0.8996999859809875, 0.9016000032424927, 0.9014000296592712, 0.8989999890327454, 0.8928999900817871, 0.8766999840736389, 0.8693000078201294], "RFCL": [0.8999000191688538, 0.8787999749183655, 0.8112999796867371, 0.8235999941825867, 0.7889999747276306, 0.7950000166893005, 0.7555999755859375, 0.7186999917030334, 0.7161999940872192, 0.7071999907493591, 0.7073000073432922, 0.666100025177002, 0.6858000159263611, 0.6392999887466431, 0.6743000149726868, 0.6430000066757202, 0.6366999745368958, 0.6524999737739563, 0.6480000019073486, 0.6355000138282776, 0.6330999732017517, 0.6410999894142151, 0.6306999921798706, 0.6468999981880188, 0.6241000294685364, 0.646399974822998, 0.6269000172615051, 0.6480000019073486, 0.6395000219345093, 0.6134999990463257, 0.626800000667572, 0.6327999830245972, 0.6330999732017517, 0.6298999786376953, 0.6190000176429749, 0.6229000091552734, 0.6287999749183655, 0.6190000176429749, 0.6265000104904175, 0.633400022983551, 0.623199999332428, 0.6301000118255615, 0.6190000176429749, 0.6175000071525574, 0.6434000134468079, 0.629800021648407, 0.6215999722480774, 0.6168000102043152, 0.6261000037193298, 0.6546000242233276]}