{"FedAvg": [0.90420001745224, 0.4456000030040741, 0.7563999891281128, 0.12720000743865967, 0.5652999877929688, 0.11739999800920486, 0.5249999761581421, 0.16660000383853912, 0.2703999876976013, 0.14730000495910645, 0.29510000348091125, 0.13349999487400055, 0.2599000036716461, 0.1525000035762787, 0.22020000219345093, 0.15150000154972076, 0.18559999763965607, 0.13019999861717224, 0.16680000722408295, 0.14259999990463257, 0.16529999673366547, 0.14409999549388885, 0.12409999966621399, 0.1972000002861023, 0.11829999834299088, 0.1551000028848648, 0.13109999895095825, 0.15610000491142273, 0.1535000056028366, 0.10109999775886536, 0.20190000534057617, 0.08649999648332596, 0.20469999313354492, 0.08889999985694885, 0.1736000031232834, 0.09790000319480896, 0.16910000145435333, 0.07559999823570251, 0.1850000023841858, 0.08820000290870667, 0.1931000053882599, 0.13819999992847443, 0.14560000598430634, 0.10270000249147415, 0.10830000042915344, 0.13590000569820404, 0.09920000284910202, 0.15160000324249268, 0.094200000166893, 0.12600000202655792], "Median": [0.90420001745224, 0.90420001745224, 0.90420001745224, 0.90420001745224, 0.90420001745224, 0.90420001745224, 0.90420001745224, 0.90420001745224, 0.90420001745224, 0.90420001745224, 0.90420001745224, 0.90420001745224, 0.90420001745224, 0.90420001745224, 0.90420001745224, 0.90420001745224, 0.90420001745224, 0.90420001745224, 0.90420001745224, 0.90420001745224, 0.90420001745224, 0.90420001745224, 0.90420001745224, 0.90420001745224, 0.90420001745224, 0.90420001745224, 0.90420001745224, 0.90420001745224, 0.90420001745224, 0.90420001745224, 0.90420001745224, 0.90420001745224, 0.90420001745224, 0.90420001745224, 0.90420001745224, 0.8837000131607056, 0.9039999842643738, 0.8650000095367432, 0.90420001745224, 0.8920999765396118, 0.9032999873161316, 0.892300009727478, 0.90420001745224, 0.90420001745224, 0.90420001745224, 0.90420001745224, 0.90420001745224, 0.90420001745224, 0.90420001745224, 0.90420001745224], "MKrum": [0.90420001745224, 0.4611999988555908, 0.8702999949455261, 0.25119999051094055, 0.7957000136375427, 0.17730000615119934, 0.7384999990463257, 0.13660000264644623, 0.73089998960495, 0.11699999868869781, 0.7002999782562256, 0.10589999705553055, 0.7193999886512756, 0.33719998598098755, 0.8109999895095825, 0.13850000500679016, 0.718500018119812, 0.09030000120401382, 0.6901999711990356, 0.09570000320672989, 0.7404000163078308, 0.09120000153779984, 0.7495999932289124, 0.08940000087022781, 0.7444000244140625, 0.09969999641180038, 0.714900016784668, 0.11720000207424164, 0.7337999939918518, 0.09049999713897705, 0.7318000197410583, 0.15049999952316284, 0.871999979019165, 0.08340000361204147, 0.8496999740600586, 0.10119999945163727, 0.8680999875068665, 0.08659999817609787, 0.8421000242233276, 0.10270000249147415, 0.684499979019165, 0.12049999833106995, 0.7278000116348267, 0.09520000219345093, 0.8406000137329102, 0.08269999921321869, 0.7322999835014343, 0.09910000115633011, 0.7038999795913696, 0.09529999643564224], "AFA": [0.90420001745224, 0.8914999961853027, 0.90420001745224, 0.45190000534057617, 0.847599983215332, 0.20160000026226044, 0.788100004196167, 0.14069999754428864, 0.7228000164031982, 0.14339999854564667, 0.6050999760627747, 0.17479999363422394, 0.5666000247001648, 0.1776999980211258, 0.48179998993873596, 0.18639999628067017, 0.47450000047683716, 0.1647000014781952, 0.5027999877929688, 0.16210000216960907, 0.38589999079704285, 0.19599999487400055, 0.36329999566078186, 0.19670000672340393, 0.3529999852180481, 0.1850000023841858, 0.35040000081062317, 0.18559999763965607, 0.374099999666214, 0.15559999644756317, 0.387800008058548, 0.1315000057220459, 0.4113999903202057, 0.11969999969005585, 0.35010001063346863, 0.13619999587535858, 0.40619999170303345, 0.13199999928474426, 0.353300005197525, 0.1273999959230423, 0.3700000047683716, 0.1062999963760376, 0.3440999984741211, 0.13079999387264252, 0.3698999881744385, 0.10170000046491623, 0.35249999165534973, 0.11860000342130661, 0.33959999680519104, 0.11550000309944153], "FedMGDAplus": [0.90420001745224, 0.90420001745224, 0.90420001745224, 0.90420001745224, 0.90420001745224, 0.90420001745224, 0.90420001745224, 0.90420001745224, 0.90420001745224, 0.90420001745224, 0.90420001745224, 0.90420001745224, 0.90420001745224, 0.90420001745224, 0.90420001745224, 0.90420001745224, 0.90420001745224, 0.90420001745224, 0.90420001745224, 0.90420001745224, 0.90420001745224, 0.90420001745224, 0.90420001745224, 0.90420001745224, 0.90420001745224, 0.90420001745224, 0.90420001745224, 0.90420001745224, 0.90420001745224, 0.90420001745224, 0.90420001745224, 0.90420001745224, 0.90420001745224, 0.90420001745224, 0.90420001745224, 0.90420001745224, 0.90420001745224, 0.90420001745224, 0.90420001745224, 0.90420001745224, 0.90420001745224, 0.90420001745224, 0.90420001745224, 0.90420001745224, 0.90420001745224, 0.90420001745224, 0.90420001745224, 0.90420001745224, 0.90420001745224, 0.90420001745224], "CenteredClipping": [0.90420001745224, 0.90420001745224, 0.90420001745224, 0.90420001745224, 0.90420001745224, 0.90420001745224, 0.90420001745224, 0.90420001745224, 0.90420001745224, 0.90420001745224, 0.90420001745224, 0.90420001745224, 0.90420001745224, 0.90420001745224, 0.90420001745224, 0.90420001745224, 0.90420001745224, 0.90420001745224, 0.90420001745224, 0.90420001745224, 0.90420001745224, 0.90420001745224, 0.90420001745224, 0.90420001745224, 0.90420001745224, 0.90420001745224, 0.90420001745224, 0.90420001745224, 0.90420001745224, 0.90420001745224, 0.90420001745224, 0.90420001745224, 0.90420001745224, 0.90420001745224, 0.90420001745224, 0.90420001745224, 0.90420001745224, 0.90420001745224, 0.90420001745224, 0.90420001745224, 0.90420001745224, 0.90420001745224, 0.90420001745224, 0.90420001745224, 0.90420001745224, 0.90420001745224, 0.90420001745224, 0.90420001745224, 0.90420001745224, 0.90420001745224], "RFCL": [0.90420001745224, 0.2551000118255615, 0.14219999313354492, 0.11699999868869781, 0.09019999951124191, 0.08420000225305557, 0.08410000056028366, 0.12349999696016312, 0.0771000012755394, 0.07249999791383743, 0.07169999927282333, 0.08429999649524689, 0.06790000200271606, 0.06700000166893005, 0.06509999930858612, 0.06340000033378601, 0.061000000685453415, 0.05939999967813492, 0.06390000134706497, 0.06300000101327896, 0.06239999830722809, 0.05860000103712082, 0.13760000467300415, 0.09449999779462814, 0.06260000169277191, 0.061400000005960464, 0.058800000697374344, 0.05900000035762787, 0.05939999967813492, 0.05480000004172325, 0.05700000002980232, 0.05739999935030937, 0.05609999969601631, 0.057100001722574234, 0.056699998676776886, 0.05779999867081642, 0.06030000001192093, 0.05400000140070915, 0.05620000138878822, 0.05689999833703041, 0.050599999725818634, 0.054099999368190765, 0.05299999937415123, 0.0544000007212162, 0.05350000038743019, 0.08839999884366989, 0.05480000004172325, 0.05570000037550926, 0.054099999368190765, 0.053199999034404755]}