{"FedAvg": [0.8973000049591064, 0.896399974822998, 0.8982999920845032, 0.8891000151634216, 0.8962000012397766, 0.9003000259399414, 0.8967000246047974, 0.9042999744415283, 0.8960000276565552, 0.8889999985694885, 0.8848999738693237, 0.9031000137329102, 0.9039000272750854, 0.907800018787384, 0.9018999934196472, 0.8973000049591064, 0.8974000215530396, 0.9009000062942505, 0.9072999954223633, 0.906499981880188, 0.8989999890327454, 0.9013000130653381, 0.9021000266075134, 0.8986999988555908, 0.9004999995231628, 0.8956999778747559, 0.8986999988555908, 0.9017999768257141, 0.8992999792098999, 0.8985000252723694, 0.9082000255584717, 0.9043999910354614, 0.9088000059127808, 0.9027000069618225, 0.909500002861023, 0.9075000286102295, 0.9023000001907349, 0.8977000117301941, 0.901199996471405, 0.8982999920845032, 0.901199996471405, 0.8996999859809875, 0.9021999835968018, 0.8952999711036682, 0.8989999890327454, 0.8960999846458435, 0.8967000246047974, 0.8840000033378601, 0.8934000134468079, 0.8855000138282776], "Median": [0.7785999774932861, 0.545199990272522, 0.44029998779296875, 0.2874999940395355, 0.16979999840259552, 0.10729999840259552, 0.09430000185966492, 0.08919999748468399, 0.0828000009059906, 0.08030000329017639, 0.0738999992609024, 0.07440000027418137, 0.07400000095367432, 0.07079999893903732, 0.06859999895095825, 0.06679999828338623, 0.06560000032186508, 0.06239999830722809, 0.05999999865889549, 0.06610000133514404, 0.061000000685453415, 0.057999998331069946, 0.06019999831914902, 0.05860000103712082, 0.0568000003695488, 0.057999998331069946, 0.055799998342990875, 0.05249999836087227, 0.054999999701976776, 0.05480000004172325, 0.05400000140070915, 0.05290000140666962, 0.052299998700618744, 0.0551999993622303, 0.051100000739097595, 0.052000001072883606, 0.050700001418590546, 0.050999999046325684, 0.05180000141263008, 0.05000000074505806, 0.048700001090765, 0.04729999974370003, 0.04879999905824661, 0.04740000143647194, 0.047200001776218414, 0.04670000076293945, 0.04610000178217888, 0.04639999940991402, 0.04479999840259552, 0.04439999908208847], "MKrum": [0.8963000178337097, 0.8984000086784363, 0.9139000177383423, 0.9028000235557556, 0.8988999724388123, 0.8942000269889832, 0.8988000154495239, 0.8955000042915344, 0.904699981212616, 0.8985999822616577, 0.8967999815940857, 0.9004999995231628, 0.9070000052452087, 0.9086999893188477, 0.9121000170707703, 0.8985999822616577, 0.9068999886512756, 0.907800018787384, 0.9085999727249146, 0.902999997138977, 0.8999000191688538, 0.8996000289916992, 0.8985000252723694, 0.9006999731063843, 0.9061999917030334, 0.9025999903678894, 0.8956000208854675, 0.8931999802589417, 0.8938999772071838, 0.9045000076293945, 0.8999000191688538, 0.8921999931335449, 0.9071999788284302, 0.9049000144004822, 0.9050999879837036, 0.9021999835968018, 0.9063000082969666, 0.9007999897003174, 0.8999999761581421, 0.8938000202178955, 0.8891000151634216, 0.8916000127792358, 0.899399995803833, 0.8944000005722046, 0.9053000211715698, 0.902899980545044, 0.8989999890327454, 0.8952999711036682, 0.8985999822616577, 0.907800018787384], "AFA": [0.890999972820282, 0.9031000137329102, 0.8963000178337097, 0.894599974155426, 0.9021999835968018, 0.8889999985694885, 0.8967000246047974, 0.8945000171661377, 0.8899999856948853, 0.9053999781608582, 0.9047999978065491, 0.8988999724388123, 0.9035999774932861, 0.9082000255584717, 0.9077000021934509, 0.9125999808311462, 0.9097999930381775, 0.9074000120162964, 0.9064000248908997, 0.9035000205039978, 0.9039000272750854, 0.9031999707221985, 0.9063000082969666, 0.9100000262260437, 0.9047999978065491, 0.9010000228881836, 0.9021000266075134, 0.9009000062942505, 0.9042999744415283, 0.9003000259399414, 0.9101999998092651, 0.8970999717712402, 0.8948000073432922, 0.9047999978065491, 0.900600016117096, 0.904699981212616, 0.9043999910354614, 0.9018999934196472, 0.895799994468689, 0.8999000191688538, 0.9028000235557556, 0.9017000198364258, 0.9053999781608582, 0.8967000246047974, 0.8840000033378601, 0.8776000142097473, 0.8792999982833862, 0.878600001335144, 0.887499988079071, 0.883400022983551], "FedMGDAplus": [0.9003999829292297, 0.8985000252723694, 0.9128999710083008, 0.9052000045776367, 0.8967000246047974, 0.8985000252723694, 0.8907999992370605, 0.8913000226020813, 0.8884999752044678, 0.8892999887466431, 0.8966000080108643, 0.896399974822998, 0.900600016117096, 0.9056000113487244, 0.9017999768257141, 0.901199996471405, 0.8960999846458435, 0.9101999998092651, 0.9104999899864197, 0.9096999764442444, 0.9092000126838684, 0.9088000059127808, 0.9089999794960022, 0.9110000133514404, 0.9093999862670898, 0.9082000255584717, 0.909600019454956, 0.9133999943733215, 0.9103000164031982, 0.9110999703407288, 0.907800018787384, 0.9124000072479248, 0.9121999740600586, 0.911300003528595, 0.9111999869346619, 0.9121999740600586, 0.9065999984741211, 0.9110000133514404, 0.911899983882904, 0.9101999998092651, 0.9090999960899353, 0.906000018119812, 0.9081000089645386, 0.9067999720573425, 0.9057000279426575, 0.9071000218391418, 0.9056000113487244, 0.9079999923706055, 0.9063000082969666, 0.9110999703407288], "CenteredClipping": [0.8916000127792358, 0.8981999754905701, 0.892300009727478, 0.8870999813079834, 0.8907999992370605, 0.8884999752044678, 0.8935999870300293, 0.8848999738693237, 0.8877999782562256, 0.8813999891281128, 0.8754000067710876, 0.8716999888420105, 0.8774999976158142, 0.8744000196456909, 0.892300009727478, 0.8899000287055969, 0.8931999802589417, 0.9020000100135803, 0.9035999774932861, 0.8949999809265137, 0.8992000222206116, 0.8988000154495239, 0.9021999835968018, 0.8885999917984009, 0.8892999887466431, 0.8913999795913696, 0.8927000164985657, 0.8921999931335449, 0.8855000138282776, 0.8844000101089478, 0.8838000297546387, 0.885699987411499, 0.8902000188827515, 0.8891000151634216, 0.8792999982833862, 0.887499988079071, 0.8849999904632568, 0.8827999830245972, 0.887499988079071, 0.8896999955177307, 0.8867999911308289, 0.8820000290870667, 0.8848000168800354, 0.8730999827384949, 0.8773999810218811, 0.8791000247001648, 0.8804000020027161, 0.885200023651123, 0.887499988079071, 0.8790000081062317], "RFCL": [0.6154000163078308, 0.30309998989105225, 0.12790000438690186, 0.10400000214576721, 0.09589999914169312, 0.0908999964594841, 0.10050000250339508, 0.0786999985575676, 0.07769999653100967, 0.07750000059604645, 0.06989999860525131, 0.06949999928474426, 0.06689999997615814, 0.06960000097751617, 0.06469999998807907, 0.06390000134706497, 0.06289999932050705, 0.06390000134706497, 0.06459999829530716, 0.0632999986410141, 0.06300000101327896, 0.06469999998807907, 0.06800000369548798, 0.05849999934434891, 0.061500001698732376, 0.0632999986410141, 0.05730000138282776, 0.05739999935030937, 0.05950000137090683, 0.05849999934434891, 0.05939999967813492, 0.05810000002384186, 0.05739999935030937, 0.056699998676776886, 0.05570000037550926, 0.05719999969005585, 0.055799998342990875, 0.055399999022483826, 0.061500001698732376, 0.057500001043081284, 0.05530000105500221, 0.055399999022483826, 0.05689999833703041, 0.05460000038146973, 0.05829999968409538, 0.06689999997615814, 0.07569999992847443, 0.055399999022483826, 0.05310000106692314, 0.05559999868273735]}