{"FedAvg": [0.7408999800682068, 0.3127000033855438, 0.18029999732971191, 0.11259999871253967, 0.10700000077486038, 0.14429999887943268, 0.09099999815225601, 0.08569999784231186, 0.08209999650716782, 0.07699999958276749, 0.07609999924898148, 0.0723000019788742, 0.0706000030040741, 0.06809999793767929, 0.0658000037074089, 0.06390000134706497, 0.06390000134706497, 0.06469999998807907, 0.0640999972820282, 0.07779999822378159, 0.07349999994039536, 0.058400001376867294, 0.05869999900460243, 0.05820000171661377, 0.06120000034570694, 0.05700000002980232, 0.05829999968409538, 0.05590000003576279, 0.05480000004172325, 0.05869999900460243, 0.05460000038146973, 0.05469999834895134, 0.05339999869465828, 0.05299999937415123, 0.053199999034404755, 0.0551999993622303, 0.06199999898672104, 0.05339999869465828, 0.05249999836087227, 0.0608999989926815, 0.04960000142455101, 0.054099999368190765, 0.04919999837875366, 0.04899999871850014, 0.053300000727176666, 0.049800001084804535, 0.051899999380111694, 0.05050000175833702, 0.04910000041127205, 0.04879999905824661], "Median": [0.800599992275238, 0.6753000020980835, 0.6123999953269958, 0.5177000164985657, 0.35109999775886536, 0.2329999953508377, 0.19499999284744263, 0.1875, 0.17470000684261322, 0.09929999709129333, 0.08980000019073486, 0.08980000019073486, 0.08460000157356262, 0.08259999752044678, 0.07999999821186066, 0.07660000026226044, 0.07460000365972519, 0.07289999723434448, 0.07339999824762344, 0.07199999690055847, 0.06930000334978104, 0.06849999725818634, 0.06790000200271606, 0.0640999972820282, 0.06629999727010727, 0.0658000037074089, 0.06520000100135803, 0.06340000033378601, 0.061400000005960464, 0.05909999832510948, 0.06210000067949295, 0.05820000171661377, 0.058800000697374344, 0.05869999900460243, 0.05820000171661377, 0.05959999933838844, 0.05559999868273735, 0.058800000697374344, 0.05609999969601631, 0.054999999701976776, 0.056299999356269836, 0.05480000004172325, 0.05429999902844429, 0.053599998354911804, 0.05420000106096268, 0.0544000007212162, 0.05469999834895134, 0.05130000039935112, 0.05050000175833702, 0.05009999871253967], "MKrum": [0.8999000191688538, 0.4311000108718872, 0.2953999936580658, 0.1964000016450882, 0.13220000267028809, 0.1256999969482422, 0.0989999994635582, 0.0917000025510788, 0.08900000154972076, 0.09049999713897705, 0.08269999921321869, 0.08030000329017639, 0.07720000296831131, 0.07590000331401825, 0.07460000365972519, 0.07209999859333038, 0.06710000336170197, 0.07670000195503235, 0.07500000298023224, 0.0746999979019165, 0.07800000160932541, 0.0737999975681305, 0.07199999690055847, 0.094200000166893, 0.0649000033736229, 0.06970000267028809, 0.07050000131130219, 0.06620000302791595, 0.07320000231266022, 0.06360000371932983, 0.06710000336170197, 0.06650000065565109, 0.06289999932050705, 0.06639999896287918, 0.06319999694824219, 0.066600002348423, 0.06400000303983688, 0.06310000270605087, 0.06759999692440033, 0.06260000169277191, 0.06040000170469284, 0.06199999898672104, 0.0608999989926815, 0.06040000170469284, 0.07199999690055847, 0.06300000101327896, 0.07090000063180923, 0.06379999965429306, 0.06769999861717224, 0.060499999672174454], "AFA": [0.8661999702453613, 0.44029998779296875, 0.2337000072002411, 0.131400004029274, 0.11959999799728394, 0.11079999804496765, 0.09880000352859497, 0.09960000216960907, 0.08820000290870667, 0.08489999920129776, 0.08209999650716782, 0.0835999995470047, 0.07509999722242355, 0.07639999687671661, 0.07590000331401825, 0.07450000196695328, 0.0697999969124794, 0.07180000096559525, 0.06880000233650208, 0.06729999929666519, 0.06909999996423721, 0.06539999693632126, 0.06440000236034393, 0.0617000013589859, 0.06539999693632126, 0.0649000033736229, 0.061500001698732376, 0.061799999326467514, 0.05810000002384186, 0.060600001364946365, 0.05609999969601631, 0.05820000171661377, 0.05550000071525574, 0.05389999970793724, 0.05609999969601631, 0.055399999022483826, 0.05220000073313713, 0.05570000037550926, 0.05530000105500221, 0.05290000140666962, 0.05389999970793724, 0.05310000106692314, 0.051100000739097595, 0.05810000002384186, 0.052000001072883606, 0.0494999997317791, 0.052000001072883606, 0.05169999971985817, 0.04830000177025795, 0.04899999871850014], "FedMGDAplus": [0.7720999717712402, 0.4388999938964844, 0.2791000008583069, 0.17960000038146973, 0.148499995470047, 0.15139999985694885, 0.13760000467300415, 0.14399999380111694, 0.1193000003695488, 0.12530000507831573, 0.12110000103712082, 0.11670000106096268, 0.11710000038146973, 0.11289999634027481, 0.10689999908208847, 0.09939999878406525, 0.09440000355243683, 0.10509999841451645, 0.10109999775886536, 0.10109999775886536, 0.10339999943971634, 0.10329999774694443, 0.09880000352859497, 0.10130000114440918, 0.09099999815225601, 0.10080000013113022, 0.0892999991774559, 0.08879999816417694, 0.08869999647140503, 0.093299999833107, 0.09300000220537186, 0.08919999748468399, 0.09200000017881393, 0.08460000157356262, 0.08749999850988388, 0.09239999949932098, 0.08900000154972076, 0.08449999988079071, 0.08150000125169754, 0.08489999920129776, 0.08449999988079071, 0.08299999684095383, 0.08070000261068344, 0.08150000125169754, 0.07850000262260437, 0.08179999887943268, 0.08290000259876251, 0.08540000021457672, 0.07980000227689743, 0.07760000228881836], "CenteredClipping": [0.7663999795913696, 0.647599995136261, 0.45019999146461487, 0.3580999970436096, 0.22630000114440918, 0.16680000722408295, 0.11339999735355377, 0.10610000044107437, 0.094200000166893, 0.08569999784231186, 0.08399999886751175, 0.08510000258684158, 0.08049999922513962, 0.08420000225305557, 0.07959999889135361, 0.07569999992847443, 0.07320000231266022, 0.07289999723434448, 0.07450000196695328, 0.07280000299215317, 0.07199999690055847, 0.06970000267028809, 0.07129999995231628, 0.06689999997615814, 0.06909999996423721, 0.06800000369548798, 0.06620000302791595, 0.06430000066757202, 0.06350000202655792, 0.0632999986410141, 0.0632999986410141, 0.06199999898672104, 0.0617000013589859, 0.05849999934434891, 0.05719999969005585, 0.06289999932050705, 0.05959999933838844, 0.060600001364946365, 0.05889999866485596, 0.05700000002980232, 0.05609999969601631, 0.05719999969005585, 0.05739999935030937, 0.058800000697374344, 0.05429999902844429, 0.05649999901652336, 0.05719999969005585, 0.05380000174045563, 0.05260000005364418, 0.05209999904036522], "RFCL": [0.90420001745224, 0.8424000144004822, 0.7710000276565552, 0.8611999750137329, 0.546500027179718, 0.32659998536109924, 0.45989999175071716, 0.15230000019073486, 0.1111999973654747, 0.10010000318288803, 0.0925000011920929, 0.08900000154972076, 0.08449999988079071, 0.0843999981880188, 0.07779999822378159, 0.07819999754428864, 0.07259999960660934, 0.07590000331401825, 0.07240000367164612, 0.06870000064373016, 0.07050000131130219, 0.06629999727010727, 0.06700000166893005, 0.06289999932050705, 0.06840000301599503, 0.0625, 0.06520000100135803, 0.06040000170469284, 0.05999999865889549, 0.06199999898672104, 0.062199998646974564, 0.06069999933242798, 0.059700001031160355, 0.0575999990105629, 0.055399999022483826, 0.05900000035762787, 0.05609999969601631, 0.05480000004172325, 0.05590000003576279, 0.05719999969005585, 0.05350000038743019, 0.05429999902844429, 0.05400000140070915, 0.0560000017285347, 0.05350000038743019, 0.052799999713897705, 0.05270000174641609, 0.05000000074505806, 0.05180000141263008, 0.05009999871253967]}