{"FedAvg": [0.9007999897003174, 0.35190001130104065, 0.267300009727478, 0.16290000081062317, 0.15530000627040863, 0.10700000077486038, 0.13259999454021454, 0.1509000062942505, 0.10740000009536743, 0.08669999986886978, 0.09920000284910202, 0.08399999886751175, 0.09570000320672989, 0.08500000089406967, 0.08560000360012054, 0.0794999971985817, 0.0803999975323677, 0.07900000363588333, 0.07129999995231628, 0.06790000200271606, 0.0820000022649765, 0.07530000060796738, 0.07069999724626541, 0.06400000303983688, 0.06960000097751617, 0.06889999657869339, 0.06729999929666519, 0.06239999830722809, 0.05810000002384186, 0.12330000102519989, 0.05939999967813492, 0.0632999986410141, 0.061500001698732376, 0.0892999991774559, 0.0658000037074089, 0.0640999972820282, 0.061400000005960464, 0.06159999966621399, 0.06430000066757202, 0.05570000037550926, 0.056699998676776886, 0.05770000070333481, 0.06270000338554382, 0.05550000071525574, 0.05959999933838844, 0.05169999971985817, 0.05829999968409538, 0.0568000003695488, 0.05420000106096268, 0.05469999834895134], "Median": [0.9038000106811523, 0.8094000220298767, 0.8500999808311462, 0.6704000234603882, 0.5572999715805054, 0.4551999866962433, 0.3628999888896942, 0.3725000023841858, 0.23690000176429749, 0.24140000343322754, 0.17110000550746918, 0.1606999933719635, 0.13339999318122864, 0.13030000030994415, 0.12080000340938568, 0.11810000240802765, 0.11749999970197678, 0.10540000349283218, 0.1137000024318695, 0.10379999876022339, 0.10520000010728836, 0.09529999643564224, 0.10419999808073044, 0.0940999984741211, 0.1080000028014183, 0.09849999845027924, 0.09740000218153, 0.09489999711513519, 0.09459999948740005, 0.09260000288486481, 0.09070000052452087, 0.0940999984741211, 0.09290000051259995, 0.0860000029206276, 0.08309999853372574, 0.08330000191926956, 0.08410000056028366, 0.08980000019073486, 0.08250000327825546, 0.0869000032544136, 0.07729999721050262, 0.08240000158548355, 0.08079999685287476, 0.08410000056028366, 0.07769999653100967, 0.0763000026345253, 0.0835999995470047, 0.07639999687671661, 0.07450000196695328, 0.07639999687671661], "MKrum": [0.9000999927520752, 0.4163999855518341, 0.23720000684261322, 0.2280000001192093, 0.328900009393692, 0.1477999985218048, 0.2912999987602234, 0.11190000176429749, 0.21040000021457672, 0.1193000003695488, 0.20350000262260437, 0.10559999942779541, 0.2045000046491623, 0.15479999780654907, 0.18629999458789825, 0.10859999805688858, 0.19499999284744263, 0.0949999988079071, 0.18690000474452972, 0.08889999985694885, 0.0820000022649765, 0.18250000476837158, 0.22100000083446503, 0.16940000653266907, 0.09080000221729279, 0.26269999146461487, 0.0828000009059906, 0.23019999265670776, 0.09969999641180038, 0.1347000002861023, 0.09470000118017197, 0.1509000062942505, 0.0843999981880188, 0.17299999296665192, 0.08969999849796295, 0.16760000586509705, 0.09179999679327011, 0.18279999494552612, 0.0754999965429306, 0.21930000185966492, 0.07649999856948853, 0.19110000133514404, 0.08889999985694885, 0.16850000619888306, 0.08789999783039093, 0.17409999668598175, 0.09719999879598618, 0.2101999968290329, 0.08569999784231186, 0.155799999833107], "AFA": [0.90420001745224, 0.3659000098705292, 0.3490000069141388, 0.13930000364780426, 0.25209999084472656, 0.12870000302791595, 0.1809999942779541, 0.11289999634027481, 0.1615999937057495, 0.11640000343322754, 0.12520000338554382, 0.11710000038146973, 0.10679999738931656, 0.10949999839067459, 0.10559999942779541, 0.1005999967455864, 0.09459999948740005, 0.11069999635219574, 0.08500000089406967, 0.09889999777078629, 0.08910000324249268, 0.09139999747276306, 0.08860000222921371, 0.07729999721050262, 0.09290000051259995, 0.08980000019073486, 0.08649999648332596, 0.0754999965429306, 0.08820000290870667, 0.07020000368356705, 0.0794999971985817, 0.06759999692440033, 0.10270000249147415, 0.06939999759197235, 0.0771000012755394, 0.0786999985575676, 0.0706000030040741, 0.07540000230073929, 0.06989999860525131, 0.0860000029206276, 0.06390000134706497, 0.07660000026226044, 0.06700000166893005, 0.06960000097751617, 0.06270000338554382, 0.07320000231266022, 0.0625, 0.05900000035762787, 0.0754999965429306, 0.07280000299215317], "FedMGDAplus": [0.90420001745224, 0.8152999877929688, 0.90420001745224, 0.64410001039505, 0.8902000188827515, 0.27649998664855957, 0.90420001745224, 0.8970000147819519, 0.5992000102996826, 0.8877999782562256, 0.5824000239372253, 0.8980000019073486, 0.7815999984741211, 0.8025000095367432, 0.79830002784729, 0.8476999998092651, 0.7720000147819519, 0.8898000121116638, 0.7993999719619751, 0.8769000172615051, 0.8026999831199646, 0.8845000267028809, 0.8661999702453613, 0.828499972820282, 0.8924999833106995, 0.8727999925613403, 0.8884000182151794, 0.8486999869346619, 0.8982999920845032, 0.8820000290870667, 0.8859999775886536, 0.8812000155448914, 0.892799973487854, 0.8845000267028809, 0.8898000121116638, 0.8960000276565552, 0.8986999988555908, 0.9017000198364258, 0.902899980545044, 0.9039999842643738, 0.9039000272750854, 0.9039999842643738, 0.9039999842643738, 0.90420001745224, 0.90420001745224, 0.90420001745224, 0.90420001745224, 0.9041000008583069, 0.90420001745224, 0.9041000008583069], "CenteredClipping": [0.9041000008583069, 0.7275999784469604, 0.8044999837875366, 0.4657000005245209, 0.4124999940395355, 0.2639999985694885, 0.21780000627040863, 0.15129999816417694, 0.14259999990463257, 0.1282999962568283, 0.12950000166893005, 0.11599999666213989, 0.11469999700784683, 0.1160999983549118, 0.10289999842643738, 0.10580000281333923, 0.10300000011920929, 0.10140000283718109, 0.09939999878406525, 0.10239999741315842, 0.09300000220537186, 0.09759999811649323, 0.09449999779462814, 0.09860000014305115, 0.08990000188350677, 0.09619999676942825, 0.09269999712705612, 0.094200000166893, 0.08749999850988388, 0.09269999712705612, 0.08879999816417694, 0.08810000121593475, 0.08780000358819962, 0.08789999783039093, 0.0860000029206276, 0.08449999988079071, 0.08100000023841858, 0.08529999852180481, 0.07970000058412552, 0.08370000123977661, 0.0820000022649765, 0.0763000026345253, 0.08479999750852585, 0.07959999889135361, 0.08429999649524689, 0.07400000095367432, 0.07850000262260437, 0.07569999992847443, 0.07530000060796738, 0.0731000006198883], "RFCL": [0.90420001745224, 0.8729000091552734, 0.8675000071525574, 0.7023000121116638, 0.8763999938964844, 0.4657999873161316, 0.2924000024795532, 0.16750000417232513, 0.11829999834299088, 0.10279999673366547, 0.09139999747276306, 0.08640000224113464, 0.08229999989271164, 0.08240000158548355, 0.07890000194311142, 0.07649999856948853, 0.07209999859333038, 0.07419999688863754, 0.07010000199079514, 0.0689999982714653, 0.07000000029802322, 0.06729999929666519, 0.06520000100135803, 0.06040000170469284, 0.06669999659061432, 0.06199999898672104, 0.06030000001192093, 0.0608999989926815, 0.05590000003576279, 0.059300001710653305, 0.05810000002384186, 0.05739999935030937, 0.0560000017285347, 0.05559999868273735, 0.05530000105500221, 0.05739999935030937, 0.053300000727176666, 0.05260000005364418, 0.05220000073313713, 0.055399999022483826, 0.05220000073313713, 0.052299998700618744, 0.05130000039935112, 0.050200000405311584, 0.05119999870657921, 0.0494999997317791, 0.05139999836683273, 0.051899999380111694, 0.04879999905824661, 0.048500001430511475]}