{"FedAvg": [0.90420001745224, 0.35010001063346863, 0.5105999708175659, 0.15410000085830688, 0.23929999768733978, 0.1518000066280365, 0.18719999492168427, 0.12479999661445618, 0.15569999814033508, 0.11100000143051147, 0.13179999589920044, 0.19840000569820404, 0.1282999962568283, 0.1014999970793724, 0.12300000339746475, 0.10400000214576721, 0.12060000002384186, 0.09610000252723694, 0.09709999710321426, 0.09390000253915787, 0.09740000218153, 0.09359999746084213, 0.09520000219345093, 0.08720000088214874, 0.08449999988079071, 0.07109999656677246, 0.08910000324249268, 0.09600000083446503, 0.0786999985575676, 0.0820000022649765, 0.07479999959468842, 0.0835999995470047, 0.07320000231266022, 0.08640000224113464, 0.07739999890327454, 0.08540000021457672, 0.06930000334978104, 0.07150000333786011, 0.07209999859333038, 0.07519999891519547, 0.05990000069141388, 0.07989999651908875, 0.07590000331401825, 0.06700000166893005, 0.06509999930858612, 0.0738999992609024, 0.06629999727010727, 0.08229999989271164, 0.06889999657869339, 0.07259999960660934], "Median": [0.90420001745224, 0.858299970626831, 0.8295000195503235, 0.9032999873161316, 0.8356000185012817, 0.8547999858856201, 0.8892999887466431, 0.8130999803543091, 0.8806999921798706, 0.7052000164985657, 0.6373999714851379, 0.42399999499320984, 0.7386999726295471, 0.3228999972343445, 0.659600019454956, 0.30489999055862427, 0.46619999408721924, 0.32420000433921814, 0.36410000920295715, 0.3431999981403351, 0.3257000148296356, 0.3107999861240387, 0.30219998955726624, 0.29100000858306885, 0.272599995136261, 0.2784999907016754, 0.2467000037431717, 0.2572999894618988, 0.2612999975681305, 0.22709999978542328, 0.2460000067949295, 0.2531999945640564, 0.2143000066280365, 0.23360000550746918, 0.23090000450611115, 0.21780000627040863, 0.20659999549388885, 0.22519999742507935, 0.2151000052690506, 0.21799999475479126, 0.23989999294281006, 0.22280000150203705, 0.21359999477863312, 0.20399999618530273, 0.20239999890327454, 0.1973000019788742, 0.19660000503063202, 0.20479999482631683, 0.20020000636577606, 0.1898999959230423], "MKrum": [0.90420001745224, 0.4465999901294708, 0.7796000242233276, 0.26080000400543213, 0.546999990940094, 0.14030000567436218, 0.5461999773979187, 0.2176000028848648, 0.4481000006198883, 0.10530000180006027, 0.35989999771118164, 0.1526000052690506, 0.7024000287055969, 0.09080000221729279, 0.4632999897003174, 0.08780000358819962, 0.3749000132083893, 0.12800000607967377, 0.45249998569488525, 0.17190000414848328, 0.6384999752044678, 0.09939999878406525, 0.4348999857902527, 0.23839999735355377, 0.1598999947309494, 0.26820001006126404, 0.352400004863739, 0.2515000104904175, 0.47279998660087585, 0.11559999734163284, 0.25690001249313354, 0.1023000031709671, 0.6863999962806702, 0.09399999678134918, 0.447299987077713, 0.15459999442100525, 0.6446999907493591, 0.07010000199079514, 0.44909998774528503, 0.08609999716281891, 0.41819998621940613, 0.15489999949932098, 0.3034000098705292, 0.2840999960899353, 0.322299987077713, 0.09529999643564224, 0.3788999915122986, 0.0949999988079071, 0.3666999936103821, 0.08940000087022781], "AFA": [0.90420001745224, 0.525600016117096, 0.7404000163078308, 0.25949999690055847, 0.5332000255584717, 0.1340000033378601, 0.45590001344680786, 0.11940000206232071, 0.3052000105381012, 0.1445000022649765, 0.2467000037431717, 0.12839999794960022, 0.23659999668598175, 0.1354999989271164, 0.2029999941587448, 0.1257999986410141, 0.18019999563694, 0.12720000743865967, 0.1606999933719635, 0.1289999932050705, 0.1444000005722046, 0.13860000669956207, 0.14350000023841858, 0.1429000049829483, 0.1177000030875206, 0.1664000004529953, 0.0885000005364418, 0.15199999511241913, 0.10779999941587448, 0.1565999984741211, 0.09099999815225601, 0.1875, 0.09040000289678574, 0.15360000729560852, 0.0997999981045723, 0.15950000286102295, 0.09650000184774399, 0.13699999451637268, 0.09440000355243683, 0.15109999477863312, 0.08749999850988388, 0.21250000596046448, 0.0658000037074089, 0.16910000145435333, 0.07800000160932541, 0.14990000426769257, 0.07109999656677246, 0.15389999747276306, 0.06750000268220901, 0.17820000648498535], "FedMGDAplus": [0.90420001745224, 0.90420001745224, 0.90420001745224, 0.90420001745224, 0.90420001745224, 0.90420001745224, 0.90420001745224, 0.90420001745224, 0.90420001745224, 0.90420001745224, 0.90420001745224, 0.90420001745224, 0.90420001745224, 0.90420001745224, 0.90420001745224, 0.90420001745224, 0.90420001745224, 0.90420001745224, 0.90420001745224, 0.90420001745224, 0.90420001745224, 0.90420001745224, 0.90420001745224, 0.90420001745224, 0.90420001745224, 0.90420001745224, 0.90420001745224, 0.90420001745224, 0.90420001745224, 0.90420001745224, 0.90420001745224, 0.90420001745224, 0.90420001745224, 0.90420001745224, 0.90420001745224, 0.90420001745224, 0.90420001745224, 0.90420001745224, 0.90420001745224, 0.90420001745224, 0.90420001745224, 0.90420001745224, 0.90420001745224, 0.90420001745224, 0.90420001745224, 0.90420001745224, 0.90420001745224, 0.90420001745224, 0.90420001745224, 0.90420001745224], "CenteredClipping": [0.90420001745224, 0.8324999809265137, 0.90420001745224, 0.6672000288963318, 0.9017000198364258, 0.47679999470710754, 0.6852999925613403, 0.2669999897480011, 0.6328999996185303, 0.24709999561309814, 0.486299991607666, 0.2207999974489212, 0.4138000011444092, 0.22509999573230743, 0.3303999900817871, 0.27799999713897705, 0.27079999446868896, 0.2953999936580658, 0.25609999895095825, 0.27230000495910645, 0.24950000643730164, 0.2272000014781952, 0.2678000032901764, 0.24879999458789825, 0.22859999537467957, 0.2542000114917755, 0.23280000686645508, 0.24269999563694, 0.2143000066280365, 0.19750000536441803, 0.2387000024318695, 0.20509999990463257, 0.2206999957561493, 0.20250000059604645, 0.19939999282360077, 0.21389999985694885, 0.19329999387264252, 0.21040000021457672, 0.18240000307559967, 0.20649999380111694, 0.21410000324249268, 0.18889999389648438, 0.20029999315738678, 0.20180000364780426, 0.19329999387264252, 0.18940000236034393, 0.1826999932527542, 0.18770000338554382, 0.1923000067472458, 0.1720000058412552], "RFCL": [0.90420001745224, 0.8834999799728394, 0.786300003528595, 0.7958999872207642, 0.7426999807357788, 0.4074999988079071, 0.24050000309944153, 0.15320000052452087, 0.10930000245571136, 0.09769999980926514, 0.09809999912977219, 0.08889999985694885, 0.08889999985694885, 0.08569999784231186, 0.07739999890327454, 0.07670000195503235, 0.08370000123977661, 0.07259999960660934, 0.07150000333786011, 0.07339999824762344, 0.06920000165700912, 0.06859999895095825, 0.06440000236034393, 0.06499999761581421, 0.06679999828338623, 0.06310000270605087, 0.06390000134706497, 0.06889999657869339, 0.0568000003695488, 0.060499999672174454, 0.06369999796152115, 0.056699998676776886, 0.057999998331069946, 0.05829999968409538, 0.05609999969601631, 0.05810000002384186, 0.0560000017285347, 0.05590000003576279, 0.055399999022483826, 0.05790000036358833, 0.05550000071525574, 0.05469999834895134, 0.05270000174641609, 0.05820000171661377, 0.05260000005364418, 0.05220000073313713, 0.051600001752376556, 0.05480000004172325, 0.054499998688697815, 0.05000000074505806]}