{"FedAvg": [0.9031000137329102, 0.8978999853134155, 0.8912000060081482, 0.9035000205039978, 0.9050999879837036, 0.8932999968528748, 0.8902000188827515, 0.8899000287055969, 0.8914999961853027, 0.8934999704360962, 0.8921999931335449, 0.8913999795913696, 0.8842999935150146, 0.8828999996185303, 0.8838000297546387, 0.8967999815940857, 0.894599974155426, 0.8948000073432922, 0.900600016117096, 0.8999000191688538, 0.8986999988555908, 0.8996999859809875, 0.8998000025749207, 0.8991000056266785, 0.8996999859809875, 0.8999999761581421, 0.8999000191688538, 0.8989999890327454, 0.8992999792098999, 0.8992999792098999, 0.8988000154495239, 0.8996999859809875, 0.8977000117301941, 0.8982999920845032, 0.8978999853134155, 0.8977000117301941, 0.8978000283241272, 0.8984000086784363, 0.897599995136261, 0.8971999883651733, 0.8967999815940857, 0.8982999920845032, 0.8973000049591064, 0.8988000154495239, 0.8981000185012817, 0.8977000117301941, 0.8955000042915344, 0.8942000269889832, 0.8955000042915344, 0.8956000208854675], "Median": [0.7803999781608582, 0.7089999914169312, 0.7317000031471252, 0.6608999967575073, 0.6552000045776367, 0.5843999981880188, 0.5806000232696533, 0.5455999970436096, 0.5315999984741211, 0.5453000068664551, 0.5120999813079834, 0.51910001039505, 0.48010000586509705, 0.5181999802589417, 0.46309998631477356, 0.5117999911308289, 0.46540001034736633, 0.4957999885082245, 0.4625999927520752, 0.4903999865055084, 0.46480000019073486, 0.4699999988079071, 0.4221999943256378, 0.46720001101493835, 0.427700012922287, 0.4643999934196472, 0.4108000099658966, 0.4546000063419342, 0.382999986410141, 0.423799991607666, 0.3790999948978424, 0.3955000042915344, 0.376800000667572, 0.3968999981880188, 0.3684000074863434, 0.38659998774528503, 0.37880000472068787, 0.3540000021457672, 0.3668000102043152, 0.35600000619888306, 0.35850000381469727, 0.3495999872684479, 0.36340001225471497, 0.3465000092983246, 0.3546000123023987, 0.3328000009059906, 0.3391999900341034, 0.3521000146865845, 0.336899995803833, 0.3474000096321106], "MKrum": [0.8889999985694885, 0.8920999765396118, 0.8978999853134155, 0.8902000188827515, 0.8956000208854675, 0.8866999745368958, 0.8974000215530396, 0.8913999795913696, 0.8966000080108643, 0.9031999707221985, 0.9052000045776367, 0.9028000235557556, 0.9016000032424927, 0.9049999713897705, 0.9053999781608582, 0.9016000032424927, 0.899399995803833, 0.8996000289916992, 0.9088000059127808, 0.9147999882698059, 0.9138000011444092, 0.9169999957084656, 0.91839998960495, 0.9161999821662903, 0.9093000292778015, 0.9014999866485596, 0.8970999717712402, 0.9111999869346619, 0.9133999943733215, 0.9179999828338623, 0.916700005531311, 0.913100004196167, 0.9090999960899353, 0.9214000105857849, 0.9212999939918518, 0.9204999804496765, 0.9153000116348267, 0.9239000082015991, 0.9311000108718872, 0.9180999994277954, 0.910099983215332, 0.9067999720573425, 0.9053000211715698, 0.90829998254776, 0.9092000126838684, 0.9071999788284302, 0.906000018119812, 0.8960999846458435, 0.886900007724762, 0.8942999839782715], "AFA": [0.8611999750137329, 0.9039999842643738, 0.8877000212669373, 0.9014000296592712, 0.8848000168800354, 0.869700014591217, 0.8855999708175659, 0.8870999813079834, 0.8862000107765198, 0.8845999836921692, 0.8877000212669373, 0.8784999847412109, 0.9007999897003174, 0.8978000283241272, 0.8999000191688538, 0.8960000276565552, 0.8982999920845032, 0.8974000215530396, 0.8956000208854675, 0.8834999799728394, 0.8826000094413757, 0.8819000124931335, 0.8755000233650208, 0.8737999796867371, 0.8794000148773193, 0.8738999962806702, 0.883899986743927, 0.8853999972343445, 0.8841999769210815, 0.8859000205993652, 0.8827000260353088, 0.8892999887466431, 0.8919000029563904, 0.8949000239372253, 0.8944000005722046, 0.899399995803833, 0.9035999774932861, 0.8942000269889832, 0.8914999961853027, 0.892799973487854, 0.8934000134468079, 0.8944000005722046, 0.8942999839782715, 0.8942000269889832, 0.8921999931335449, 0.8906000256538391, 0.8913000226020813, 0.8944000005722046, 0.8924000263214111, 0.8895000219345093], "FedMGDAplus": [0.8912000060081482, 0.8889999985694885, 0.8931999802589417, 0.8794999718666077, 0.8744999766349792, 0.8824999928474426, 0.8870999813079834, 0.8960000276565552, 0.8955000042915344, 0.8853999972343445, 0.882099986076355, 0.8895000219345093, 0.8840000033378601, 0.8888000249862671, 0.8852999806404114, 0.8820000290870667, 0.8871999979019165, 0.8867999911308289, 0.8921999931335449, 0.9003999829292297, 0.8999999761581421, 0.9028000235557556, 0.8992000222206116, 0.9054999947547913, 0.8989999890327454, 0.8988999724388123, 0.9047999978065491, 0.9071999788284302, 0.9110000133514404, 0.9023000001907349, 0.9086999893188477, 0.9093000292778015, 0.9039999842643738, 0.9060999751091003, 0.9061999917030334, 0.9057000279426575, 0.9125999808311462, 0.9104999899864197, 0.9135000109672546, 0.9077000021934509, 0.9143000245094299, 0.909500002861023, 0.9169999957084656, 0.9117000102996826, 0.9085000157356262, 0.9046000242233276, 0.9083999991416931, 0.9072999954223633, 0.9085999727249146, 0.910099983215332], "CenteredClipping": [0.895799994468689, 0.885200023651123, 0.8769000172615051, 0.8799999952316284, 0.875, 0.8672000169754028, 0.8596000075340271, 0.8525000214576721, 0.8672000169754028, 0.8585000038146973, 0.8531000018119812, 0.8446999788284302, 0.839900016784668, 0.8402000069618225, 0.8495000004768372, 0.8474000096321106, 0.8499000072479248, 0.8507999777793884, 0.8565000295639038, 0.864799976348877, 0.8698999881744385, 0.867900013923645, 0.8690999746322632, 0.8644999861717224, 0.8654999732971191, 0.8560000061988831, 0.8521000146865845, 0.853600025177002, 0.8575000166893005, 0.8561999797821045, 0.8537999987602234, 0.852400004863739, 0.8442999720573425, 0.8481000065803528, 0.8546000123023987, 0.8424000144004822, 0.8432000279426575, 0.8475000262260437, 0.8431000113487244, 0.8475000262260437, 0.8450999855995178, 0.8360999822616577, 0.8338000178337097, 0.8317000269889832, 0.8303999900817871, 0.8277999758720398, 0.8252000212669373, 0.8385000228881836, 0.8353999853134155, 0.8338000178337097], "RFCL": [0.6607999801635742, 0.5616999864578247, 0.5849000215530396, 0.5515000224113464, 0.5394999980926514, 0.48100000619888306, 0.4810999929904938, 0.4041000008583069, 0.42179998755455017, 0.38940000534057617, 0.3977999985218048, 0.3785000145435333, 0.3626999855041504, 0.3555999994277954, 0.3472000062465668, 0.34779998660087585, 0.31610000133514404, 0.2870999872684479, 0.2897000014781952, 0.26100000739097595, 0.26260000467300415, 0.24529999494552612, 0.2549999952316284, 0.249099999666214, 0.24729999899864197, 0.23919999599456787, 0.24480000138282776, 0.2418999969959259, 0.2387000024318695, 0.24390000104904175, 0.2312999963760376, 0.23549999296665192, 0.2328999936580658, 0.23989999294281006, 0.23010000586509705, 0.23090000450611115, 0.22669999301433563, 0.23489999771118164, 0.2320999950170517, 0.23810000717639923, 0.23000000417232513, 0.22519999742507935, 0.22280000150203705, 0.2214999943971634, 0.22589999437332153, 0.2287999987602234, 0.22179999947547913, 0.22519999742507935, 0.22040000557899475, 0.22020000219345093]}