{"FedAvg": [0.8931999802589417, 0.8913000226020813, 0.9047999978065491, 0.8863000273704529, 0.8769999742507935, 0.8866000175476074, 0.8859999775886536, 0.8892999887466431, 0.88919997215271, 0.8881999850273132, 0.8970999717712402, 0.8944000005722046, 0.8866000175476074, 0.9010999798774719, 0.901199996471405, 0.9045000076293945, 0.8962000012397766, 0.9013000130653381, 0.9067000150680542, 0.9047999978065491, 0.9041000008583069, 0.9074000120162964, 0.9081000089645386, 0.8988999724388123, 0.8948000073432922, 0.8866000175476074, 0.9017999768257141, 0.9017000198364258, 0.8992000222206116, 0.8985000252723694, 0.8952000141143799, 0.8967000246047974, 0.8956000208854675, 0.8964999914169312, 0.890999972820282, 0.8873999714851379, 0.8809999823570251, 0.890999972820282, 0.8967000246047974, 0.8939999938011169, 0.8901000022888184, 0.8899999856948853, 0.89410001039505, 0.8873000144958496, 0.8916000127792358, 0.8927000164985657, 0.8974999785423279, 0.9003000259399414, 0.8996999859809875, 0.9010000228881836], "Median": [0.8011000156402588, 0.7024000287055969, 0.6906999945640564, 0.5938000082969666, 0.5831000208854675, 0.5324000120162964, 0.5533000230789185, 0.527400016784668, 0.5026000142097473, 0.48100000619888306, 0.4706999957561493, 0.47999998927116394, 0.4772000014781952, 0.45019999146461487, 0.4756999909877777, 0.4505000114440918, 0.4481000006198883, 0.4244000017642975, 0.44209998846054077, 0.4309999942779541, 0.4408999979496002, 0.421099990606308, 0.41749998927116394, 0.38659998774528503, 0.415800005197525, 0.39079999923706055, 0.37040001153945923, 0.3659999966621399, 0.38109999895095825, 0.36320000886917114, 0.35530000925064087, 0.35350000858306885, 0.36390000581741333, 0.3571999967098236, 0.35839998722076416, 0.3343000113964081, 0.33309999108314514, 0.3377000093460083, 0.32199999690055847, 0.3352000117301941, 0.3467999994754791, 0.3246000111103058, 0.3467000126838684, 0.31310001015663147, 0.3082999885082245, 0.3192000091075897, 0.3100999891757965, 0.3012999892234802, 0.3084999918937683, 0.305400013923645], "MKrum": [0.89410001039505, 0.90420001745224, 0.9142000079154968, 0.9140999913215637, 0.9071000218391418, 0.9046000242233276, 0.902899980545044, 0.9161999821662903, 0.9143000245094299, 0.8966000080108643, 0.9061999917030334, 0.899399995803833, 0.9049999713897705, 0.8967000246047974, 0.8935999870300293, 0.8877000212669373, 0.8917999863624573, 0.8956999778747559, 0.8970000147819519, 0.8945000171661377, 0.8902999758720398, 0.9032999873161316, 0.8791999816894531, 0.8845000267028809, 0.8610000014305115, 0.8736000061035156, 0.8860999941825867, 0.909500002861023, 0.9093999862670898, 0.9120000004768372, 0.9034000039100647, 0.9151999950408936, 0.9182999730110168, 0.8924000263214111, 0.8963000178337097, 0.8946999907493591, 0.8988000154495239, 0.8988000154495239, 0.8863999843597412, 0.8805000185966492, 0.8928999900817871, 0.9089000225067139, 0.9035000205039978, 0.8937000036239624, 0.9072999954223633, 0.8880000114440918, 0.8938000202178955, 0.9059000015258789, 0.9070000052452087, 0.9071999788284302], "AFA": [0.9042999744415283, 0.8913000226020813, 0.8986999988555908, 0.8730999827384949, 0.8761000037193298, 0.8888999819755554, 0.8792999982833862, 0.8823000192642212, 0.8906999826431274, 0.8945000171661377, 0.8939999938011169, 0.8913000226020813, 0.892300009727478, 0.9047999978065491, 0.8999999761581421, 0.9057000279426575, 0.8899999856948853, 0.8938000202178955, 0.901199996471405, 0.8931999802589417, 0.8877999782562256, 0.8935999870300293, 0.890999972820282, 0.8916000127792358, 0.8844000101089478, 0.8823000192642212, 0.8938999772071838, 0.8913999795913696, 0.8939999938011169, 0.8916000127792358, 0.8805000185966492, 0.8858000040054321, 0.8881999850273132, 0.88919997215271, 0.8902000188827515, 0.8813999891281128, 0.8867999911308289, 0.8895999789237976, 0.8984000086784363, 0.8942000269889832, 0.894599974155426, 0.8985000252723694, 0.8981000185012817, 0.894599974155426, 0.8971999883651733, 0.8982999920845032, 0.897599995136261, 0.8988999724388123, 0.895799994468689, 0.8952000141143799], "FedMGDAplus": [0.8967999815940857, 0.8894000053405762, 0.885200023651123, 0.8798999786376953, 0.8859999775886536, 0.878600001335144, 0.8844000101089478, 0.8788999915122986, 0.8830000162124634, 0.892799973487854, 0.8906000256538391, 0.8719000220298767, 0.8575999736785889, 0.8633000254631042, 0.857200026512146, 0.8593000173568726, 0.8592000007629395, 0.8605999946594238, 0.8547999858856201, 0.8553000092506409, 0.8671000003814697, 0.8651000261306763, 0.8672000169754028, 0.8650000095367432, 0.8684999942779541, 0.8651999831199646, 0.8655999898910522, 0.8654999732971191, 0.8707000017166138, 0.8669999837875366, 0.866100013256073, 0.864799976348877, 0.8661999702453613, 0.8664000034332275, 0.8895999789237976, 0.8920999765396118, 0.8928999900817871, 0.8912000060081482, 0.8928999900817871, 0.8934999704360962, 0.892300009727478, 0.8921999931335449, 0.8910999894142151, 0.891700029373169, 0.8921999931335449, 0.8912000060081482, 0.892300009727478, 0.8914999961853027, 0.8914999961853027, 0.890999972820282], "CenteredClipping": [0.8934999704360962, 0.8815000057220459, 0.8873999714851379, 0.8758000135421753, 0.8698999881744385, 0.8634999990463257, 0.8743000030517578, 0.8626000285148621, 0.8626999855041504, 0.8677999973297119, 0.8730000257492065, 0.8754000067710876, 0.8691999912261963, 0.8734999895095825, 0.8730999827384949, 0.866100013256073, 0.8646000027656555, 0.8640000224113464, 0.8766000270843506, 0.8689000010490417, 0.8633999824523926, 0.8648999929428101, 0.8611999750137329, 0.8673999905586243, 0.8654000163078308, 0.864799976348877, 0.8787999749183655, 0.8873000144958496, 0.8744000196456909, 0.8776000142097473, 0.8698999881744385, 0.8730999827384949, 0.8737000226974487, 0.8737999796867371, 0.878000020980835, 0.8690999746322632, 0.8677999973297119, 0.8729000091552734, 0.8737000226974487, 0.8709999918937683, 0.8694000244140625, 0.871399998664856, 0.875, 0.8700000047683716, 0.875, 0.8744999766349792, 0.8762999773025513, 0.8726999759674072, 0.8745999932289124, 0.8680999875068665], "RFCL": [0.7113000154495239, 0.5630999803543091, 0.5403000116348267, 0.5318999886512756, 0.539900004863739, 0.5374000072479248, 0.4648999869823456, 0.4528000056743622, 0.44600000977516174, 0.4415999948978424, 0.49559998512268066, 0.41100001335144043, 0.4401000142097473, 0.3977000117301941, 0.39959999918937683, 0.34630000591278076, 0.3368000090122223, 0.3725999891757965, 0.3197000026702881, 0.3154999911785126, 0.3562000095844269, 0.3398999869823456, 0.30630001425743103, 0.3280999958515167, 0.310699999332428, 0.30079999566078186, 0.33500000834465027, 0.31439998745918274, 0.31470000743865967, 0.3050000071525574, 0.2985999882221222, 0.2924000024795532, 0.29980000853538513, 0.2946000099182129, 0.30059999227523804, 0.3174000084400177, 0.2856000065803528, 0.29980000853538513, 0.29100000858306885, 0.28360000252723694, 0.3140000104904175, 0.3061000108718872, 0.2838999927043915, 0.28380000591278076, 0.2906000018119812, 0.28519999980926514, 0.2720000147819519, 0.27950000762939453, 0.2833000123500824, 0.2881999909877777]}