{"FedAvg": [0.8970999717712402, 0.9060999751091003, 0.8956999778747559, 0.8981999754905701, 0.9039000272750854, 0.9049999713897705, 0.9103000164031982, 0.8981999754905701, 0.9014999866485596, 0.9064000248908997, 0.9061999917030334, 0.9064000248908997, 0.9009000062942505, 0.8996000289916992, 0.8991000056266785, 0.8992999792098999, 0.8985999822616577, 0.8970000147819519, 0.8981999754905701, 0.8963000178337097, 0.8967999815940857, 0.8986999988555908, 0.9010000228881836, 0.9007999897003174, 0.9010000228881836, 0.9028000235557556, 0.902999997138977, 0.9004999995231628, 0.902999997138977, 0.9003000259399414, 0.9049999713897705, 0.9039999842643738, 0.9054999947547913, 0.9039000272750854, 0.9063000082969666, 0.9054999947547913, 0.9057000279426575, 0.9107999801635742, 0.9046000242233276, 0.9065999984741211, 0.907800018787384, 0.9068999886512756, 0.90420001745224, 0.9082000255584717, 0.909500002861023, 0.90829998254776, 0.9053999781608582, 0.9088000059127808, 0.907800018787384, 0.9088000059127808], "Median": [0.8977000117301941, 0.8569999933242798, 0.8743000030517578, 0.8745999932289124, 0.8639000058174133, 0.843500018119812, 0.8508999943733215, 0.8493000268936157, 0.8507000207901001, 0.8554999828338623, 0.8568999767303467, 0.8507999777793884, 0.8593000173568726, 0.8568999767303467, 0.8604000210762024, 0.8611999750137329, 0.8668000102043152, 0.8747000098228455, 0.8712000250816345, 0.8662999868392944, 0.8780999779701233, 0.8784999847412109, 0.8822000026702881, 0.8777999877929688, 0.8769000172615051, 0.8722000122070312, 0.8755000233650208, 0.8718000054359436, 0.8726000189781189, 0.8756999969482422, 0.8744000196456909, 0.8744999766349792, 0.8756999969482422, 0.8827999830245972, 0.8830999732017517, 0.8812000155448914, 0.8808000087738037, 0.8802000284194946, 0.8845999836921692, 0.8852999806404114, 0.8810999989509583, 0.8806999921798706, 0.8877999782562256, 0.8851000070571899, 0.8884999752044678, 0.8899000287055969, 0.8884999752044678, 0.8859000205993652, 0.8863000273704529, 0.8827999830245972], "MKrum": [0.8797000050544739, 0.8906999826431274, 0.9090999960899353, 0.9004999995231628, 0.9089000225067139, 0.901199996471405, 0.9074000120162964, 0.8946999907493591, 0.8895999789237976, 0.8895999789237976, 0.890999972820282, 0.8967000246047974, 0.8921999931335449, 0.8859999775886536, 0.8841999769210815, 0.9050999879837036, 0.9081000089645386, 0.8988000154495239, 0.9021999835968018, 0.9028000235557556, 0.9053000211715698, 0.9121000170707703, 0.904699981212616, 0.9060999751091003, 0.8934999704360962, 0.9024999737739563, 0.9107000231742859, 0.8999999761581421, 0.900600016117096, 0.8823999762535095, 0.8812000155448914, 0.8816999793052673, 0.8828999996185303, 0.8851000070571899, 0.9032999873161316, 0.8938000202178955, 0.8889999985694885, 0.8959000110626221, 0.9082000255584717, 0.9078999757766724, 0.8948000073432922, 0.8948000073432922, 0.8973000049591064, 0.8902999758720398, 0.9132000207901001, 0.9006999731063843, 0.8988000154495239, 0.8892999887466431, 0.8981000185012817, 0.8902999758720398], "AFA": [0.7954999804496765, 0.9150000214576721, 0.9156000018119812, 0.8978000283241272, 0.8683000206947327, 0.8931999802589417, 0.8967000246047974, 0.8960999846458435, 0.9003999829292297, 0.9018999934196472, 0.897599995136261, 0.8948000073432922, 0.8971999883651733, 0.8939999938011169, 0.8966000080108643, 0.900600016117096, 0.9003000259399414, 0.9017999768257141, 0.8998000025749207, 0.9002000093460083, 0.9003000259399414, 0.9120000004768372, 0.906499981880188, 0.9106000065803528, 0.906499981880188, 0.9154999852180481, 0.9128999710083008, 0.9122999906539917, 0.9179999828338623, 0.9153000116348267, 0.9174000024795532, 0.9168999791145325, 0.9205999970436096, 0.9132999777793884, 0.9144999980926514, 0.9126999974250793, 0.9122999906539917, 0.9158999919891357, 0.9139999747276306, 0.9157999753952026, 0.9203000068664551, 0.9164000153541565, 0.9160000085830688, 0.9136000275611877, 0.9192000031471252, 0.9143999814987183, 0.9104999899864197, 0.9121999740600586, 0.9118000268936157, 0.9121000170707703], "FedMGDAplus": [0.8913000226020813, 0.9049999713897705, 0.9086999893188477, 0.9041000008583069, 0.9038000106811523, 0.882099986076355, 0.8962000012397766, 0.90420001745224, 0.9031000137329102, 0.9049999713897705, 0.8966000080108643, 0.9093000292778015, 0.9028000235557556, 0.8859000205993652, 0.8917999863624573, 0.8938999772071838, 0.8970999717712402, 0.8931999802589417, 0.8914999961853027, 0.8981000185012817, 0.88919997215271, 0.887499988079071, 0.8910999894142151, 0.8863999843597412, 0.8827000260353088, 0.8830999732017517, 0.8841999769210815, 0.8802000284194946, 0.8795999884605408, 0.8842999935150146, 0.8833000063896179, 0.8910999894142151, 0.8942999839782715, 0.900600016117096, 0.9010000228881836, 0.9006999731063843, 0.9032999873161316, 0.9070000052452087, 0.9003999829292297, 0.9085999727249146, 0.9050999879837036, 0.9088000059127808, 0.9082000255584717, 0.9174000024795532, 0.9194999933242798, 0.9168000221252441, 0.9146999716758728, 0.9083999991416931, 0.9154000282287598, 0.9136000275611877], "CenteredClipping": [0.9103000164031982, 0.9104999899864197, 0.9089000225067139, 0.8919000029563904, 0.8913999795913696, 0.9027000069618225, 0.900600016117096, 0.879800021648407, 0.8780999779701233, 0.8841000199317932, 0.8907999992370605, 0.8878999948501587, 0.8834999799728394, 0.8862000107765198, 0.8880000114440918, 0.8852999806404114, 0.8934999704360962, 0.8895999789237976, 0.8967999815940857, 0.88919997215271, 0.8881999850273132, 0.8865000009536743, 0.8884999752044678, 0.8982999920845032, 0.8895000219345093, 0.8914999961853027, 0.8888000249862671, 0.890999972820282, 0.8913000226020813, 0.8876000046730042, 0.8833000063896179, 0.890500009059906, 0.8925999999046326, 0.8952999711036682, 0.8939999938011169, 0.8924000263214111, 0.8851000070571899, 0.8960000276565552, 0.8981999754905701, 0.8953999876976013, 0.8998000025749207, 0.896399974822998, 0.8902000188827515, 0.8986999988555908, 0.8988000154495239, 0.8950999975204468, 0.8927000164985657, 0.8949000239372253, 0.8964999914169312, 0.8931000232696533], "RFCL": [0.7717000246047974, 0.6431999802589417, 0.7027999758720398, 0.5339000225067139, 0.4869999885559082, 0.5180000066757202, 0.4611000120639801, 0.517300009727478, 0.46059998869895935, 0.46309998631477356, 0.45089998841285706, 0.4672999978065491, 0.4027000069618225, 0.40369999408721924, 0.36160001158714294, 0.3625999987125397, 0.39089998602867126, 0.3944000005722046, 0.3865000009536743, 0.3912999927997589, 0.38600000739097595, 0.37459999322891235, 0.3578999936580658, 0.3790999948978424, 0.3612000048160553, 0.3677999973297119, 0.3686000108718872, 0.3626999855041504, 0.3531000018119812, 0.40059998631477356, 0.357699990272522, 0.361299991607666, 0.367900013923645, 0.3887999951839447, 0.3752000033855438, 0.36399999260902405, 0.3695000112056732, 0.35089999437332153, 0.364300012588501, 0.3855000138282776, 0.37709999084472656, 0.37400001287460327, 0.375, 0.40049999952316284, 0.3767000138759613, 0.37439998984336853, 0.38420000672340393, 0.3840000033378601, 0.38839998841285706, 0.3993000090122223]}