{"FedAvg": [0.906499981880188, 0.8939999938011169, 0.8651000261306763, 0.8892999887466431, 0.8858000040054321, 0.8953999876976013, 0.8959000110626221, 0.8935999870300293, 0.8930000066757202, 0.8586999773979187, 0.8716999888420105, 0.8919000029563904, 0.8948000073432922, 0.8863000273704529, 0.8826000094413757, 0.8772000074386597, 0.8676999807357788, 0.849399983882904, 0.8553000092506409, 0.8580999970436096, 0.8626999855041504, 0.8636999726295471, 0.8665000200271606, 0.8580999970436096, 0.8564000129699707, 0.8535000085830688, 0.8555999994277954, 0.8510000109672546, 0.8478999733924866, 0.8503999710083008, 0.8551999926567078, 0.8532000184059143, 0.850600004196167, 0.8522999882698059, 0.852400004863739, 0.859000027179718, 0.859499990940094, 0.8633000254631042, 0.8623999953269958, 0.8633999824523926, 0.8637999892234802, 0.8636000156402588, 0.8535000085830688, 0.847100019454956, 0.8547000288963318, 0.8586999773979187, 0.8618999719619751, 0.8597000241279602, 0.8585000038146973, 0.8536999821662903], "Median": [0.8154000043869019, 0.7559000253677368, 0.7591999769210815, 0.7484999895095825, 0.760699987411499, 0.7063000202178955, 0.6797000169754028, 0.7084000110626221, 0.589900016784668, 0.652400016784668, 0.5662999749183655, 0.6047000288963318, 0.5688999891281128, 0.5282999873161316, 0.5008999705314636, 0.517799973487854, 0.52920001745224, 0.536899983882904, 0.4722000062465668, 0.48399999737739563, 0.4708999991416931, 0.4900999963283539, 0.45820000767707825, 0.4778999984264374, 0.4650999903678894, 0.4821999967098236, 0.501800000667572, 0.47119998931884766, 0.4957999885082245, 0.4587000012397766, 0.4909999966621399, 0.4277999997138977, 0.48649999499320984, 0.44339999556541443, 0.4648999869823456, 0.42649999260902405, 0.4526999890804291, 0.414900004863739, 0.4447999894618988, 0.40959998965263367, 0.4431000053882599, 0.41029998660087585, 0.4415000081062317, 0.39980000257492065, 0.4221000075340271, 0.4171000123023987, 0.4223000109195709, 0.40799999237060547, 0.414000004529953, 0.43130001425743103], "MKrum": [0.8960000276565552, 0.8999999761581421, 0.8720999956130981, 0.8906000256538391, 0.876800000667572, 0.8824999928474426, 0.8907999992370605, 0.8867999911308289, 0.8863999843597412, 0.876800000667572, 0.8859999775886536, 0.8802000284194946, 0.8770999908447266, 0.864300012588501, 0.8725000023841858, 0.8693000078201294, 0.8931000232696533, 0.9041000008583069, 0.895799994468689, 0.8766000270843506, 0.8741999864578247, 0.8980000019073486, 0.88919997215271, 0.8747000098228455, 0.8802000284194946, 0.9031000137329102, 0.9111999869346619, 0.9024999737739563, 0.8942000269889832, 0.899399995803833, 0.888700008392334, 0.8903999924659729, 0.9064000248908997, 0.9000999927520752, 0.8916000127792358, 0.887499988079071, 0.8888000249862671, 0.8873000144958496, 0.883400022983551, 0.8598999977111816, 0.8431000113487244, 0.8791000247001648, 0.8702999949455261, 0.8744999766349792, 0.8924999833106995, 0.9035000205039978, 0.9000999927520752, 0.8842999935150146, 0.8657000064849854, 0.8669000267982483], "AFA": [0.714900016784668, 0.6355000138282776, 0.5497999787330627, 0.6937000155448914, 0.7102000117301941, 0.804099977016449, 0.7886000275611877, 0.7267000079154968, 0.7055000066757202, 0.6693000197410583, 0.6499999761581421, 0.5968999862670898, 0.5623999834060669, 0.555400013923645, 0.5163999795913696, 0.5105999708175659, 0.5105000138282776, 0.4731999933719635, 0.49799999594688416, 0.4731999933719635, 0.4587000012397766, 0.4535999894142151, 0.4553000032901764, 0.42980000376701355, 0.4397999942302704, 0.44449999928474426, 0.5795000195503235, 0.4433000087738037, 0.4235000014305115, 0.4251999855041504, 0.3901999890804291, 0.38960000872612, 0.38670000433921814, 0.3910999894142151, 0.3882000148296356, 0.4027000069618225, 0.39899998903274536, 0.38940000534057617, 0.39879998564720154, 0.37059998512268066, 0.3837999999523163, 0.3815000057220459, 0.36959999799728394, 0.3944999873638153, 0.3603000044822693, 0.3781000077724457, 0.36570000648498535, 0.3774999976158142, 0.350600004196167, 0.3422999978065491], "FedMGDAplus": [0.8799999952316284, 0.8493000268936157, 0.8170999884605408, 0.8084999918937683, 0.7972000241279602, 0.7746000289916992, 0.7486000061035156, 0.7243000268936157, 0.7168999910354614, 0.704800009727478, 0.6809999942779541, 0.6651999950408936, 0.6686999797821045, 0.626800000667572, 0.6348000168800354, 0.5972999930381775, 0.6025999784469604, 0.5745000243186951, 0.5758000016212463, 0.5562999844551086, 0.5504000186920166, 0.555899977684021, 0.527899980545044, 0.5157999992370605, 0.4848000109195709, 0.5109999775886536, 0.487199991941452, 0.47119998931884766, 0.4828999936580658, 0.49970000982284546, 0.47380000352859497, 0.46309998631477356, 0.44110000133514404, 0.436599999666214, 0.44760000705718994, 0.444599986076355, 0.4156000018119812, 0.41119998693466187, 0.40959998965263367, 0.4440000057220459, 0.4242999851703644, 0.4083000123500824, 0.38760000467300415, 0.39469999074935913, 0.38429999351501465, 0.3864000141620636, 0.3774999976158142, 0.37770000100135803, 0.3813000023365021, 0.3837999999523163], "CenteredClipping": [0.7900000214576721, 0.7379000186920166, 0.7408999800682068, 0.7038999795913696, 0.7008000016212463, 0.6852999925613403, 0.6100999712944031, 0.590499997138977, 0.5162000060081482, 0.5776000022888184, 0.46779999136924744, 0.4961000084877014, 0.4404999911785126, 0.4878000020980835, 0.4343000054359436, 0.46389999985694885, 0.45489999651908875, 0.40459999442100525, 0.45719999074935913, 0.4043999910354614, 0.4131999909877777, 0.4359999895095825, 0.4334999918937683, 0.4196000099182129, 0.4408999979496002, 0.3865000009536743, 0.4090000092983246, 0.38190001249313354, 0.40549999475479126, 0.3434999883174896, 0.37049999833106995, 0.32429999113082886, 0.3562999963760376, 0.3230000138282776, 0.3458999991416931, 0.3095000088214874, 0.3522999882698059, 0.3012000024318695, 0.3325999975204468, 0.30399999022483826, 0.3019999861717224, 0.29989999532699585, 0.30160000920295715, 0.3001999855041504, 0.29600000381469727, 0.290800005197525, 0.290800005197525, 0.28209999203681946, 0.28459998965263367, 0.2685999870300293], "RFCL": [0.7851999998092651, 0.6599000096321106, 0.656000018119812, 0.5634999871253967, 0.4885999858379364, 0.5465999841690063, 0.42570000886917114, 0.3864000141620636, 0.4065000116825104, 0.3716999888420105, 0.39329999685287476, 0.3589000105857849, 0.3488999903202057, 0.35429999232292175, 0.34389999508857727, 0.3458000123500824, 0.2676999866962433, 0.28040000796318054, 0.25459998846054077, 0.27549999952316284, 0.2402999997138977, 0.2483000010251999, 0.24320000410079956, 0.2386000007390976, 0.2345000058412552, 0.24040000140666962, 0.23080000281333923, 0.23690000176429749, 0.227400004863739, 0.23240000009536743, 0.227400004863739, 0.22470000386238098, 0.22190000116825104, 0.2240000069141388, 0.2223999947309494, 0.22290000319480896, 0.2231999933719635, 0.21940000355243683, 0.2150000035762787, 0.21770000457763672, 0.21539999544620514, 0.22139999270439148, 0.21850000321865082, 0.22020000219345093, 0.21870000660419464, 0.21310000121593475, 0.21879999339580536, 0.21529999375343323, 0.20669999718666077, 0.2134999930858612]}