{"FedAvg": [0.9038000106811523, 0.8967999815940857, 0.8967000246047974, 0.9045000076293945, 0.902400016784668, 0.9121000170707703, 0.9010999798774719, 0.9032999873161316, 0.9110000133514404, 0.9114000201225281, 0.9124000072479248, 0.9103000164031982, 0.899399995803833, 0.9018999934196472, 0.9050999879837036, 0.9035999774932861, 0.9041000008583069, 0.8960999846458435, 0.8946999907493591, 0.9007999897003174, 0.9078999757766724, 0.8985000252723694, 0.8974999785423279, 0.8955000042915344, 0.8960000276565552, 0.8978999853134155, 0.9003999829292297, 0.8978999853134155, 0.8935999870300293, 0.9049999713897705, 0.9013000130653381, 0.9043999910354614, 0.8963000178337097, 0.902400016784668, 0.8985000252723694, 0.906000018119812, 0.9028000235557556, 0.9035999774932861, 0.9036999940872192, 0.9013000130653381, 0.8985999822616577, 0.8966000080108643, 0.9027000069618225, 0.9054999947547913, 0.9000999927520752, 0.8991000056266785, 0.8986999988555908, 0.8992999792098999, 0.9028000235557556, 0.9047999978065491], "Median": [0.802299976348877, 0.7465999722480774, 0.7692000269889832, 0.7312999963760376, 0.7473000288009644, 0.6448000073432922, 0.6500999927520752, 0.6575000286102295, 0.5557000041007996, 0.5619000196456909, 0.5662999749183655, 0.5576000213623047, 0.5519999861717224, 0.5292999744415283, 0.5192999839782715, 0.5194000005722046, 0.49570000171661377, 0.48170000314712524, 0.5022000074386597, 0.4593000113964081, 0.45910000801086426, 0.4896000027656555, 0.41519999504089355, 0.499099999666214, 0.44780001044273376, 0.4659999907016754, 0.40459999442100525, 0.515999972820282, 0.4074999988079071, 0.4948999881744385, 0.39329999685287476, 0.5060999989509583, 0.3928999900817871, 0.5101000070571899, 0.3822999894618988, 0.49619999527931213, 0.38659998774528503, 0.4830999970436096, 0.3765000104904175, 0.4878000020980835, 0.36570000648498535, 0.4894999861717224, 0.37040001153945923, 0.4629000127315521, 0.3637000024318695, 0.4404999911785126, 0.36079999804496765, 0.42410001158714294, 0.3571000099182129, 0.4375], "MKrum": [0.879800021648407, 0.8838000297546387, 0.8914999961853027, 0.8981999754905701, 0.9031999707221985, 0.8797000050544739, 0.8848999738693237, 0.8970999717712402, 0.8950999975204468, 0.9043999910354614, 0.9045000076293945, 0.9000999927520752, 0.9114000201225281, 0.9143000245094299, 0.8931000232696533, 0.9023000001907349, 0.8980000019073486, 0.8917999863624573, 0.891700029373169, 0.8970999717712402, 0.9054999947547913, 0.8967000246047974, 0.9110000133514404, 0.8985999822616577, 0.8970999717712402, 0.8841000199317932, 0.8805000185966492, 0.8784000277519226, 0.8970999717712402, 0.9003999829292297, 0.8913000226020813, 0.9021000266075134, 0.9047999978065491, 0.9053999781608582, 0.9003999829292297, 0.9045000076293945, 0.8982999920845032, 0.8999000191688538, 0.8980000019073486, 0.9096999764442444, 0.902899980545044, 0.8973000049591064, 0.897599995136261, 0.8942999839782715, 0.8978000283241272, 0.9103000164031982, 0.9068999886512756, 0.8870999813079834, 0.9034000039100647, 0.8924999833106995], "AFA": [0.8640000224113464, 0.8641999959945679, 0.895799994468689, 0.9075999855995178, 0.8982999920845032, 0.8858000040054321, 0.8762999773025513, 0.8565000295639038, 0.8684999942779541, 0.8585000038146973, 0.8629000186920166, 0.8755999803543091, 0.8787999749183655, 0.8823000192642212, 0.8633999824523926, 0.8567000031471252, 0.8543000221252441, 0.8644000291824341, 0.86080002784729, 0.8589000105857849, 0.8565999865531921, 0.8636999726295471, 0.8816999793052673, 0.89410001039505, 0.8950999975204468, 0.8960999846458435, 0.8877999782562256, 0.8826000094413757, 0.883899986743927, 0.876800000667572, 0.8894000053405762, 0.888700008392334, 0.8871999979019165, 0.8878999948501587, 0.8801000118255615, 0.8773000240325928, 0.8931999802589417, 0.8942999839782715, 0.8924000263214111, 0.8928999900817871, 0.8860999941825867, 0.8858000040054321, 0.8827000260353088, 0.8820000290870667, 0.8817999958992004, 0.8791999816894531, 0.8808000087738037, 0.8844000101089478, 0.8870000243186951, 0.8828999996185303], "FedMGDAplus": [0.88919997215271, 0.885699987411499, 0.8557000160217285, 0.8515999913215637, 0.8504999876022339, 0.8424999713897705, 0.8238000273704529, 0.8371999859809875, 0.8084999918937683, 0.8478999733924866, 0.8271999955177307, 0.8097000122070312, 0.7817000150680542, 0.7824000120162964, 0.7699999809265137, 0.7724999785423279, 0.7746999859809875, 0.7609000205993652, 0.7519999742507935, 0.7519999742507935, 0.753000020980835, 0.7570000290870667, 0.7379000186920166, 0.7493000030517578, 0.7527999877929688, 0.7411999702453613, 0.7261000275611877, 0.7049999833106995, 0.7279000282287598, 0.7297999858856201, 0.7440999746322632, 0.7534999847412109, 0.7074000239372253, 0.7246000170707703, 0.704800009727478, 0.7093999981880188, 0.671999990940094, 0.6772000193595886, 0.6847000122070312, 0.6805999875068665, 0.6621000170707703, 0.6668000221252441, 0.6827999949455261, 0.6452999711036682, 0.6403999924659729, 0.6492000222206116, 0.6455000042915344, 0.6355000138282776, 0.6388000249862671, 0.6531000137329102], "CenteredClipping": [0.7871000170707703, 0.7062000036239624, 0.7566999793052673, 0.6730999946594238, 0.5609999895095825, 0.5699999928474426, 0.5131999850273132, 0.4936000108718872, 0.4675999879837036, 0.47369998693466187, 0.41029998660087585, 0.4729999899864197, 0.37940001487731934, 0.38109999895095825, 0.424699991941452, 0.3582000136375427, 0.3779999911785126, 0.351500004529953, 0.3582000136375427, 0.328900009393692, 0.32850000262260437, 0.31709998846054077, 0.3224000036716461, 0.3109999895095825, 0.289000004529953, 0.29280000925064087, 0.27549999952316284, 0.2759000062942505, 0.29499998688697815, 0.27059999108314514, 0.2791000008583069, 0.25850000977516174, 0.28040000796318054, 0.25209999084472656, 0.2777000069618225, 0.2549999952316284, 0.25780001282691956, 0.24979999661445618, 0.26260000467300415, 0.24410000443458557, 0.2531999945640564, 0.2485000044107437, 0.25450000166893005, 0.24650000035762787, 0.24650000035762787, 0.23899999260902405, 0.26159998774528503, 0.24070000648498535, 0.25060001015663147, 0.2329999953508377], "RFCL": [0.6881999969482422, 0.616599977016449, 0.5382999777793884, 0.5184000134468079, 0.4700999855995178, 0.38530001044273376, 0.3968000113964081, 0.35530000925064087, 0.37130001187324524, 0.3287999927997589, 0.3077999949455261, 0.3041999936103821, 0.3018999993801117, 0.3012000024318695, 0.2815000116825104, 0.2630999982357025, 0.2687000036239624, 0.24650000035762787, 0.24220000207424164, 0.22920000553131104, 0.22509999573230743, 0.22499999403953552, 0.22130000591278076, 0.22360000014305115, 0.21379999816417694, 0.21639999747276306, 0.20980000495910645, 0.22050000727176666, 0.20829999446868896, 0.21250000596046448, 0.2092999964952469, 0.20469999313354492, 0.20800000429153442, 0.19769999384880066, 0.21369999647140503, 0.2062000036239624, 0.20679999887943268, 0.19539999961853027, 0.2257000058889389, 0.19689999520778656, 0.2045000046491623, 0.19110000133514404, 0.20280000567436218, 0.19099999964237213, 0.1981000006198883, 0.18930000066757202, 0.2045000046491623, 0.18709999322891235, 0.2079000025987625, 0.18379999697208405]}