{"FedAvg": [0.8851000070571899, 0.8838000297546387, 0.8687000274658203, 0.881600022315979, 0.8913000226020813, 0.8932999968528748, 0.8974000215530396, 0.8982999920845032, 0.8998000025749207, 0.8944000005722046, 0.8921999931335449, 0.8880000114440918, 0.8894000053405762, 0.8894000053405762, 0.8902000188827515, 0.8952999711036682, 0.8974000215530396, 0.906499981880188, 0.9096999764442444, 0.8934000134468079, 0.892799973487854, 0.9038000106811523, 0.9067999720573425, 0.891700029373169, 0.8935999870300293, 0.8985999822616577, 0.902899980545044, 0.8999000191688538, 0.9003999829292297, 0.9025999903678894, 0.8952000141143799, 0.9023000001907349, 0.8978000283241272, 0.8984000086784363, 0.9003000259399414, 0.90420001745224, 0.902999997138977, 0.9014999866485596, 0.9070000052452087, 0.9118000268936157, 0.9125000238418579, 0.911300003528595, 0.9168999791145325, 0.9078999757766724, 0.9143999814987183, 0.9146999716758728, 0.9110999703407288, 0.9110000133514404, 0.9093000292778015, 0.9114000201225281], "Median": [0.7892000079154968, 0.7200000286102295, 0.7641000151634216, 0.6643999814987183, 0.7461000084877014, 0.6340000033378601, 0.6195999979972839, 0.578499972820282, 0.5619999766349792, 0.524399995803833, 0.5498999953269958, 0.5059999823570251, 0.5454999804496765, 0.5084999799728394, 0.48010000586509705, 0.5095999836921692, 0.49540001153945923, 0.4625999927520752, 0.49459999799728394, 0.4456999897956848, 0.510200023651123, 0.4984999895095825, 0.49540001153945923, 0.4350000023841858, 0.49570000171661377, 0.45010000467300415, 0.48649999499320984, 0.4375999867916107, 0.46399998664855957, 0.43230000138282776, 0.4564000070095062, 0.4372999966144562, 0.4465000033378601, 0.41819998621940613, 0.43070000410079956, 0.3986000120639801, 0.4156000018119812, 0.37139999866485596, 0.3946000039577484, 0.375900000333786, 0.3889999985694885, 0.3725000023841858, 0.38690000772476196, 0.36230000853538513, 0.37070000171661377, 0.3569999933242798, 0.36070001125335693, 0.34940001368522644, 0.3659000098705292, 0.3619999885559082], "MKrum": [0.8863000273704529, 0.8981999754905701, 0.883400022983551, 0.8925999999046326, 0.9046000242233276, 0.9038000106811523, 0.8991000056266785, 0.8970000147819519, 0.9117000102996826, 0.8996999859809875, 0.9143000245094299, 0.9085000157356262, 0.909500002861023, 0.8981000185012817, 0.8985999822616577, 0.891700029373169, 0.8812000155448914, 0.894599974155426, 0.8977000117301941, 0.886900007724762, 0.8837000131607056, 0.8906999826431274, 0.8935999870300293, 0.8885999917984009, 0.8925999999046326, 0.8998000025749207, 0.9004999995231628, 0.9004999995231628, 0.8881999850273132, 0.8812999725341797, 0.882099986076355, 0.8894000053405762, 0.8953999876976013, 0.902899980545044, 0.8855000138282776, 0.8852999806404114, 0.8956999778747559, 0.913100004196167, 0.9018999934196472, 0.8917999863624573, 0.8907999992370605, 0.8967999815940857, 0.8992999792098999, 0.8815000057220459, 0.8845999836921692, 0.8955000042915344, 0.8937000036239624, 0.8834999799728394, 0.8913999795913696, 0.8871999979019165], "AFA": [0.8274999856948853, 0.9016000032424927, 0.902999997138977, 0.8966000080108643, 0.8910999894142151, 0.8791999816894531, 0.8860999941825867, 0.8705000281333923, 0.8744999766349792, 0.8619999885559082, 0.858299970626831, 0.8810999989509583, 0.8805000185966492, 0.8763999938964844, 0.8996999859809875, 0.899399995803833, 0.8985000252723694, 0.8964999914169312, 0.8970000147819519, 0.8925999999046326, 0.8906999826431274, 0.8962000012397766, 0.8964999914169312, 0.8988999724388123, 0.8966000080108643, 0.8960000276565552, 0.892300009727478, 0.8927000164985657, 0.8949000239372253, 0.8949999809265137, 0.8942999839782715, 0.8931999802589417, 0.8902000188827515, 0.8896999955177307, 0.887499988079071, 0.8901000022888184, 0.8952000141143799, 0.8751000165939331, 0.8709999918937683, 0.8756999969482422, 0.8804000020027161, 0.8806999921798706, 0.8792999982833862, 0.8799999952316284, 0.8855999708175659, 0.8788999915122986, 0.8788999915122986, 0.8877000212669373, 0.8881999850273132, 0.8781999945640564], "FedMGDAplus": [0.8822000026702881, 0.885699987411499, 0.8985999822616577, 0.895799994468689, 0.8881000280380249, 0.8934000134468079, 0.9088000059127808, 0.8977000117301941, 0.8942000269889832, 0.8877999782562256, 0.8898000121116638, 0.90420001745224, 0.9049000144004822, 0.9065999984741211, 0.9025999903678894, 0.9025999903678894, 0.9046000242233276, 0.9046000242233276, 0.9139999747276306, 0.9214000105857849, 0.9164999723434448, 0.9151999950408936, 0.9164999723434448, 0.925000011920929, 0.9230999946594238, 0.9210000038146973, 0.9259999990463257, 0.9225999712944031, 0.9297000169754028, 0.9276000261306763, 0.9164999723434448, 0.9236999750137329, 0.9200999736785889, 0.9218000173568726, 0.9261000156402588, 0.9204000234603882, 0.9269000291824341, 0.9222999811172485, 0.9254000186920166, 0.9210000038146973, 0.9182000160217285, 0.9171000123023987, 0.9121000170707703, 0.9085000157356262, 0.9176999926567078, 0.9164000153541565, 0.9186999797821045, 0.9144999980926514, 0.913100004196167, 0.9079999923706055], "CenteredClipping": [0.8895000219345093, 0.8942000269889832, 0.8675000071525574, 0.8736000061035156, 0.8616999983787537, 0.8435999751091003, 0.8300999999046326, 0.8205999732017517, 0.8267999887466431, 0.8230999708175659, 0.8209999799728394, 0.8090999722480774, 0.7860000133514404, 0.7864000201225281, 0.7820000052452087, 0.7718999981880188, 0.7572000026702881, 0.7490000128746033, 0.7461000084877014, 0.734000027179718, 0.7186999917030334, 0.7329000234603882, 0.7228999733924866, 0.7253999710083008, 0.7300999760627747, 0.7164000272750854, 0.713100016117096, 0.7239999771118164, 0.7145000100135803, 0.6996999979019165, 0.7005000114440918, 0.6940000057220459, 0.70660001039505, 0.6970999836921692, 0.7046999931335449, 0.6980999708175659, 0.6686000227928162, 0.6746000051498413, 0.6832000017166138, 0.660099983215332, 0.6658999919891357, 0.6700999736785889, 0.6909999847412109, 0.6743000149726868, 0.666100025177002, 0.6693000197410583, 0.6549000144004822, 0.6539999842643738, 0.6514000296592712, 0.651199996471405], "RFCL": [0.5995000004768372, 0.5605000257492065, 0.5268999934196472, 0.49869999289512634, 0.4657000005245209, 0.39899998903274536, 0.39079999923706055, 0.328900009393692, 0.30790001153945923, 0.2906999886035919, 0.28790000081062317, 0.2653999924659729, 0.2759000062942505, 0.24529999494552612, 0.2554999887943268, 0.23819999396800995, 0.2395000010728836, 0.23019999265670776, 0.22439999878406525, 0.2296999990940094, 0.22269999980926514, 0.23250000178813934, 0.2231999933719635, 0.21729999780654907, 0.21719999611377716, 0.2150000035762787, 0.20970000326633453, 0.21469999849796295, 0.20960000157356262, 0.2079000025987625, 0.20990000665187836, 0.21299999952316284, 0.20550000667572021, 0.20200000703334808, 0.20440000295639038, 0.20909999310970306, 0.20389999449253082, 0.20559999346733093, 0.20489999651908875, 0.2054000049829483, 0.19920000433921814, 0.19539999961853027, 0.20200000703334808, 0.1996999979019165, 0.19760000705718994, 0.19470000267028809, 0.19859999418258667, 0.19789999723434448, 0.19930000603199005, 0.1972000002861023]}