{"FedAvg": [0.8294000029563904, 0.8834999799728394, 0.8666999936103821, 0.858299970626831, 0.7609999775886536, 0.753600001335144, 0.733299970626831, 0.6335999965667725, 0.6624000072479248, 0.602400004863739, 0.6237000226974487, 0.5859000086784363, 0.6208999752998352, 0.6341999769210815, 0.600600004196167, 0.5519000291824341, 0.6140999794006348, 0.59579998254776, 0.7749000191688538, 0.7208999991416931, 0.6563000082969666, 0.6363999843597412, 0.6014999747276306, 0.5942000150680542, 0.588699996471405, 0.6514999866485596, 0.6173999905586243, 0.607699990272522, 0.5849999785423279, 0.6014000177383423, 0.5742999911308289, 0.6230999827384949, 0.888700008392334, 0.9017000198364258, 0.899399995803833, 0.8996000289916992, 0.8996000289916992, 0.8998000025749207, 0.8996000289916992, 0.8995000123977661, 0.8995000123977661, 0.899399995803833, 0.8998000025749207, 0.8996000289916992, 0.8996999859809875, 0.8996000289916992, 0.8996999859809875, 0.8996999859809875, 0.8996999859809875, 0.899399995803833, 0.8998000025749207, 0.8996999859809875, 0.8996999859809875, 0.8998000025749207, 0.8996999859809875, 0.8996000289916992, 0.8998000025749207, 0.8995000123977661, 0.8996000289916992, 0.8996000289916992, 0.8995000123977661, 0.8996000289916992, 0.8995000123977661, 0.8996000289916992, 0.8996999859809875, 0.8996000289916992, 0.8996000289916992, 0.899399995803833, 0.8995000123977661, 0.899399995803833, 0.8995000123977661, 0.8995000123977661, 0.899399995803833, 0.8996000289916992, 0.8992999792098999, 0.899399995803833, 0.8995000123977661, 0.899399995803833, 0.8995000123977661, 0.8996000289916992, 0.8996999859809875, 0.899399995803833, 0.8998000025749207, 0.8996000289916992, 0.899399995803833, 0.8996000289916992, 0.8995000123977661, 0.8996000289916992, 0.8996000289916992, 0.8996999859809875, 0.8996000289916992, 0.8995000123977661, 0.899399995803833, 0.8996999859809875, 0.8996000289916992, 0.8996999859809875, 0.8996000289916992, 0.8996999859809875, 0.8996000289916992, 0.899399995803833], "Median": [0.8057000041007996, 0.7592999935150146, 0.7631999850273132, 0.7329000234603882, 0.7318000197410583, 0.6944000124931335, 0.6963000297546387, 0.628000020980835, 0.5709999799728394, 0.5690000057220459, 0.5486000180244446, 0.5472999811172485, 0.546500027179718, 0.515500009059906, 0.5307999849319458, 0.47369998693466187, 0.5078999996185303, 0.46970000863075256, 0.4970000088214874, 0.47519999742507935, 0.49470001459121704, 0.4390000104904175, 0.5169000029563904, 0.47380000352859497, 0.522599995136261, 0.4772999882698059, 0.5199999809265137, 0.46619999408721924, 0.5267999768257141, 0.492900013923645, 0.5080000162124634, 0.4645000100135803, 0.555400013923645, 0.4880000054836273, 0.4830000102519989, 0.4494999945163727, 0.4713999927043915, 0.43479999899864197, 0.4796999990940094, 0.4618000090122223, 0.47929999232292175, 0.4546999931335449, 0.48910000920295715, 0.44830000400543213, 0.48410001397132874, 0.4401000142097473, 0.4530999958515167, 0.44510000944137573, 0.49399998784065247, 0.4327000081539154, 0.482699990272522, 0.4478999972343445, 0.43549999594688416, 0.4629000127315521, 0.4345000088214874, 0.46149998903274536, 0.48910000920295715, 0.43479999899864197, 0.4300999939441681, 0.44190001487731934, 0.49059998989105225, 0.4404999911785126, 0.45509999990463257, 0.4221000075340271, 0.45750001072883606, 0.4388999938964844, 0.4571000039577484, 0.4242999851703644, 0.4383000135421753, 0.41920000314712524, 0.421999990940094, 0.427700012922287, 0.44679999351501465, 0.42080000042915344, 0.4113999903202057, 0.4244000017642975, 0.4081999957561493, 0.429500013589859, 0.44530001282691956, 0.41130000352859497, 0.4401000142097473, 0.4198000133037567, 0.43619999289512634, 0.41769999265670776, 0.42590001225471497, 0.4025000035762787, 0.39719998836517334, 0.42419999837875366, 0.3995000123977661, 0.4120999872684479, 0.39750000834465027, 0.41280001401901245, 0.3952000141143799, 0.4154999852180481, 0.37560001015663147, 0.4187000095844269, 0.3644999861717224, 0.4214000105857849, 0.3822000026702881, 0.4018000066280365], "MKrum": [0.8616999983787537, 0.8946999907493591, 0.8521999716758728, 0.8562999963760376, 0.8704000115394592, 0.8355000019073486, 0.8082000017166138, 0.8695999979972839, 0.7555000185966492, 0.8522999882698059, 0.8476999998092651, 0.8190000057220459, 0.8511000275611877, 0.8374999761581421, 0.77920001745224, 0.7278000116348267, 0.661899983882904, 0.7897999882698059, 0.7181000113487244, 0.6818000078201294, 0.6452000141143799, 0.8126000165939331, 0.8411999940872192, 0.819599986076355, 0.8345999717712402, 0.7764000296592712, 0.8274999856948853, 0.7836999893188477, 0.6970000267028809, 0.6762999892234802, 0.659500002861023, 0.888700008392334, 0.8996000289916992, 0.8998000025749207, 0.8996000289916992, 0.8996999859809875, 0.8999000191688538, 0.8995000123977661, 0.899399995803833, 0.8988999724388123, 0.8985999822616577, 0.8981000185012817, 0.8932999968528748, 0.8891000151634216, 0.881600022315979, 0.8723000288009644, 0.8931999802589417, 0.8712000250816345, 0.859499990940094, 0.8549000024795532, 0.8984000086784363, 0.8564000129699707, 0.8944000005722046, 0.8888000249862671, 0.8809999823570251, 0.854200005531311, 0.871399998664856, 0.8849999904632568, 0.8345999717712402, 0.8925999999046326, 0.8105000257492065, 0.8497999906539917, 0.888700008392334, 0.8921999931335449, 0.897599995136261, 0.8888999819755554, 0.894599974155426, 0.8998000025749207, 0.8755000233650208, 0.8586000204086304, 0.8659999966621399, 0.8514999747276306, 0.7925999760627747, 0.8787000179290771, 0.8008000254631042, 0.7817999720573425, 0.8395000100135803, 0.7495999932289124, 0.8330000042915344, 0.8677999973297119, 0.8809999823570251, 0.7773000001907349, 0.7498999834060669, 0.7752000093460083, 0.6550999879837036, 0.661300003528595, 0.7885000109672546, 0.7321000099182129, 0.8270000219345093, 0.7907000184059143, 0.7685999870300293, 0.7312999963760376, 0.7768999934196472, 0.6843000054359436, 0.7224000096321106, 0.7829999923706055, 0.7893999814987183, 0.7301999926567078, 0.6974999904632568, 0.8465999960899353],