{"FedAvg": [0.6550999879837036, 0.5712000131607056, 0.5825999975204468, 0.6751000285148621, 0.5709999799728394, 0.49309998750686646, 0.5856000185012817, 0.47429999709129333, 0.4496000111103058, 0.39100000262260437, 0.3571999967098236, 0.5300999879837036, 0.453900009393692, 0.4198000133037567, 0.38909998536109924, 0.6115999817848206, 0.5070000290870667, 0.46399998664855957, 0.4528000056743622, 0.4251999855041504, 0.3822999894618988, 0.3626999855041504, 0.39570000767707825, 0.37369999289512634, 0.41130000352859497, 0.5939000248908997, 0.5706999897956848, 0.5347999930381775, 0.5232999920845032, 0.5236999988555908, 0.48010000586509705, 0.4399000108242035, 0.45879998803138733, 0.4925000071525574, 0.5037999749183655, 0.447299987077713, 0.42500001192092896, 0.42410001158714294, 0.41440001130104065, 0.49810001254081726, 0.41350001096725464, 0.41350001096725464, 0.4034999907016754, 0.40139999985694885, 0.38760000467300415, 0.4293999969959259, 0.4219000041484833, 0.42010000348091125, 0.39160001277923584, 0.42489999532699585, 0.39410001039505005, 0.3903000056743622, 0.38339999318122864, 0.37610000371932983, 0.3917999863624573, 0.3684000074863434, 0.3716000020503998, 0.3598000109195709, 0.3880000114440918, 0.367000013589859, 0.387800008058548, 0.3727000057697296, 0.35760000348091125, 0.38359999656677246, 0.3662000000476837, 0.39469999074935913, 0.38429999351501465, 0.37880000472068787, 0.37940001487731934, 0.36320000886917114, 0.38089999556541443, 0.3984000086784363, 0.4250999987125397, 0.39719998836517334, 0.3781999945640564, 0.39989998936653137, 0.38600000739097595, 0.3686999976634979, 0.36079999804496765, 0.3847000002861023, 0.3644999861717224, 0.5875999927520752, 0.5162000060081482, 0.515500009059906, 0.5066999793052673, 0.4790000021457672, 0.4918999969959259, 0.5015000104904175, 0.48660001158714294, 0.4722000062465668, 0.44190001487731934, 0.46560001373291016, 0.5209000110626221, 0.505299985408783, 0.4693000018596649, 0.43959999084472656, 0.474700003862381, 0.454800009727478, 0.45419999957084656, 0.4726000130176544], "Median": [0.7936000227928162, 0.7426999807357788, 0.7386000156402588, 0.7405999898910522, 0.7433000206947327, 0.7795000076293945, 0.6115999817848206, 0.6873999834060669, 0.5807999968528748, 0.6313999891281128, 0.5870000123977661, 0.5270000100135803, 0.5924000144004822, 0.5396000146865845, 0.5656999945640564, 0.4708999991416931, 0.5245000123977661, 0.43619999289512634, 0.5088000297546387, 0.42879998683929443, 0.5026999711990356, 0.4180000126361847, 0.5081999897956848, 0.4668999910354614, 0.5008999705314636, 0.45669999718666077, 0.5049999952316284, 0.459199994802475, 0.5044000148773193, 0.4634000062942505, 0.5138000249862671, 0.44369998574256897, 0.503600001335144, 0.4165000021457672, 0.4909999966621399, 0.4253999888896942, 0.48969998955726624, 0.4018000066280365, 0.4950999915599823, 0.4146000146865845, 0.504800021648407, 0.39910000562667847, 0.48500001430511475, 0.4041999876499176, 0.4677000045776367, 0.41519999504089355, 0.46000000834465027, 0.40689998865127563, 0.46639999747276306, 0.41280001401901245, 0.4447999894618988, 0.42649999260902405, 0.4431000053882599, 0.4002000093460083, 0.46639999747276306, 0.39500001072883606, 0.47350001335144043, 0.3928000032901764, 0.421099990606308, 0.3903000056743622, 0.4198000133037567, 0.383899986743927, 0.415800005197525, 0.38420000672340393, 0.4099000096321106, 0.375, 0.40560001134872437, 0.3785000145435333, 0.3935000002384186, 0.40220001339912415, 0.3662000000476837, 0.39890000224113464, 0.39750000834465027, 0.38760000467300415, 0.3824000060558319, 0.37610000371932983, 0.38350000977516174, 0.3569999933242798, 0.38760000467300415, 0.3644999861717224, 0.3790999948978424, 0.36739999055862427, 0.3650999963283539, 0.35989999771118164, 0.3725000023841858, 0.35269999504089355, 0.34150001406669617, 0.37599998712539673, 0.3598000109195709, 0.35420000553131104, 0.358599990606308, 0.35280001163482666, 0.34119999408721924, 0.36390000581741333, 0.33730000257492065, 0.35429999232292175, 0.3433000147342682, 0.34299999475479126, 0.33340001106262207, 0.3515999913215637], "MKrum": [0.8808000087738037, 0.6603000164031982, 0.6277999877929688, 0.7958999872207642, 0.8241000175476074, 0.7998999953269958, 0.7552000284194946, 0.6743000149726868, 0.6841999888420105, 0.6435999870300293, 0.5824000239372253, 0.5623000264167786, 0.5776000022888184, 0.49639999866485596, 0.5023999810218811, 0.5848000049591064, 0.654699981212616, 0.5893999934196472, 0.5807999968528748, 0.5087000131607056, 0.5525000095367432, 0.5975000262260437, 0.5839999914169312, 0.5508000254631042, 0.4887000024318695, 0.5547000169754028, 0.7928000092506409, 0.6714000105857849, 0.63919997215271, 0.8090000152587891, 0.8234999775886536, 0.8671000003814697, 0.6496000289916992, 0.6662999987602234, 0.6711999773979187, 0.7095999717712402, 0.5773000121116638, 0.6305000185966492, 0.5467000007629395, 0.6898000240325928, 0.6802999973297119, 0.728600025177002, 0.6172000169754028, 0.5871000289916992, 0.5217000246047974, 0.6018999814987183, 0.5357000231742859, 0.5293999910354614, 0.7860000133514404, 0.7192000150680542, 0.6037999987602234, 0.5893999934196472, 0.5667999982833862, 0.5519000291824341, 0.49079999327659607, 0.5361999869346619, 0.5667999982833862, 0.557699978351593, 0.6021000146865845, 0.6169999837875366, 0.48590001463890076, 0.7217000126838684, 0.6141999959945679, 0.6370000243186951, 0.5310999751091003, 0.5171999931335449, 0.6614999771118164, 0.5508000254631042, 0.5649999976158142, 0.5525000095367432, 0.4952999949455261, 0.6700999736785889, 0.6175000071525574, 0.7286999821662903, 0.7371000051498413, 0.6816999912261963, 0.5842000246047974, 0.4878000020980835, 0.478300005197525, 0.5892000198364258, 0.5148000121116638, 0.501800000667572, 0.6010000109672546, 0.5364000201225281, 0.5042999982833862, 0.5160999894142151, 0.5253000259399414, 0.5163999795913696, 0.566100001335144, 0.5539000034332275, 0.4603999853134155, 0.5575000047683716, 0.48669999837875366, 0.48030000925064087, 0.5404000282287598, 0.7957000136375427, 0.6814000010490417, 0.6101999878883362, 0.6010000109672546, 0.5514000058174133],