{"FedAvg": [0.8307999968528748, 0.7093999981880188, 0.6517999768257141, 0.6606000065803528, 0.7973999977111816, 0.729200005531311, 0.6747000217437744, 0.6830999851226807, 0.6412000060081482, 0.5916000008583069, 0.5968000292778015, 0.5670999884605408, 0.567300021648407, 0.5820000171661377, 0.5322999954223633, 0.8773999810218811, 0.8628000020980835, 0.873199999332428, 0.8585000038146973, 0.8531000018119812, 0.8493000268936157, 0.8801000118255615, 0.8611999750137329, 0.8482999801635742, 0.861299991607666, 0.8765000104904175, 0.888700008392334, 0.8285999894142151, 0.8302000164985657, 0.8859000205993652, 0.8366000056266785, 0.8179000020027161, 0.8600999712944031, 0.8019999861717224, 0.863099992275238, 0.8159000277519226, 0.8269000053405762, 0.8604999780654907, 0.8425999879837036, 0.848800003528595, 0.8457000255584717, 0.8343999981880188, 0.8621000051498413, 0.842199981212616, 0.8411999940872192, 0.843500018119812, 0.8449000120162964, 0.8391000032424927, 0.8349999785423279, 0.8356000185012817, 0.8346999883651733, 0.8452000021934509, 0.8321999907493591, 0.8525999784469604, 0.8421000242233276, 0.8385000228881836, 0.840399980545044, 0.8511999845504761, 0.8373000025749207, 0.8328999876976013, 0.8303999900817871, 0.8525000214576721, 0.8373000025749207, 0.8654999732971191, 0.8616999983787537, 0.8457000255584717, 0.8496000170707703, 0.8424000144004822, 0.845300018787384, 0.8355000019073486, 0.8291000127792358, 0.8306000232696533, 0.8360999822616577, 0.8360999822616577, 0.8317999839782715, 0.8496000170707703, 0.8330000042915344, 0.8348000049591064, 0.8345000147819519, 0.8302000164985657, 0.8303999900817871, 0.8300999999046326, 0.8521999716758728, 0.8508999943733215, 0.8384000062942505, 0.8360000252723694, 0.8274000287055969, 0.8306999802589417, 0.8353999853134155, 0.8360999822616577, 0.8388000130653381, 0.8264999985694885, 0.8436999917030334, 0.8361999988555908, 0.8292999863624573, 0.8276000022888184, 0.8270999789237976, 0.8235999941825867, 0.8238000273704529, 0.819100022315979], "Median": [0.8151000142097473, 0.7770000100135803, 0.7871000170707703, 0.7735999822616577, 0.7610999941825867, 0.7222999930381775, 0.7032999992370605, 0.6484000086784363, 0.6134999990463257, 0.6107000112533569, 0.6072999835014343, 0.6682999730110168, 0.611299991607666, 0.6168000102043152, 0.6226000189781189, 0.5579000115394592, 0.6155999898910522, 0.5859000086784363, 0.5462999939918518, 0.5473999977111816, 0.5759000182151794, 0.5126000046730042, 0.5697000026702881, 0.5005000233650208, 0.5526000261306763, 0.5206000208854675, 0.5486000180244446, 0.5228000283241272, 0.5677000284194946, 0.49399998784065247, 0.5738000273704529, 0.4690000116825104, 0.5292999744415283, 0.4690999984741211, 0.5286999940872192, 0.499099999666214, 0.5616999864578247, 0.4634000062942505, 0.516700029373169, 0.4675000011920929, 0.5503000020980835, 0.4668999910354614, 0.5548999905586243, 0.48159998655319214, 0.5393999814987183, 0.47780001163482666, 0.5382999777793884, 0.451200008392334, 0.5425999760627747, 0.46000000834465027, 0.5202000141143799, 0.46230000257492065, 0.5065000057220459, 0.46560001373291016, 0.49619999527931213, 0.461899995803833, 0.5188999772071838, 0.45969998836517334, 0.4957999885082245, 0.4537999927997589, 0.48170000314712524, 0.5055999755859375, 0.44769999384880066, 0.47040000557899475, 0.4424999952316284, 0.48339998722076416, 0.42649999260902405, 0.5213000178337097, 0.4293000102043152, 0.5210999846458435, 0.4648999869823456, 0.5042999982833862, 0.44609999656677246, 0.45260000228881836, 0.41019999980926514, 0.5508000254631042, 0.4702000021934509, 0.4375999867916107, 0.47769999504089355, 0.43209999799728394, 0.45879998803138733, 0.4406999945640564, 0.47360000014305115, 0.4462999999523163, 0.45239999890327454, 0.44429999589920044, 0.4505999982357025, 0.4593000113964081, 0.44749999046325684, 0.46560001373291016, 0.4918999969959259, 0.4593000113964081, 0.4772000014781952, 0.44119998812675476, 0.4512999951839447, 0.42100000381469727, 0.44350001215934753, 0.40560001134872437, 0.48739999532699585, 0.4551999866962433], "MKrum": [0.8616999983787537, 0.8909000158309937, 0.8971999883651733, 0.8873999714851379, 0.8851000070571899, 0.8790000081062317, 0.8949000239372253, 0.8562999963760376, 0.8974000215530396, 0.8281000256538391, 0.8251000046730042, 0.8309999704360962, 0.867900013923645, 0.8532000184059143, 0.8600000143051147, 0.8806999921798706, 0.8521999716758728, 0.8075000047683716, 0.804099977016449, 0.7441999912261963, 0.8282999992370605, 0.746999979019165, 0.7562999725341797, 0.8105000257492065, 0.8416000008583069, 0.7890999913215637, 0.7465999722480774, 0.7555999755859375, 0.7206000089645386, 0.723800003528595, 0.762499988079071, 0.7721999883651733, 0.6920999884605408, 0.6730999946594238, 0.6820999979972839, 0.7067999839782715, 0.6654000282287598, 0.6410999894142151, 0.6352999806404114, 0.7825999855995178, 0.6753000020980835, 0.65420001745224, 0.6877999901771545, 0.6620000004768372, 0.633400022983551, 0.8019999861717224, 0.7771000266075134, 0.7730000019073486, 0.6851000189781189, 0.652999997138977, 0.6462000012397766, 0.666100025177002, 0.6388000249862671, 0.821399986743927, 0.786899983882904, 0.7301999926567078, 0.6662999987602234, 0.8087999820709229, 0.8522999882698059, 0.8234999775886536, 0.8528000116348267, 0.8652999997138977, 0.8589000105857849, 0.8618999719619751, 0.855400025844574, 0.7968999743461609, 0.6726999878883362, 0.685699999332428, 0.7666000127792358, 0.7847999930381775, 0.7300000190734863, 0.7389000058174133, 0.6933000087738037, 0.736299991607666, 0.7167999744415283, 0.6970000267028809, 0.6884999871253967, 0.8582000136375427, 0.8544999957084656, 0.8906999826431274, 0.8359000086784363, 0.7922999858856201, 0.6808000206947327, 0.7143999934196472, 0.6865000128746033, 0.8871999979019165, 0.8849999904632568, 0.8852999806404114, 0.883400022983551, 0.881600022315979, 0.8801000118255615, 0.8816999793052673, 0.9067000150680542, 0.8966000080108643, 0.8959000110626221, 0.8966000080108643, 0.8587999939918518, 0.8888000249862671, 0.8669000267982483, 0.8618000149726868],