{"FedAvg": [0.6021000146865845, 0.7865999937057495, 0.589900016784668, 0.5508999824523926, 0.492900013923645, 0.47540000081062317, 0.46380001306533813, 0.43380001187324524, 0.40959998965263367, 0.37619999051094055, 0.34850001335144043, 0.3230000138282776, 0.3447999954223633, 0.3321000039577484, 0.3061999976634979, 0.28049999475479126, 0.2897999882698059, 0.28630000352859497, 0.3005000054836273, 0.27140000462532043, 0.29440000653266907, 0.27230000495910645, 0.28130000829696655, 0.2558000087738037, 0.2628999948501587, 0.265500009059906, 0.7106000185012817, 0.5156999826431274, 0.424699991941452, 0.3264999985694885, 0.32249999046325684, 0.29820001125335693, 0.29330000281333923, 0.2833999991416931, 0.27309998869895935, 0.2750999927520752, 0.2791000008583069, 0.2775000035762787, 0.2732999920845032, 0.2639999985694885, 0.26460000872612, 0.2567000091075897, 0.25859999656677246, 0.25220000743865967, 0.25290000438690186, 0.26489999890327454, 0.2513999938964844, 0.2540000081062317, 0.25999999046325684, 0.25609999895095825, 0.24220000207424164, 0.24879999458789825, 0.26030001044273376, 0.2572999894618988, 0.24629999697208405, 0.24390000104904175, 0.24140000343322754, 0.24199999868869781, 0.23770000040531158, 0.24070000648498535, 0.2517000138759613, 0.23160000145435333, 0.2459000051021576, 0.24449999630451202, 0.23280000686645508, 0.2410999983549118, 0.2386000007390976, 0.24150000512599945, 0.2362000048160553, 0.24639999866485596, 0.23330000042915344, 0.23160000145435333, 0.23170000314712524, 0.2502000033855438, 0.25360000133514404, 0.2345000058412552, 0.26330000162124634, 0.2280000001192093, 0.24709999561309814, 0.22280000150203705, 0.2378000020980835, 0.25380000472068787, 0.22990000247955322, 0.23999999463558197, 0.2354000061750412, 0.23340000212192535, 0.23999999463558197, 0.24549999833106995, 0.2363000065088272, 0.25780001282691956, 0.23909999430179596, 0.2492000013589859, 0.22210000455379486, 0.24889999628067017, 0.22380000352859497, 0.22689999639987946, 0.23100000619888306, 0.23810000717639923, 0.22599999606609344, 0.23520000278949738], "Median": [0.7821000218391418, 0.7368999719619751, 0.7423999905586243, 0.6798999905586243, 0.7484999895095825, 0.6191999912261963, 0.6208999752998352, 0.592199981212616, 0.5960000157356262, 0.5730000138282776, 0.5338000059127808, 0.5647000074386597, 0.5461000204086304, 0.5371999740600586, 0.5835000276565552, 0.4620000123977661, 0.4853000044822693, 0.4772000014781952, 0.4794999957084656, 0.4871000051498413, 0.4325000047683716, 0.46860000491142273, 0.4302000105381012, 0.4569999873638153, 0.43230000138282776, 0.4514000117778778, 0.41499999165534973, 0.453900009393692, 0.45570001006126404, 0.4512999951839447, 0.4341000020503998, 0.47519999742507935, 0.4438999891281128, 0.45730000734329224, 0.40610000491142273, 0.44130000472068787, 0.41530001163482666, 0.4417000114917755, 0.44530001282691956, 0.41760000586509705, 0.4325999915599823, 0.40299999713897705, 0.44350001215934753, 0.39570000767707825, 0.4408000111579895, 0.3898000121116638, 0.4447999894618988, 0.3937000036239624, 0.42649999260902405, 0.39089998602867126, 0.4348999857902527, 0.39649999141693115, 0.4438000023365021, 0.38199999928474426, 0.4327000081539154, 0.37070000171661377, 0.4510999917984009, 0.36970001459121704, 0.4235000014305115, 0.3709000051021576, 0.4050999879837036, 0.3603000044822693, 0.39570000767707825, 0.3709999918937683, 0.3944999873638153, 0.36629998683929443, 0.39570000767707825, 0.35089999437332153, 0.37130001187324524, 0.3540000021457672, 0.36719998717308044, 0.32919999957084656, 0.35280001163482666, 0.3264000117778778, 0.36640000343322754, 0.31839999556541443, 0.3628000020980835, 0.3264000117778778, 0.3393000066280365, 0.34619998931884766, 0.3328999876976013, 0.34310001134872437, 0.3310999870300293, 0.33250001072883606, 0.33809998631477356, 0.3230000138282776, 0.3262999951839447, 0.3303999900817871, 0.33079999685287476, 0.33550000190734863, 0.31869998574256897, 0.32850000262260437, 0.31929999589920044, 0.3181999921798706, 0.3183000087738037, 0.32330000400543213, 0.3142000138759613, 0.3084000051021576, 0.31850001215934753, 0.3287999927997589], "MKrum": [0.840499997138977, 0.7325000166893005, 0.6132000088691711, 0.5763999819755554, 0.5922999978065491, 0.5619999766349792, 0.5034999847412109, 0.491100013256073, 0.43230000138282776, 0.4880000054836273, 0.4359999895095825, 0.4871000051498413, 0.39989998936653137, 0.4318999946117401, 0.486299991607666, 0.41359999775886536, 0.40230000019073486, 0.4372999966144562, 0.5008999705314636, 0.44670000672340393, 0.45500001311302185, 0.40149998664855957, 0.414900004863739, 0.41359999775886536, 0.4496999979019165, 0.4661000072956085, 0.46720001101493835, 0.39750000834465027, 0.46650001406669617, 0.5281999707221985, 0.4562999904155731, 0.4341999888420105, 0.4300999939441681, 0.44350001215934753, 0.4334999918937683, 0.4903999865055084, 0.5051000118255615, 0.5687000155448914, 0.5353999733924866, 0.41530001163482666, 0.5042999982833862, 0.4625000059604645, 0.5182999968528748, 0.43470001220703125, 0.37299999594688416, 0.45179998874664307, 0.44839999079704285, 0.4262999892234802, 0.4388999938964844, 0.40450000762939453, 0.47519999742507935, 0.38359999656677246, 0.43320000171661377, 0.4729999899864197, 0.4715999960899353, 0.4180000126361847, 0.516700029373169, 0.48660001158714294, 0.4966999888420105, 0.4952999949455261, 0.4975999891757965, 0.5329999923706055, 0.4975000023841858, 0.4171000123023987, 0.506600022315979, 0.5163999795913696, 0.5274999737739563, 0.3952000141143799, 0.4546999931335449, 0.4343000054359436, 0.4512999951839447, 0.42399999499320984, 0.8335000276565552, 0.6284000277519226, 0.5472999811172485, 0.5594000220298767, 0.44350001215934753, 0.5914000272750854, 0.5289999842643738, 0.4993000030517578, 0.4571000039577484, 0.5260999798774719, 0.43130001425743103, 0.47920000553131104, 0.42890000343322754, 0.47920000553131104, 0.4034999907016754, 0.48730000853538513, 0.4424999952316284, 0.4968000054359436, 0.45890000462532043, 0.5217999815940857, 0.4634000062942505, 0.510699987411499, 0.5547999739646912, 0.5112000107765198, 0.4948999881744385, 0.5267999768257141, 0.4715999960899353, 0.4300999939441681],