{"FedAvg": [0.6021999716758728, 0.5853999853134155, 0.5600000023841858, 0.4860000014305115, 0.5153999924659729, 0.45669999718666077, 0.4377000033855438, 0.4212000072002411, 0.3019999861717224, 0.33149999380111694, 0.3310000002384186, 0.29809999465942383, 0.29120001196861267, 0.289000004529953, 0.2702000141143799, 0.26010000705718994, 0.23729999363422394, 0.24230000376701355, 0.23309999704360962, 0.2459000051021576, 0.2345000058412552, 0.24279999732971191, 0.2305999994277954, 0.24789999425411224, 0.22579999268054962, 0.24320000410079956, 0.2199999988079071, 0.26269999146461487, 0.2378000020980835, 0.7157999873161316, 0.7509999871253967, 0.6610000133514404, 0.6449999809265137, 0.5432000160217285, 0.5455999970436096, 0.54339998960495, 0.5187000036239624, 0.5694000124931335, 0.46799999475479126, 0.4311999976634979, 0.4413999915122986, 0.420199990272522, 0.40959998965263367, 0.3853999972343445, 0.4009000062942505, 0.4020000100135803, 0.4142000079154968, 0.4244000017642975, 0.3716000020503998, 0.39239999651908875, 0.40610000491142273, 0.3871999979019165, 0.40880000591278076, 0.3952000141143799, 0.3695000112056732, 0.3596000075340271, 0.376800000667572, 0.3921999931335449, 0.4348999857902527, 0.366100013256073, 0.36059999465942383, 0.34150001406669617, 0.329800009727478, 0.3325999975204468, 0.35120001435279846, 0.335099995136261, 0.3140999972820282, 0.3303999900817871, 0.3082999885082245, 0.30880001187324524, 0.3237999975681305, 0.30390000343322754, 0.3174000084400177, 0.30660000443458557, 0.3222000002861023, 0.30489999055862427, 0.29120001196861267, 0.31619998812675476, 0.29429998993873596, 0.3003999888896942, 0.30489999055862427, 0.29269999265670776, 0.28760001063346863, 0.29580000042915344, 0.31520000100135803, 0.2964000105857849, 0.2912999987602234, 0.30809998512268066, 0.3000999987125397, 0.28929999470710754, 0.2766999900341034, 0.2750999927520752, 0.30410000681877136, 0.31040000915527344, 0.28929999470710754, 0.2939999997615814, 0.28790000081062317, 0.2734000086784363, 0.29739999771118164, 0.29649999737739563], "Median": [0.7774999737739563, 0.733299970626831, 0.7458999752998352, 0.7132999897003174, 0.7337999939918518, 0.6633999943733215, 0.6305999755859375, 0.608299970626831, 0.5453000068664551, 0.5616999864578247, 0.5253000259399414, 0.527999997138977, 0.5054000020027161, 0.49779999256134033, 0.4896000027656555, 0.44830000400543213, 0.48350000381469727, 0.47620001435279846, 0.43140000104904175, 0.4936999976634979, 0.4537000060081482, 0.5034000277519226, 0.44609999656677246, 0.47189998626708984, 0.4410000145435333, 0.4781999886035919, 0.4359999895095825, 0.4625000059604645, 0.5002999901771545, 0.45910000801086426, 0.46869999170303345, 0.4246000051498413, 0.46860000491142273, 0.4293999969959259, 0.45899999141693115, 0.43149998784065247, 0.45500001311302185, 0.41040000319480896, 0.4860999882221222, 0.38609999418258667, 0.5072000026702881, 0.37119999527931213, 0.5056999921798706, 0.3750999867916107, 0.5171999931335449, 0.3547999858856201, 0.5044000148773193, 0.36410000920295715, 0.4961000084877014, 0.3598000109195709, 0.48820000886917114, 0.3628999888896942, 0.47589999437332153, 0.35350000858306885, 0.4715999960899353, 0.3531999886035919, 0.47350001335144043, 0.3549000024795532, 0.42329999804496765, 0.367000013589859, 0.39640000462532043, 0.36340001225471497, 0.38830000162124634, 0.3695000112056732, 0.38190001249313354, 0.35569998621940613, 0.3711000084877014, 0.35580000281333923, 0.3610999882221222, 0.35749998688697815, 0.36000001430511475, 0.3458000123500824, 0.35589998960494995, 0.34850001335144043, 0.3375000059604645, 0.3310000002384186, 0.35839998722076416, 0.3301999866962433, 0.3431999981403351, 0.33959999680519104, 0.34150001406669617, 0.3384999930858612, 0.32330000400543213, 0.3411000072956085, 0.3418999910354614, 0.3215000033378601, 0.33070001006126404, 0.3328999876976013, 0.33009999990463257, 0.32280001044273376, 0.32839998602867126, 0.3199999928474426, 0.3206999897956848, 0.32519999146461487, 0.3160000145435333, 0.31520000100135803, 0.3086000084877014, 0.31049999594688416, 0.29789999127388, 0.31459999084472656], "MKrum": [0.8808000087738037, 0.7688999772071838, 0.6352999806404114, 0.6521000266075134, 0.5968000292778015, 0.5774999856948853, 0.6567000150680542, 0.5781999826431274, 0.5008999705314636, 0.5519000291824341, 0.4494999945163727, 0.4699999988079071, 0.4950000047683716, 0.4794999957084656, 0.4562000036239624, 0.49549999833106995, 0.43790000677108765, 0.6144000291824341, 0.5236999988555908, 0.576200008392334, 0.5217000246047974, 0.3968999981880188, 0.49900001287460327, 0.41350001096725464, 0.45899999141693115, 0.38589999079704285, 0.51910001039505, 0.4893999993801117, 0.6157000064849854, 0.6614999771118164, 0.6211000084877014, 0.5160999894142151, 0.5246999859809875, 0.43959999084472656, 0.4514000117778778, 0.5386000275611877, 0.43140000104904175, 0.521399974822998, 0.4765999913215637, 0.5627999901771545, 0.46059998869895935, 0.545199990272522, 0.503000020980835, 0.5855000019073486, 0.5044000148773193, 0.47699999809265137, 0.5182999968528748, 0.4860000014305115, 0.5385000109672546, 0.4661000072956085, 0.5501000285148621, 0.4830999970436096, 0.5115000009536743, 0.4765999913215637, 0.5353999733924866, 0.4975000023841858, 0.4578999876976013, 0.5436000227928162, 0.5138000249862671, 0.5680000185966492, 0.5156000256538391, 0.47510001063346863, 0.41929998993873596, 0.595300018787384, 0.44690001010894775, 0.5192000269889832, 0.490200012922287, 0.6219000220298767, 0.5264999866485596, 0.49639999866485596, 0.4796999990940094, 0.5432999730110168, 0.5187000036239624, 0.6092000007629395, 0.43790000677108765, 0.47429999709129333, 0.5291000008583069, 0.444599986076355, 0.578499972820282, 0.4876999855041504, 0.5214999914169312, 0.4537999927997589, 0.5819000005722046, 0.5067999958992004, 0.5263000130653381, 0.46889999508857727, 0.5834000110626221, 0.45249998569488525, 0.5320000052452087, 0.4771000146865845, 0.5960999727249146, 0.48829999566078186, 0.5892999768257141, 0.49939998984336853, 0.4943999946117401, 0.4984000027179718, 0.5339000225067139, 0.7936999797821045, 0.65420001745224, 0.5511999726295471],