{"FedAvg": [0.6525999903678894, 0.5591999888420105, 0.5877000093460083, 0.45179998874664307, 0.5087000131607056, 0.46889999508857727, 0.553600013256073, 0.45500001311302185, 0.35589998960494995, 0.3287000060081482, 0.48100000619888306, 0.3776000142097473, 0.335999995470047, 0.28679999709129333, 0.30630001425743103, 0.3095000088214874, 0.31130000948905945, 0.31850001215934753, 0.2646999955177307, 0.25940001010894775, 0.4697999954223633, 0.39239999651908875, 0.34209999442100525, 0.3127000033855438, 0.2711000144481659, 0.2741999924182892, 0.2551000118255615, 0.2556999921798706, 0.2540999948978424, 0.4458000063896179, 0.34950000047683716, 0.29030001163482666, 0.27480000257492065, 0.26820001006126404, 0.26489999890327454, 0.2558000087738037, 0.25600001215934753, 0.24410000443458557, 0.2506999969482422, 0.23569999635219574, 0.24150000512599945, 0.2818000018596649, 0.36399999260902405, 0.33149999380111694, 0.2946000099182129, 0.28360000252723694, 0.25949999690055847, 0.26660001277923584, 0.25049999356269836, 0.2531000077724457, 0.2508000135421753, 0.25540000200271606, 0.2727999985218048, 0.2485000044107437, 0.3635999858379364, 0.33230000734329224, 0.2856000065803528, 0.27889999747276306, 0.2992999851703644, 0.27070000767707825, 0.3012000024318695, 0.2637999951839447, 0.2621000111103058, 0.2565000057220459, 0.28760001063346863, 0.2558000087738037, 0.2572000026702881, 0.25380000472068787, 0.2603999972343445, 0.25119999051094055, 0.25029999017715454, 0.23989999294281006, 0.2615000009536743, 0.2476000040769577, 0.2603999972343445, 0.24469999969005585, 0.24250000715255737, 0.2410999983549118, 0.2581999897956848, 0.24060000479221344, 0.25, 0.2363000065088272, 0.23800000548362732, 0.24210000038146973, 0.24560000002384186, 0.24560000002384186, 0.24060000479221344, 0.23199999332427979, 0.24140000343322754, 0.23849999904632568, 0.2337000072002411, 0.2596000134944916, 0.23420000076293945, 0.24150000512599945, 0.2590000033378601, 0.23409999907016754, 0.2745000123977661, 0.23309999704360962, 0.24140000343322754, 0.23319999873638153], "Median": [0.7928000092506409, 0.7436000108718872, 0.7365000247955322, 0.742900013923645, 0.7373999953269958, 0.7307000160217285, 0.6371999979019165, 0.6722999811172485, 0.5547999739646912, 0.5425999760627747, 0.5723000168800354, 0.5480999946594238, 0.5085999965667725, 0.5220000147819519, 0.4422000050544739, 0.512499988079071, 0.475600004196167, 0.5424000024795532, 0.4803999960422516, 0.4494999945163727, 0.5047000050544739, 0.43389999866485596, 0.5328999757766724, 0.4862000048160553, 0.5386999845504761, 0.46149998903274536, 0.541700005531311, 0.4339999854564667, 0.5250999927520752, 0.43779999017715454, 0.5343999862670898, 0.4147000014781952, 0.5371000170707703, 0.4043999910354614, 0.5271000266075134, 0.414900004863739, 0.5375000238418579, 0.4023999869823456, 0.5300999879837036, 0.3991999924182892, 0.5178999900817871, 0.39910000562667847, 0.532800018787384, 0.38909998536109924, 0.5221999883651733, 0.37209999561309814, 0.505299985408783, 0.3763999938964844, 0.5101000070571899, 0.3776000142097473, 0.49900001287460327, 0.36959999799728394, 0.48489999771118164, 0.37689998745918274, 0.484499990940094, 0.3684999942779541, 0.4921000003814697, 0.36809998750686646, 0.4519999921321869, 0.3637000024318695, 0.4172999858856201, 0.35830000042915344, 0.4066999852657318, 0.3756999969482422, 0.3765000104904175, 0.3756999969482422, 0.38040000200271606, 0.37459999322891235, 0.37560001015663147, 0.37540000677108765, 0.3668000102043152, 0.37400001287460327, 0.3756999969482422, 0.3822000026702881, 0.3668000102043152, 0.35830000042915344, 0.3783000111579895, 0.34060001373291016, 0.359499990940094, 0.34369999170303345, 0.3634999990463257, 0.3515999913215637, 0.3481999933719635, 0.3409999907016754, 0.33709999918937683, 0.32910001277923584, 0.33970001339912415, 0.34790000319480896, 0.33340001106262207, 0.33329999446868896, 0.3257000148296356, 0.31850001215934753, 0.3163999915122986, 0.3100999891757965, 0.3224000036716461, 0.3154999911785126, 0.299699991941452, 0.3260999917984009, 0.3037000000476837, 0.31949999928474426], "MKrum": [0.8808000087738037, 0.7628999948501587, 0.8752999901771545, 0.8363000154495239, 0.8784000277519226, 0.9010999798774719, 0.883899986743927, 0.8914999961853027, 0.8812999725341797, 0.8738999962806702, 0.8519999980926514, 0.7360000014305115, 0.6288999915122986, 0.6643999814987183, 0.6970000267028809, 0.6452000141143799, 0.6597999930381775, 0.5630000233650208, 0.6456999778747559, 0.5670999884605408, 0.602400004863739, 0.6391000151634216, 0.6309000253677368, 0.5512999892234802, 0.5497000217437744, 0.5680999755859375, 0.5741000175476074, 0.6111000180244446, 0.7465000152587891, 0.6040999889373779, 0.5593000054359436, 0.5159000158309937, 0.703499972820282, 0.5357999801635742, 0.5631999969482422, 0.5644999742507935, 0.5493000149726868, 0.5534999966621399, 0.5834000110626221, 0.5526999831199646, 0.5746999979019165, 0.5669000148773193, 0.5824999809265137, 0.6434999704360962, 0.6578999757766724, 0.570900022983551, 0.5781999826431274, 0.6247000098228455, 0.491100013256073, 0.557200014591217, 0.5037000179290771, 0.6292999982833862, 0.8382999897003174, 0.8396999835968018, 0.8406999707221985, 0.8187999725341797, 0.7818999886512756, 0.7662000060081482, 0.8374000191688538, 0.8730000257492065, 0.8518000245094299, 0.800000011920929, 0.7972000241279602, 0.7901999950408936, 0.7904000282287598, 0.7566999793052673, 0.7263000011444092, 0.6401000022888184, 0.7003999948501587, 0.6904000043869019, 0.6166999936103821, 0.557200014591217, 0.534500002861023, 0.560699999332428, 0.5708000063896179, 0.6389999985694885, 0.625, 0.7821999788284302, 0.8216999769210815, 0.6578999757766724, 0.6639000177383423, 0.6538000106811523, 0.5888000130653381, 0.6085000038146973, 0.5580999851226807, 0.5720000267028809, 0.5375999808311462, 0.5788000226020813, 0.4952999949455261, 0.5934000015258789, 0.5112000107765198, 0.5440000295639038, 0.5895000100135803, 0.6047000288963318, 0.5178999900817871, 0.5841000080108643, 0.5311999917030334, 0.5907999873161316, 0.6051999926567078, 0.5156999826431274],