{"FedAvg": [0.9028000235557556, 0.8986999988555908, 0.8896999955177307, 0.8783000111579895, 0.866100013256073, 0.878600001335144, 0.885699987411499, 0.8931999802589417, 0.8937000036239624, 0.886900007724762, 0.8780999779701233, 0.8867999911308289, 0.8881000280380249, 0.9018999934196472, 0.9049999713897705, 0.8949999809265137, 0.8970999717712402, 0.8896999955177307, 0.9017999768257141, 0.9092000126838684, 0.906000018119812, 0.9003000259399414, 0.8921999931335449, 0.8880000114440918, 0.8902000188827515, 0.8928999900817871, 0.8938999772071838, 0.8867999911308289, 0.8924999833106995, 0.8906000256538391, 0.9038000106811523, 0.9021000266075134, 0.8999999761581421, 0.8999000191688538, 0.9059000015258789, 0.9068999886512756, 0.916700005531311, 0.914900004863739, 0.9108999967575073, 0.9150999784469604, 0.9208999872207642, 0.9162999987602234, 0.9129999876022339, 0.8988999724388123, 0.90420001745224, 0.8982999920845032, 0.8952000141143799, 0.9035999774932861, 0.9002000093460083, 0.9024999737739563], "Median": [0.6556000113487244, 0.5378999710083008, 0.46880000829696655, 0.34200000762939453, 0.3003000020980835, 0.27869999408721924, 0.28380000591278076, 0.2590999901294708, 0.25060001015663147, 0.22439999878406525, 0.21130000054836273, 0.20360000431537628, 0.19550000131130219, 0.19030000269412994, 0.18729999661445618, 0.18209999799728394, 0.17990000545978546, 0.17749999463558197, 0.17820000648498535, 0.17569999396800995, 0.17299999296665192, 0.17630000412464142, 0.1720999926328659, 0.1680999994277954, 0.16979999840259552, 0.16619999706745148, 0.17020000517368317, 0.16990000009536743, 0.1657000035047531, 0.1657000035047531, 0.16670000553131104, 0.1657000035047531, 0.16529999673366547, 0.1664000004529953, 0.16419999301433563, 0.16259999573230743, 0.1582999974489212, 0.16269999742507935, 0.1598999947309494, 0.16009999811649323, 0.16519999504089355, 0.16099999845027924, 0.15790000557899475, 0.15839999914169312, 0.1589999943971634, 0.15970000624656677, 0.15770000219345093, 0.15919999778270721, 0.15649999678134918, 0.15729999542236328], "MKrum": [0.8898000121116638, 0.8912000060081482, 0.8744999766349792, 0.8779000043869019, 0.9061999917030334, 0.904699981212616, 0.9067999720573425, 0.907800018787384, 0.8999000191688538, 0.9164999723434448, 0.9063000082969666, 0.9082000255584717, 0.8984000086784363, 0.8920000195503235, 0.8885999917984009, 0.8945000171661377, 0.8989999890327454, 0.8741999864578247, 0.8682000041007996, 0.883899986743927, 0.883899986743927, 0.88919997215271, 0.8931999802589417, 0.8851000070571899, 0.8938999772071838, 0.8847000002861023, 0.885200023651123, 0.8917999863624573, 0.9006999731063843, 0.9100000262260437, 0.9057999849319458, 0.9065999984741211, 0.8912000060081482, 0.8925999999046326, 0.8891000151634216, 0.9021000266075134, 0.9061999917030334, 0.9075999855995178, 0.8977000117301941, 0.8906999826431274, 0.8944000005722046, 0.8960000276565552, 0.9103000164031982, 0.8988000154495239, 0.8945000171661377, 0.8903999924659729, 0.8773999810218811, 0.8763999938964844, 0.8914999961853027, 0.8934999704360962], "AFA": [0.8937000036239624, 0.911300003528595, 0.9128999710083008, 0.8920000195503235, 0.8848999738693237, 0.8830999732017517, 0.9003000259399414, 0.8980000019073486, 0.8955000042915344, 0.8966000080108643, 0.8880000114440918, 0.8664000034332275, 0.8748000264167786, 0.878000020980835, 0.8755999803543091, 0.8708999752998352, 0.8758000135421753, 0.8848999738693237, 0.8852999806404114, 0.89410001039505, 0.8906999826431274, 0.8865000009536743, 0.8884000182151794, 0.8841000199317932, 0.8867999911308289, 0.8855999708175659, 0.8892999887466431, 0.8956999778747559, 0.8934999704360962, 0.8948000073432922, 0.8931999802589417, 0.9056000113487244, 0.9038000106811523, 0.9031000137329102, 0.8988000154495239, 0.8973000049591064, 0.8992000222206116, 0.8903999924659729, 0.8964999914169312, 0.8949999809265137, 0.8889999985694885, 0.8931000232696533, 0.8934999704360962, 0.8892999887466431, 0.8895000219345093, 0.8888000249862671, 0.8889999985694885, 0.8871999979019165, 0.892799973487854, 0.8865000009536743], "FedMGDAplus": [0.8934999704360962, 0.8952999711036682, 0.8823000192642212, 0.9007999897003174, 0.9035000205039978, 0.8988999724388123, 0.8894000053405762, 0.8944000005722046, 0.8848999738693237, 0.8762999773025513, 0.8848000168800354, 0.8880000114440918, 0.8858000040054321, 0.8952999711036682, 0.9003000259399414, 0.8945000171661377, 0.9085999727249146, 0.9057000279426575, 0.9093000292778015, 0.9057999849319458, 0.9071999788284302, 0.9106000065803528, 0.907800018787384, 0.9129999876022339, 0.9000999927520752, 0.8998000025749207, 0.8996000289916992, 0.8992000222206116, 0.8996999859809875, 0.8999999761581421, 0.8992000222206116, 0.899399995803833, 0.8995000123977661, 0.899399995803833, 0.8981999754905701, 0.8973000049591064, 0.8982999920845032, 0.8978000283241272, 0.9014000296592712, 0.8992000222206116, 0.9007999897003174, 0.8981000185012817, 0.8998000025749207, 0.8992999792098999, 0.9007999897003174, 0.9010999798774719, 0.9003999829292297, 0.9031999707221985, 0.9013000130653381, 0.902999997138977], "CenteredClipping": [0.8895999789237976, 0.8973000049591064, 0.8687000274658203, 0.8579999804496765, 0.8784000277519226, 0.8763999938964844, 0.8808000087738037, 0.890999972820282, 0.896399974822998, 0.88919997215271, 0.878000020980835, 0.8773999810218811, 0.8747000098228455, 0.8834999799728394, 0.8830999732017517, 0.8705000281333923, 0.8712000250816345, 0.8644000291824341, 0.8755000233650208, 0.8762000203132629, 0.8730999827384949, 0.8769999742507935, 0.8770999908447266, 0.8618999719619751, 0.8669000267982483, 0.859499990940094, 0.8537999987602234, 0.8598999977111816, 0.859000027179718, 0.8651999831199646, 0.8659999966621399, 0.8657000064849854, 0.8634999990463257, 0.8694000244140625, 0.8679999709129333, 0.8673999905586243, 0.8640999794006348, 0.8682000041007996, 0.8673999905586243, 0.8702999949455261, 0.8687999844551086, 0.8701000213623047, 0.8671000003814697, 0.8707000017166138, 0.8715000152587891, 0.8748999834060669, 0.8758999705314636, 0.8840000033378601, 0.8802000284194946, 0.8812000155448914], "RFCL": [0.542900025844574, 0.4113999903202057, 0.2892000079154968, 0.2409999966621399, 0.2151000052690506, 0.1965000033378601, 0.19370000064373016, 0.1850000023841858, 0.1826999932527542, 0.17949999868869781, 0.17870000004768372, 0.17579999566078186, 0.17499999701976776, 0.1728000044822693, 0.1703999936580658, 0.17239999771118164, 0.16660000383853912, 0.1673000007867813, 0.1680999994277954, 0.16449999809265137, 0.16519999504089355, 0.1673000007867813, 0.16670000553131104, 0.16439999639987946, 0.16750000417232513, 0.16519999504089355, 0.16269999742507935, 0.1624000072479248, 0.163100004196167, 0.163100004196167, 0.1624000072479248, 0.16249999403953552, 0.163100004196167, 0.1624000072479248, 0.16110000014305115, 0.16200000047683716, 0.16609999537467957, 0.16380000114440918, 0.16200000047683716, 0.1589999943971634, 0.15960000455379486, 0.15639999508857727, 0.15839999914169312, 0.16040000319480896, 0.15729999542236328, 0.15860000252723694, 0.1590999960899353, 0.155799999833107, 0.16120000183582306, 0.15850000083446503]}