{"FedAvg": [0.9054999947547913, 0.8895000219345093, 0.8977000117301941, 0.8955000042915344, 0.9038000106811523, 0.9041000008583069, 0.8974000215530396, 0.9046000242233276, 0.9003000259399414, 0.9023000001907349, 0.9024999737739563, 0.8995000123977661, 0.9110000133514404, 0.895799994468689, 0.9032999873161316, 0.9093999862670898, 0.9103000164031982, 0.8944000005722046, 0.8974000215530396, 0.8978999853134155, 0.8981999754905701, 0.90420001745224, 0.9021000266075134, 0.9010999798774719, 0.9065999984741211, 0.8989999890327454, 0.9067999720573425, 0.9118000268936157, 0.9061999917030334, 0.9157000184059143, 0.9085000157356262, 0.9082000255584717, 0.9035000205039978, 0.9090999960899353, 0.9013000130653381, 0.8992000222206116, 0.8978999853134155, 0.9013000130653381, 0.8978000283241272, 0.9088000059127808, 0.8970999717712402, 0.9064000248908997, 0.9077000021934509, 0.9053000211715698, 0.9082000255584717, 0.9035000205039978, 0.9089000225067139, 0.9093000292778015, 0.9146000146865845, 0.9179999828338623], "Median": [0.892300009727478, 0.8691999912261963, 0.8134999871253967, 0.8206999897956848, 0.7894999980926514, 0.8162000179290771, 0.8389000296592712, 0.7993999719619751, 0.8101999759674072, 0.8001999855041504, 0.8162000179290771, 0.8055999875068665, 0.822700023651123, 0.8116000294685364, 0.8313999772071838, 0.832099974155426, 0.8411999940872192, 0.8453999757766724, 0.8550000190734863, 0.8622999787330627, 0.8605999946594238, 0.8597999811172485, 0.8593999743461609, 0.8622000217437744, 0.8648999929428101, 0.8644999861717224, 0.8619999885559082, 0.859000027179718, 0.8687000274658203, 0.8615000247955322, 0.8715999722480774, 0.8781999945640564, 0.8727999925613403, 0.8859000205993652, 0.8819000124931335, 0.8772000074386597, 0.8791000247001648, 0.8870000243186951, 0.8802000284194946, 0.8755000233650208, 0.8783000111579895, 0.878000020980835, 0.8773000240325928, 0.8770999908447266, 0.8759999871253967, 0.8766000270843506, 0.8791999816894531, 0.8820000290870667, 0.8845999836921692, 0.8848000168800354], "MKrum": [0.8949000239372253, 0.8956000208854675, 0.916100025177002, 0.9222000241279602, 0.9086999893188477, 0.9108999967575073, 0.9013000130653381, 0.9018999934196472, 0.9010999798774719, 0.9168000221252441, 0.9078999757766724, 0.9041000008583069, 0.9038000106811523, 0.9096999764442444, 0.8989999890327454, 0.8899999856948853, 0.8797000050544739, 0.8823999762535095, 0.8938999772071838, 0.907800018787384, 0.9039000272750854, 0.9108999967575073, 0.8942999839782715, 0.8845999836921692, 0.8899000287055969, 0.8867999911308289, 0.8956000208854675, 0.8880000114440918, 0.897599995136261, 0.897599995136261, 0.9067999720573425, 0.9046000242233276, 0.9108999967575073, 0.9057999849319458, 0.8967999815940857, 0.902899980545044, 0.8967000246047974, 0.8920000195503235, 0.888700008392334, 0.8977000117301941, 0.8967999815940857, 0.8995000123977661, 0.8992000222206116, 0.8960999846458435, 0.8907999992370605, 0.8901000022888184, 0.8974999785423279, 0.899399995803833, 0.902899980545044, 0.9046000242233276], "AFA": [0.9114999771118164, 0.8806999921798706, 0.9007999897003174, 0.8952999711036682, 0.894599974155426, 0.8986999988555908, 0.8896999955177307, 0.8938999772071838, 0.886900007724762, 0.8912000060081482, 0.8932999968528748, 0.8999000191688538, 0.892799973487854, 0.8894000053405762, 0.8995000123977661, 0.9049000144004822, 0.9074000120162964, 0.89410001039505, 0.9028000235557556, 0.8849999904632568, 0.8787999749183655, 0.8824999928474426, 0.883400022983551, 0.8770999908447266, 0.8741999864578247, 0.8722000122070312, 0.8809999823570251, 0.8817999958992004, 0.8870999813079834, 0.8870999813079834, 0.8808000087738037, 0.8840000033378601, 0.8788999915122986, 0.8845999836921692, 0.8858000040054321, 0.8840000033378601, 0.8776000142097473, 0.8755999803543091, 0.871999979019165, 0.8791999816894531, 0.8740000128746033, 0.8759999871253967, 0.8748999834060669, 0.873199999332428, 0.8773999810218811, 0.8787000179290771, 0.8848000168800354, 0.8876000046730042, 0.8946999907493591, 0.8950999975204468], "FedMGDAplus": [0.8995000123977661, 0.8877999782562256, 0.9003999829292297, 0.9013000130653381, 0.887499988079071, 0.8998000025749207, 0.8913000226020813, 0.8931000232696533, 0.8982999920845032, 0.900600016117096, 0.8959000110626221, 0.8934000134468079, 0.892300009727478, 0.8966000080108643, 0.9010999798774719, 0.902999997138977, 0.8963000178337097, 0.8884000182151794, 0.8784000277519226, 0.8845000267028809, 0.8855999708175659, 0.875, 0.8907999992370605, 0.8924999833106995, 0.8973000049591064, 0.9061999917030334, 0.9043999910354614, 0.8992999792098999, 0.9100000262260437, 0.9017000198364258, 0.9006999731063843, 0.8996000289916992, 0.902899980545044, 0.9010999798774719, 0.8981999754905701, 0.8981000185012817, 0.902999997138977, 0.8942999839782715, 0.901199996471405, 0.8962000012397766, 0.9036999940872192, 0.9032999873161316, 0.9021999835968018, 0.8995000123977661, 0.9003999829292297, 0.9017000198364258, 0.8988999724388123, 0.9045000076293945, 0.9023000001907349, 0.9027000069618225], "CenteredClipping": [0.8966000080108643, 0.894599974155426, 0.9014999866485596, 0.8960999846458435, 0.8826000094413757, 0.8888999819755554, 0.8878999948501587, 0.8848999738693237, 0.8924999833106995, 0.8859999775886536, 0.8889999985694885, 0.886900007724762, 0.8840000033378601, 0.8784000277519226, 0.8747000098228455, 0.8865000009536743, 0.8884000182151794, 0.887499988079071, 0.8834999799728394, 0.8860999941825867, 0.8693000078201294, 0.8733000159263611, 0.8711000084877014, 0.8578000068664551, 0.866599977016449, 0.8669000267982483, 0.8769999742507935, 0.8851000070571899, 0.8743000030517578, 0.8697999715805054, 0.8664000034332275, 0.8733000159263611, 0.871999979019165, 0.870199978351593, 0.8705000281333923, 0.8623999953269958, 0.8650000095367432, 0.8586999773979187, 0.8568000197410583, 0.8587999939918518, 0.8554999828338623, 0.8496000170707703, 0.8514000177383423, 0.8515999913215637, 0.8515999913215637, 0.8574000000953674, 0.8525999784469604, 0.8640000224113464, 0.8626000285148621, 0.8669999837875366], "RFCL": [0.6428999900817871, 0.42179998755455017, 0.2896000146865845, 0.2556999921798706, 0.23070000112056732, 0.2240999937057495, 0.21439999341964722, 0.2134999930858612, 0.21369999647140503, 0.21449999511241913, 0.20999999344348907, 0.2078000009059906, 0.2062000036239624, 0.21639999747276306, 0.20469999313354492, 0.2087000012397766, 0.20499999821186066, 0.20340000092983246, 0.2078000009059906, 0.2053000032901764, 0.20759999752044678, 0.20469999313354492, 0.20839999616146088, 0.2053000032901764, 0.20720000565052032, 0.2062000036239624, 0.20759999752044678, 0.21580000221729279, 0.2094999998807907, 0.21160000562667847, 0.21199999749660492, 0.2101999968290329, 0.21369999647140503, 0.20900000631809235, 0.21230000257492065, 0.20999999344348907, 0.2126999944448471, 0.21770000457763672, 0.21289999783039093, 0.22040000557899475, 0.2184000015258789, 0.21330000460147858, 0.21799999475479126, 0.22439999878406525, 0.2224999964237213, 0.21950000524520874, 0.22609999775886536, 0.22390000522136688, 0.22529999911785126, 0.2295999974012375]}