{"FedAvg": [0.899399995803833, 0.9016000032424927, 0.890500009059906, 0.8744000196456909, 0.8863000273704529, 0.8769000172615051, 0.8738999962806702, 0.8838000297546387, 0.8930000066757202, 0.8880000114440918, 0.8952999711036682, 0.8942999839782715, 0.9016000032424927, 0.9142000079154968, 0.9049000144004822, 0.8906999826431274, 0.8792999982833862, 0.8716999888420105, 0.8694999814033508, 0.8632000088691711, 0.8751000165939331, 0.883899986743927, 0.8906999826431274, 0.8895999789237976, 0.8906000256538391, 0.8938000202178955, 0.8931000232696533, 0.8932999968528748, 0.894599974155426, 0.8949000239372253, 0.8939999938011169, 0.8921999931335449, 0.892300009727478, 0.8866000175476074, 0.8967000246047974, 0.899399995803833, 0.8988000154495239, 0.8984000086784363, 0.8960999846458435, 0.8977000117301941, 0.8968999981880188, 0.8978000283241272, 0.8968999981880188, 0.8978999853134155, 0.8992999792098999, 0.8968999981880188, 0.9002000093460083, 0.8988999724388123, 0.8999999761581421, 0.9017000198364258], "Median": [0.5446000099182129, 0.5976999998092651, 0.4526999890804291, 0.37459999322891235, 0.3343999981880188, 0.30410000681877136, 0.2937999963760376, 0.2921000123023987, 0.2976999878883362, 0.2736999988555908, 0.2784000039100647, 0.2689000070095062, 0.24819999933242798, 0.265500009059906, 0.23260000348091125, 0.25459998846054077, 0.21819999814033508, 0.23149999976158142, 0.20080000162124634, 0.1923999935388565, 0.18880000710487366, 0.179299995303154, 0.18070000410079956, 0.18230000138282776, 0.17730000615119934, 0.1728000044822693, 0.17219999432563782, 0.16869999468326569, 0.17239999771118164, 0.16660000383853912, 0.16539999842643738, 0.1664000004529953, 0.16660000383853912, 0.16459999978542328, 0.17020000517368317, 0.16619999706745148, 0.1639000028371811, 0.16429999470710754, 0.16429999470710754, 0.1599999964237213, 0.16210000216960907, 0.15850000083446503, 0.1581999957561493, 0.16120000183582306, 0.16249999403953552, 0.15809999406337738, 0.15489999949932098, 0.15610000491142273, 0.15680000185966492, 0.1542000025510788], "MKrum": [0.8985999822616577, 0.8508999943733215, 0.8909000158309937, 0.8745999932289124, 0.8737999796867371, 0.8841000199317932, 0.9065999984741211, 0.8962000012397766, 0.888700008392334, 0.8780999779701233, 0.8777999877929688, 0.8823999762535095, 0.9010000228881836, 0.8895000219345093, 0.8963000178337097, 0.8968999981880188, 0.9132000207901001, 0.8968999981880188, 0.8986999988555908, 0.9071999788284302, 0.8996000289916992, 0.8980000019073486, 0.8705000281333923, 0.8672999739646912, 0.8673999905586243, 0.8549000024795532, 0.8640000224113464, 0.8956000208854675, 0.9003999829292297, 0.9003999829292297, 0.8826000094413757, 0.8748000264167786, 0.8690000176429749, 0.8720999956130981, 0.8916000127792358, 0.8967999815940857, 0.8748999834060669, 0.885200023651123, 0.8848999738693237, 0.8679999709129333, 0.8715000152587891, 0.8709999918937683, 0.8680999875068665, 0.8697999715805054, 0.8618000149726868, 0.8774999976158142, 0.8763999938964844, 0.8754000067710876, 0.8866000175476074, 0.8828999996185303], "AFA": [0.45500001311302185, 0.3206000030040741, 0.2549000084400177, 0.22460000216960907, 0.21359999477863312, 0.20010000467300415, 0.18960000574588776, 0.18649999797344208, 0.18119999766349792, 0.17910000681877136, 0.1785999983549118, 0.1729000061750412, 0.1712000072002411, 0.17350000143051147, 0.17389999330043793, 0.17180000245571136, 0.16750000417232513, 0.16680000722408295, 0.16740000247955322, 0.1687999963760376, 0.16750000417232513, 0.16410000622272491, 0.16449999809265137, 0.1606999933719635, 0.16349999606609344, 0.16099999845027924, 0.16660000383853912, 0.16200000047683716, 0.16060000658035278, 0.1615000069141388, 0.1606999933719635, 0.16439999639987946, 0.16019999980926514, 0.16030000150203705, 0.16140000522136688, 0.1590999960899353, 0.1573999971151352, 0.16030000150203705, 0.15919999778270721, 0.16009999811649323, 0.15690000355243683, 0.1582999974489212, 0.15870000422000885, 0.15680000185966492, 0.15559999644756317, 0.15620000660419464, 0.15629999339580536, 0.15700000524520874, 0.15469999611377716, 0.15770000219345093], "FedMGDAplus": [0.9034000039100647, 0.8718000054359436, 0.8353999853134155, 0.8187000155448914, 0.7556999921798706, 0.7016000151634216, 0.6869999766349792, 0.6571000218391418, 0.6065999865531921, 0.5990999937057495, 0.576200008392334, 0.5572999715805054, 0.5472000241279602, 0.5460000038146973, 0.5453000068664551, 0.5428000092506409, 0.5102999806404114, 0.5019999742507935, 0.5073000192642212, 0.46540001034736633, 0.4616999924182892, 0.4503999948501587, 0.453000009059906, 0.45509999990463257, 0.44679999351501465, 0.4050999879837036, 0.4198000133037567, 0.41040000319480896, 0.3871999979019165, 0.3928000032901764, 0.4043000042438507, 0.3815000057220459, 0.38370001316070557, 0.382999986410141, 0.3946000039577484, 0.3709000051021576, 0.3756999969482422, 0.37860000133514404, 0.37529999017715454, 0.3662000000476837, 0.38760000467300415, 0.38760000467300415, 0.3540000021457672, 0.35429999232292175, 0.36640000343322754, 0.36059999465942383, 0.3587000072002411, 0.357699990272522, 0.3499999940395355, 0.34380000829696655], "CenteredClipping": [0.5393999814987183, 0.5112000107765198, 0.4059000015258789, 0.3028999865055084, 0.2782999873161316, 0.2874000072479248, 0.2653999924659729, 0.26910001039505005, 0.2549999952316284, 0.26589998602867126, 0.22689999639987946, 0.22110000252723694, 0.19910000264644623, 0.19249999523162842, 0.18880000710487366, 0.18289999663829803, 0.1784999966621399, 0.18050000071525574, 0.17839999496936798, 0.17489999532699585, 0.17550000548362732, 0.1704999953508377, 0.17299999296665192, 0.17589999735355377, 0.17159999907016754, 0.17080000042915344, 0.1687999963760376, 0.16660000383853912, 0.16869999468326569, 0.1662999987602234, 0.16369999945163727, 0.16339999437332153, 0.1648000031709671, 0.16220000386238098, 0.16609999537467957, 0.16089999675750732, 0.16120000183582306, 0.1615999937057495, 0.16089999675750732, 0.1582999974489212, 0.15880000591278076, 0.1590999960899353, 0.15839999914169312, 0.15960000455379486, 0.15569999814033508, 0.1565999984741211, 0.15479999780654907, 0.15790000557899475, 0.1550000011920929, 0.15410000085830688], "RFCL": [0.557200014591217, 0.4065999984741211, 0.36500000953674316, 0.287200003862381, 0.2752000093460083, 0.2624000012874603, 0.27559998631477356, 0.2590000033378601, 0.25060001015663147, 0.24369999766349792, 0.23229999840259552, 0.2329999953508377, 0.21780000627040863, 0.21899999678134918, 0.22300000488758087, 0.21930000185966492, 0.20010000467300415, 0.21490000188350677, 0.20309999585151672, 0.21400000154972076, 0.1915999948978424, 0.20250000059604645, 0.19830000400543213, 0.18520000576972961, 0.19670000672340393, 0.18709999322891235, 0.19689999520778656, 0.17649999260902405, 0.18520000576972961, 0.18539999425411224, 0.1745000034570694, 0.1712999939918518, 0.17970000207424164, 0.1729000061750412, 0.1648000031709671, 0.19550000131130219, 0.1673000007867813, 0.17589999735355377, 0.1941000074148178, 0.1703999936580658, 0.16660000383853912, 0.16500000655651093, 0.17309999465942383, 0.16820000112056732, 0.17010000348091125, 0.1589999943971634, 0.17170000076293945, 0.155799999833107, 0.15760000050067902, 0.16040000319480896]}