{"FedAvg": [0.9114999771118164, 0.8934000134468079, 0.9017999768257141, 0.8823999762535095, 0.8895000219345093, 0.9007999897003174, 0.8920999765396118, 0.8974999785423279, 0.9013000130653381, 0.9002000093460083, 0.8960000276565552, 0.888700008392334, 0.8952999711036682, 0.8963000178337097, 0.896399974822998, 0.8999000191688538, 0.9031999707221985, 0.8996999859809875, 0.9007999897003174, 0.9014999866485596, 0.9002000093460083, 0.9003999829292297, 0.9035999774932861, 0.9110999703407288, 0.9065999984741211, 0.9079999923706055, 0.9103999733924866, 0.9053999781608582, 0.9107999801635742, 0.9110999703407288, 0.9057000279426575, 0.907800018787384, 0.9034000039100647, 0.902899980545044, 0.9114999771118164, 0.9077000021934509, 0.8981000185012817, 0.901199996471405, 0.909600019454956, 0.9103000164031982, 0.9079999923706055, 0.9110999703407288, 0.9052000045776367, 0.9003000259399414, 0.9025999903678894, 0.8999999761581421, 0.8996000289916992, 0.902899980545044, 0.9010000228881836, 0.8953999876976013], "Median": [0.5899999737739563, 0.5656999945640564, 0.42260000109672546, 0.32510000467300415, 0.3203999996185303, 0.2994999885559082, 0.2840999960899353, 0.2793000042438507, 0.2648000121116638, 0.26330000162124634, 0.26440000534057617, 0.24879999458789825, 0.2134999930858612, 0.20440000295639038, 0.19779999554157257, 0.1899999976158142, 0.1859000027179718, 0.18160000443458557, 0.1768999993801117, 0.17569999396800995, 0.17679999768733978, 0.17640000581741333, 0.17419999837875366, 0.17069999873638153, 0.17159999907016754, 0.16869999468326569, 0.16899999976158142, 0.16660000383853912, 0.16380000114440918, 0.1662999987602234, 0.16949999332427979, 0.1665000021457672, 0.1662999987602234, 0.16269999742507935, 0.16060000658035278, 0.164000004529953, 0.1615999937057495, 0.15639999508857727, 0.15919999778270721, 0.15520000457763672, 0.15700000524520874, 0.15940000116825104, 0.15780000388622284, 0.15839999914169312, 0.15330000221729279, 0.1551000028848648, 0.1565999984741211, 0.15539999306201935, 0.1565999984741211, 0.1597999930381775], "MKrum": [0.9090999960899353, 0.8866000175476074, 0.9050999879837036, 0.9071999788284302, 0.8999999761581421, 0.9018999934196472, 0.9036999940872192, 0.9004999995231628, 0.8992000222206116, 0.9060999751091003, 0.8946999907493591, 0.9013000130653381, 0.9078999757766724, 0.9002000093460083, 0.888700008392334, 0.8877999782562256, 0.8813999891281128, 0.8810999989509583, 0.8817999958992004, 0.8912000060081482, 0.8949999809265137, 0.8988000154495239, 0.8899999856948853, 0.894599974155426, 0.8927000164985657, 0.9003999829292297, 0.8851000070571899, 0.8898000121116638, 0.8949999809265137, 0.9023000001907349, 0.897599995136261, 0.8896999955177307, 0.88919997215271, 0.8927000164985657, 0.8984000086784363, 0.892300009727478, 0.9004999995231628, 0.9078999757766724, 0.9126999974250793, 0.9014999866485596, 0.8962000012397766, 0.9050999879837036, 0.8932999968528748, 0.8982999920845032, 0.9046000242233276, 0.9016000032424927, 0.9115999937057495, 0.9138000011444092, 0.9042999744415283, 0.9054999947547913], "AFA": [0.5024999976158142, 0.8468000292778015, 0.9053999781608582, 0.8984000086784363, 0.892799973487854, 0.8744999766349792, 0.8863999843597412, 0.8810999989509583, 0.8590999841690063, 0.8567000031471252, 0.8648999929428101, 0.8974999785423279, 0.8963000178337097, 0.8902000188827515, 0.8938000202178955, 0.9014000296592712, 0.8978000283241272, 0.8920000195503235, 0.8998000025749207, 0.8974000215530396, 0.894599974155426, 0.8984000086784363, 0.8959000110626221, 0.8955000042915344, 0.8910999894142151, 0.863099992275238, 0.8610000014305115, 0.8815000057220459, 0.8759999871253967, 0.8790000081062317, 0.8763999938964844, 0.8756999969482422, 0.8743000030517578, 0.8684999942779541, 0.8693000078201294, 0.8712999820709229, 0.8720999956130981, 0.8704000115394592, 0.8647000193595886, 0.8690000176429749, 0.875, 0.8745999932289124, 0.8795999884605408, 0.8668000102043152, 0.8636000156402588, 0.867900013923645, 0.8738999962806702, 0.8805999755859375, 0.8838000297546387, 0.8827000260353088], "FedMGDAplus": [0.9068999886512756, 0.9103999733924866, 0.9144999980926514, 0.9061999917030334, 0.902999997138977, 0.8870000243186951, 0.8859999775886536, 0.8970000147819519, 0.8919000029563904, 0.9047999978065491, 0.8934000134468079, 0.8978000283241272, 0.9017999768257141, 0.8985000252723694, 0.9031999707221985, 0.8977000117301941, 0.89410001039505, 0.9028000235557556, 0.9035000205039978, 0.8967000246047974, 0.8985000252723694, 0.8934000134468079, 0.8952000141143799, 0.8907999992370605, 0.890500009059906, 0.8956999778747559, 0.8878999948501587, 0.8876000046730042, 0.8884999752044678, 0.883899986743927, 0.8925999999046326, 0.8960000276565552, 0.9034000039100647, 0.8966000080108643, 0.8986999988555908, 0.8952999711036682, 0.8999000191688538, 0.8996999859809875, 0.8978999853134155, 0.8944000005722046, 0.894599974155426, 0.8978999853134155, 0.9013000130653381, 0.9013000130653381, 0.8944000005722046, 0.902999997138977, 0.9035999774932861, 0.9054999947547913, 0.9010000228881836, 0.9089000225067139], "CenteredClipping": [0.8827000260353088, 0.8421000242233276, 0.8303999900817871, 0.7721999883651733, 0.7605999708175659, 0.7466999888420105, 0.7329000234603882, 0.7360000014305115, 0.7384999990463257, 0.7491000294685364, 0.732699990272522, 0.7146000266075134, 0.7443000078201294, 0.7102000117301941, 0.7024999856948853, 0.6804999709129333, 0.699999988079071, 0.6913999915122986, 0.6953999996185303, 0.6980000138282776, 0.722599983215332, 0.7049999833106995, 0.6891999840736389, 0.6829000115394592, 0.6805999875068665, 0.6797999739646912, 0.6764000058174133, 0.6662999987602234, 0.6744999885559082, 0.6672999858856201, 0.6802999973297119, 0.6793000102043152, 0.6945000290870667, 0.6955999732017517, 0.6947000026702881, 0.6960999965667725, 0.6861000061035156, 0.6736000180244446, 0.6791999936103821, 0.6916000247001648, 0.6728000044822693, 0.6721000075340271, 0.6559000015258789, 0.6509000062942505, 0.6651999950408936, 0.6620000004768372, 0.6765999794006348, 0.6858999729156494, 0.6854000091552734, 0.6883999705314636], "RFCL": [0.5715000033378601, 0.3995000123977661, 0.3336000144481659, 0.28369998931884766, 0.24420000612735748, 0.2046000063419342, 0.2037999927997589, 0.1889999955892563, 0.18649999797344208, 0.18279999494552612, 0.1850000023841858, 0.17730000615119934, 0.1745000034570694, 0.17389999330043793, 0.18070000410079956, 0.1737000048160553, 0.1695999950170517, 0.16840000450611115, 0.16760000586509705, 0.17010000348091125, 0.1647000014781952, 0.16619999706745148, 0.16820000112056732, 0.16670000553131104, 0.16740000247955322, 0.164900004863739, 0.1671999990940094, 0.1648000031709671, 0.1664000004529953, 0.16699999570846558, 0.16519999504089355, 0.16590000689029694, 0.16179999709129333, 0.15610000491142273, 0.16169999539852142, 0.15850000083446503, 0.16060000658035278, 0.15790000557899475, 0.1671999990940094, 0.15710000693798065, 0.15760000050067902, 0.1615000069141388, 0.1581999957561493, 0.16349999606609344, 0.15950000286102295, 0.16120000183582306, 0.15970000624656677, 0.15680000185966492, 0.15800000727176666, 0.15700000524520874]}