{"FedAvg": [0.5426999926567078, 0.48330000042915344, 0.4327999949455261, 0.37369999289512634, 0.3276999890804291, 0.3140000104904175, 0.2590999901294708, 0.2750999927520752, 0.24570000171661377, 0.2599000036716461, 0.2451000064611435, 0.24879999458789825, 0.24709999561309814, 0.24549999833106995, 0.24279999732971191, 0.23970000445842743, 0.24729999899864197, 0.2313999980688095, 0.2353000044822693, 0.23330000042915344, 0.2312999963760376, 0.2295999974012375, 0.2282000035047531, 0.22380000352859497, 0.22759999334812164, 0.2248000055551529, 0.22300000488758087, 0.21960000693798065, 0.22450000047683716, 0.2257000058889389, 0.2159000039100647, 0.21889999508857727, 0.2272000014781952, 0.22269999980926514, 0.2240000069141388, 0.2150000035762787, 0.22789999842643738, 0.2150000035762787, 0.2287999987602234, 0.2249000072479248, 0.22609999775886536, 0.2206999957561493, 0.22269999980926514, 0.2224999964237213, 0.21709999442100525, 0.22020000219345093, 0.22689999639987946, 0.25459998846054077, 0.22110000252723694, 0.23479999601840973, 0.22259999811649323, 0.226500004529953, 0.23000000417232513, 0.21879999339580536, 0.2240999937057495, 0.2249000072479248, 0.22789999842643738, 0.21819999814033508, 0.22660000622272491, 0.22310000658035278, 0.22599999606609344, 0.22669999301433563, 0.22599999606609344, 0.2328999936580658, 0.22609999775886536, 0.22089999914169312, 0.23739999532699585, 0.22660000622272491, 0.2215999960899353, 0.2305999994277954, 0.22460000216960907, 0.22190000116825104, 0.2214999943971634, 0.23559999465942383, 0.23109999299049377, 0.2378000020980835, 0.2290000021457672, 0.22849999368190765, 0.23000000417232513, 0.24060000479221344, 0.23589999973773956, 0.23160000145435333, 0.23849999904632568, 0.23360000550746918, 0.23350000381469727, 0.243599995970726, 0.2287999987602234, 0.23890000581741333, 0.24410000443458557, 0.24250000715255737, 0.23010000586509705, 0.22939999401569366, 0.23739999532699585, 0.2379000037908554, 0.23800000548362732, 0.23549999296665192, 0.23270000517368317, 0.23749999701976776, 0.22460000216960907, 0.24500000476837158], "Median": [0.49320000410079956, 0.4334999918937683, 0.37380000948905945, 0.33709999918937683, 0.32359999418258667, 0.3305000066757202, 0.3255000114440918, 0.3197000026702881, 0.32089999318122864, 0.31060001254081726, 0.3116999864578247, 0.30869999527931213, 0.3084999918937683, 0.2989000082015991, 0.2994000017642975, 0.30000001192092896, 0.29789999127388, 0.2953000068664551, 0.29260000586509705, 0.290800005197525, 0.2955000102519989, 0.2809999883174896, 0.2872999906539917, 0.27559998631477356, 0.27630001306533813, 0.2784000039100647, 0.27379998564720154, 0.27140000462532043, 0.2655999958515167, 0.2720000147819519, 0.2635999917984009, 0.2648000121116638, 0.2612999975681305, 0.2533000111579895, 0.25459998846054077, 0.2542000114917755, 0.25380000472068787, 0.2492000013589859, 0.24860000610351562, 0.2493000030517578, 0.25029999017715454, 0.2506999969482422, 0.2442999929189682, 0.24279999732971191, 0.24369999766349792, 0.241799995303154, 0.24009999632835388, 0.24160000681877136, 0.24879999458789825, 0.24210000038146973, 0.2371000051498413, 0.24330000579357147, 0.2410999983549118, 0.23980000615119934, 0.24639999866485596, 0.24220000207424164, 0.23759999871253967, 0.2401999980211258, 0.24199999868869781, 0.24199999868869781, 0.2434999942779541, 0.24199999868869781, 0.2475000023841858, 0.24459999799728394, 0.23980000615119934, 0.2395000010728836, 0.24279999732971191, 0.2353000044822693, 0.2459000051021576, 0.24369999766349792, 0.23800000548362732, 0.24150000512599945, 0.23849999904632568, 0.2337000072002411, 0.2395000010728836, 0.24860000610351562, 0.24570000171661377, 0.2524000108242035, 0.24500000476837158, 0.24369999766349792, 0.24639999866485596, 0.23839999735355377, 0.24709999561309814, 0.24560000002384186, 0.24719999730587006, 0.24390000104904175, 0.25049999356269836, 0.24410000443458557, 0.24819999933242798, 0.25360000133514404, 0.24609999358654022, 0.2451000064611435, 0.24379999935626984, 0.2468000054359436, 0.2467000037431717, 0.24690000712871552, 0.2476000040769577, 0.24420000612735748, 0.2533999979496002, 0.25440001487731934], "MKrum": [0.694100022315979, 0.6126999855041504, 0.6748999953269958, 0.7437999844551086, 0.7305999994277954, 0.7477999925613403, 0.6970999836921692, 0.8666999936103821, 0.7318000197410583, 0.7731000185012817, 0.7200999855995178, 0.8001000285148621, 0.7730000019073486, 0.789900004863739, 0.8187999725341797, 0.7465999722480774, 0.7785999774932861, 0.7735999822616577, 0.7789999842643738, 0.7912999987602234, 0.7605999708175659, 0.8223999738693237, 0.8671000003814697, 0.8676000237464905, 0.7795000076293945, 0.7103999853134155, 0.8409000039100647, 0.7627999782562256, 0.6970999836921692, 0.7168999910354614, 0.717199981212616, 0.8273000121116638, 0.7703999876976013, 0.8903999924659729, 0.7886999845504761, 0.8482000231742859, 0.8112999796867371, 0.8155999779701233, 0.7896000146865845, 0.8123000264167786, 0.7752000093460083, 0.7584999799728394, 0.7336000204086304, 0.8123999834060669, 0.7569000124931335, 0.8389000296592712, 0.794700026512146, 0.7196999788284302, 0.7681000232696533, 0.7225000262260437, 0.8342999815940857, 0.7278000116348267, 0.784500002861023, 0.7700999975204468, 0.703000009059906, 0.6972000002861023, 0.6837000250816345, 0.7182000279426575, 0.779699981212616, 0.7491000294685364, 0.7756999731063843, 0.7145000100135803, 0.796500027179718, 0.7350999712944031, 0.6786999702453613, 0.7749000191688538, 0.6647999882698059, 0.65829998254776, 0.6377999782562256, 0.6467999815940857, 0.645799994468689, 0.6450999975204468, 0.6416000127792358, 0.8070999979972839, 0.7204999923706055, 0.7580999732017517, 0.7031999826431274, 0.6844000220298767, 0.8391000032424927, 0.7189000248908997, 0.7138000130653381, 0.7179999947547913, 0.7103000283241272, 0.8928999900817871, 0.7702999711036682, 0.7821000218391418, 0.8234000205993652, 0.7763000130653381, 0.7982000112533569, 0.7724000215530396, 0.7822999954223633, 0.7687000036239624, 0.8009999990463257, 0.8073999881744385, 0.7789000272750854, 0.7785000205039978, 0.8026000261306763, 0.7652000188827515, 0.7592999935150146, 0.7699000239372253],