{"FedAvg": [0.5281000137329102, 0.48100000619888306, 0.4323999881744385, 0.40209999680519104, 0.35089999437332153, 0.3522000014781952, 0.30250000953674316, 0.28949999809265137, 0.25839999318122864, 0.26969999074935913, 0.2583000063896179, 0.2547000050544739, 0.2687999904155731, 0.25850000977516174, 0.2799000144004822, 0.2531999945640564, 0.25589999556541443, 0.2517000138759613, 0.2498999983072281, 0.24779999256134033, 0.25839999318122864, 0.25049999356269836, 0.24639999866485596, 0.24650000035762787, 0.241799995303154, 0.23659999668598175, 0.2451999932527542, 0.24480000138282776, 0.24079999327659607, 0.2467000037431717, 0.2515000104904175, 0.2476000040769577, 0.2433999925851822, 0.24719999730587006, 0.26330000162124634, 0.24459999799728394, 0.2484000027179718, 0.2442999929189682, 0.26350000500679016, 0.25429999828338623, 0.2524999976158142, 0.2515999972820282, 0.25859999656677246, 0.25940001010894775, 0.25270000100135803, 0.258899986743927, 0.25049999356269836, 0.2492000013589859, 0.2614000141620636, 0.2531999945640564, 0.2513999938964844, 0.25769999623298645, 0.25949999690055847, 0.260699987411499, 0.2621000111103058, 0.26579999923706055, 0.25780001282691956, 0.26510000228881836, 0.25850000977516174, 0.25519999861717224, 0.259799987077713, 0.2614000141620636, 0.2558000087738037, 0.2605000138282776, 0.26910001039505005, 0.25859999656677246, 0.27300000190734863, 0.2621000111103058, 0.2655999958515167, 0.2606000006198883, 0.25839999318122864, 0.2750999927520752, 0.2671999931335449, 0.25589999556541443, 0.26100000739097595, 0.26429998874664307, 0.2856999933719635, 0.2759000062942505, 0.27810001373291016, 0.27480000257492065, 0.28439998626708984, 0.29319998621940613, 0.26460000872612, 0.28209999203681946, 0.2703000009059906, 0.2816999852657318, 0.27900001406669617, 0.2822999954223633, 0.28790000081062317, 0.26339998841285706, 0.289000004529953, 0.2720000147819519, 0.27900001406669617, 0.2678999900817871, 0.2727000117301941, 0.2856000065803528, 0.27799999713897705, 0.28540000319480896, 0.2815000116825104, 0.2842000126838684], "Median": [0.3962000012397766, 0.35280001163482666, 0.33820000290870667, 0.37400001287460327, 0.4083000123500824, 0.4693000018596649, 0.5491999983787537, 0.5525000095367432, 0.5449000000953674, 0.5708000063896179, 0.5741000175476074, 0.5667999982833862, 0.6018999814987183, 0.6060000061988831, 0.6269000172615051, 0.6137999892234802, 0.6190999746322632, 0.6274999976158142, 0.636900007724762, 0.642799973487854, 0.6445000171661377, 0.6305999755859375, 0.6313999891281128, 0.6078000068664551, 0.6539999842643738, 0.6165000200271606, 0.6538000106811523, 0.6209999918937683, 0.6061999797821045, 0.6320000290870667, 0.607200026512146, 0.6103000044822693, 0.6543999910354614, 0.6632999777793884, 0.6700999736785889, 0.6327000260353088, 0.616100013256073, 0.607200026512146, 0.6064000129699707, 0.6168000102043152, 0.6187000274658203, 0.6258000135421753, 0.6115999817848206, 0.614799976348877, 0.5893999934196472, 0.5813000202178955, 0.6064000129699707, 0.5936999917030334, 0.6222000122070312, 0.6218000054359436, 0.5892000198364258, 0.6173999905586243, 0.636900007724762, 0.6244000196456909, 0.6355999708175659, 0.6383000016212463, 0.6306999921798706, 0.6171000003814697, 0.632099986076355, 0.6470000147819519, 0.6327999830245972, 0.6173999905586243, 0.640999972820282, 0.6165000200271606, 0.5982999801635742, 0.6184999942779541, 0.6166999936103821, 0.5871000289916992, 0.6488999724388123, 0.6079999804496765, 0.603600025177002, 0.6463000178337097, 0.6531999707221985, 0.5913000106811523, 0.5968000292778015, 0.6237999796867371, 0.621399998664856, 0.6448000073432922, 0.6195999979972839, 0.6129999756813049, 0.6133000254631042, 0.63919997215271, 0.6018999814987183, 0.6238999962806702, 0.6139000058174133, 0.6435999870300293, 0.6434999704360962, 0.6280999779701233, 0.6384000182151794, 0.6360999941825867, 0.6410999894142151, 0.6421999931335449, 0.623199999332428, 0.6233000159263611, 0.6208000183105469, 0.6420999765396118, 0.6484000086784363, 0.6509000062942505, 0.6403999924659729, 0.6281999945640564], "MKrum": [0.6812999844551086, 0.6543999910354614, 0.6808000206947327, 0.6492000222206116, 0.6735000014305115, 0.6603000164031982, 0.6432999968528748, 0.6520000100135803, 0.6449000239372253, 0.6421999931335449, 0.6546000242233276, 0.6969000101089478, 0.6913999915122986, 0.6370999813079834, 0.6276000142097473, 0.6728000044822693, 0.7107999920845032, 0.7348999977111816, 0.7671999931335449, 0.7835000157356262, 0.7272999882698059, 0.7057999968528748, 0.6766999959945679, 0.7253000140190125, 0.6933000087738037, 0.7247999906539917, 0.6707000136375427, 0.7251999974250793, 0.7245000004768372, 0.7102000117301941, 0.7592999935150146, 0.7472000122070312, 0.7592999935150146, 0.7314000129699707, 0.6866000294685364, 0.6850000023841858, 0.7365999817848206, 0.6759999990463257, 0.6722999811172485, 0.7156999707221985, 0.7024999856948853, 0.7350000143051147, 0.77920001745224, 0.785099983215332, 0.786899983882904, 0.7174999713897705, 0.6988999843597412, 0.7253000140190125, 0.6919000148773193, 0.7530999779701233, 0.715399980545044, 0.7091000080108643, 0.6818000078201294, 0.7706000208854675, 0.7275999784469604, 0.7067000269889832, 0.7712000012397766, 0.7821000218391418, 0.7703999876976013, 0.8105999827384949, 0.7330999970436096, 0.7062000036239624, 0.7562999725341797, 0.7735000252723694, 0.6926000118255615, 0.7185999751091003, 0.6887000203132629, 0.6919000148773193, 0.6674000024795532, 0.7045999765396118, 0.6858999729156494, 0.6955999732017517, 0.7325999736785889, 0.7305999994277954, 0.7580000162124634, 0.7730000019073486, 0.8195000290870667, 0.7975999712944031, 0.7854999899864197, 0.8295000195503235, 0.7771999835968018, 0.7967000007629395, 0.7612000107765198, 0.8888999819755554, 0.7742000222206116, 0.7447999715805054, 0.7210000157356262, 0.7854999899864197, 0.7559000253677368, 0.7944999933242798, 0.7932999730110168, 0.8140000104904175, 0.7337999939918518, 0.7421000003814697, 0.692300021648407, 0.6798999905586243, 0.7116000056266785, 0.7164000272750854, 0.6800000071525574, 0.7580000162124634],