{"FedAvg": [0.60589998960495, 0.486299991607666, 0.41749998927116394, 0.4318999946117401, 0.4361000061035156, 0.4239000082015991, 0.4081000089645386, 0.42559999227523804, 0.38760000467300415, 0.3686999976634979, 0.3878999948501587, 0.3772999942302704, 0.427700012922287, 0.38960000872612, 0.3815999925136566, 0.44519999623298645, 0.37459999322891235, 0.36629998683929443, 0.3790999948978424, 0.34940001368522644, 0.3553999960422516, 0.4523000121116638, 0.3564000129699707, 0.373199999332428, 0.3691999912261963, 0.3614000082015991, 0.4047999978065491, 0.3833000063896179, 0.3790000081062317, 0.37470000982284546, 0.398499995470047, 0.4318000078201294, 0.42660000920295715, 0.42480000853538513, 0.41519999504089355, 0.43230000138282776, 0.396699994802475, 0.47999998927116394, 0.3837999999523163, 0.4262000024318695, 0.37459999322891235, 0.3846000134944916, 0.45179998874664307, 0.4027999937534332, 0.37689998745918274, 0.41600000858306885, 0.4115999937057495, 0.4584999978542328, 0.40689998865127563, 0.44190001487731934, 0.4551999866962433, 0.4221999943256378, 0.4796999990940094, 0.4885999858379364, 0.4514999985694885, 0.4731999933719635, 0.4490000009536743, 0.4596000015735626, 0.4496000111103058, 0.48350000381469727, 0.42800000309944153, 0.4408000111579895, 0.4625999927520752, 0.48559999465942383, 0.45730000734329224, 0.44699999690055847, 0.4675999879837036, 0.47839999198913574, 0.4458000063896179, 0.4535999894142151, 0.41940000653266907, 0.4878999888896942, 0.43619999289512634, 0.4950000047683716, 0.4839000105857849, 0.4544000029563904, 0.4602000117301941, 0.44769999384880066, 0.46970000863075256, 0.47350001335144043, 0.4952000081539154, 0.46299999952316284, 0.4925999939441681, 0.48030000925064087, 0.49399998784065247, 0.504800021648407, 0.49070000648498535, 0.4706999957561493, 0.506600022315979, 0.47110000252723694, 0.5109999775886536, 0.45100000500679016, 0.49390000104904175, 0.5015000104904175, 0.4943000078201294, 0.5115000009536743, 0.5015000104904175, 0.511900007724762, 0.48559999465942383, 0.5153999924659729], "Median": [0.8607000112533569, 0.881600022315979, 0.8582000136375427, 0.8999999761581421, 0.8999999761581421, 0.8999999761581421, 0.8999999761581421, 0.8999999761581421, 0.8765000104904175, 0.8999999761581421, 0.8999999761581421, 0.8999999761581421, 0.8999999761581421, 0.8999999761581421, 0.8999999761581421, 0.8999999761581421, 0.8999999761581421, 0.8999999761581421, 0.8999999761581421, 0.8999999761581421, 0.8999999761581421, 0.8999999761581421, 0.8999999761581421, 0.8999999761581421, 0.8999999761581421, 0.8999999761581421, 0.8999999761581421, 0.8999999761581421, 0.8999999761581421, 0.8999999761581421, 0.8999999761581421, 0.8999999761581421, 0.8999999761581421, 0.8999999761581421, 0.8999999761581421, 0.8999999761581421, 0.8999999761581421, 0.8999999761581421, 0.8999999761581421, 0.8999999761581421, 0.8999999761581421, 0.8999999761581421, 0.8999999761581421, 0.8999999761581421, 0.8999999761581421, 0.8999999761581421, 0.8999999761581421, 0.8999999761581421, 0.8999999761581421, 0.8999999761581421, 0.8999999761581421, 0.9003000259399414, 0.8999999761581421, 0.8999999761581421, 0.8999999761581421, 0.8999999761581421, 0.8999999761581421, 0.8999999761581421, 0.8999999761581421, 0.8999999761581421, 0.8999999761581421, 0.8999999761581421, 0.8999999761581421, 0.8999999761581421, 0.8999999761581421, 0.8999999761581421, 0.8999999761581421, 0.8999999761581421, 0.8999999761581421, 0.8999999761581421, 0.8999999761581421, 0.8999999761581421, 0.8999999761581421, 0.8999999761581421, 0.8999999761581421, 0.8999999761581421, 0.8999999761581421, 0.8999999761581421, 0.8999999761581421, 0.8999999761581421, 0.8999999761581421, 0.8999999761581421, 0.8999999761581421, 0.8999999761581421, 0.8999999761581421, 0.8999999761581421, 0.8999999761581421, 0.8999999761581421, 0.8999999761581421, 0.8999999761581421, 0.8999999761581421, 0.8999999761581421, 0.8999999761581421, 0.8999999761581421, 0.8999999761581421, 0.8999999761581421, 0.8999999761581421, 0.8999999761581421, 0.8999999761581421, 0.8999999761581421], "MKrum": [0.7508999705314636, 0.7739999890327454, 0.7254999876022339, 0.7228999733924866, 0.7099999785423279, 0.7228999733924866, 0.6779999732971191, 0.7106999754905701, 0.762499988079071, 0.769599974155426, 0.7182000279426575, 0.7674999833106995, 0.7128000259399414, 0.7670999765396118, 0.6407999992370605, 0.6090999841690063, 0.722599983215332, 0.7487000226974487, 0.6769999861717224, 0.656000018119812, 0.7348999977111816, 0.6970000267028809, 0.8008999824523926, 0.7103999853134155, 0.772599995136261, 0.8148999810218811, 0.7843999862670898, 0.8235999941825867, 0.8342999815940857, 0.8148000240325928, 0.8259000182151794, 0.8012999892234802, 0.7556999921798706, 0.8435999751091003, 0.7954000234603882, 0.7627000212669373, 0.8518999814987183, 0.7930999994277954, 0.7386999726295471, 0.7567999958992004, 0.8356000185012817, 0.8885999917984009, 0.8149999976158142, 0.7537999749183655, 0.7275999784469604, 0.8485000133514404, 0.727400004863739, 0.7732999920845032, 0.7954000234603882, 0.6798999905586243, 0.6632999777793884, 0.7175999879837036, 0.7512000203132629, 0.7386000156402588, 0.7411999702453613, 0.7750999927520752, 0.7648000121116638, 0.73580002784729, 0.7358999848365784, 0.758899986743927, 0.70660001039505, 0.670799970626831, 0.7912999987602234, 0.7601000070571899, 0.7421000003814697, 0.7766000032424927, 0.7448999881744385, 0.8066999912261963, 0.727400004863739, 0.7389000058174133, 0.8583999872207642, 0.6930000185966492, 0.8647000193595886, 0.8511999845504761, 0.8529000282287598, 0.7857000231742859, 0.8055999875068665, 0.7720999717712402, 0.7436000108718872, 0.7240999937057495, 0.714900016784668, 0.7353000044822693, 0.7501999735832214, 0.8858000040054321, 0.8258000016212463, 0.6922000050544739, 0.7696999907493591, 0.8827999830245972, 0.7246999740600586, 0.7716000080108643, 0.7373999953269958, 0.7135999798774719, 0.8727999925613403, 0.8641999959945679, 0.8353000283241272, 0.7972999811172485, 0.7766000032424927, 0.7775999903678894, 0.722100019454956, 0.7281000018119812],