{"FedAvg": [0.6614000201225281, 0.5601999759674072, 0.454800009727478, 0.4871000051498413, 0.5169000029563904, 0.45719999074935913, 0.44940000772476196, 0.45879998803138733, 0.44029998779296875, 0.429500013589859, 0.4453999996185303, 0.4205000102519989, 0.4334999918937683, 0.4296000003814697, 0.4602000117301941, 0.4650000035762787, 0.4918999969959259, 0.4618000090122223, 0.4388999938964844, 0.613099992275238, 0.4611999988555908, 0.45840001106262207, 0.4593000113964081, 0.438400000333786, 0.4323999881744385, 0.46239998936653137, 0.4278999865055084, 0.43549999594688416, 0.4424999952316284, 0.43810001015663147, 0.47540000081062317, 0.48399999737739563, 0.47279998660087585, 0.4465999901294708, 0.45669999718666077, 0.4853000044822693, 0.4487999975681305, 0.45660001039505005, 0.4652999937534332, 0.4377000033855438, 0.41620001196861267, 0.4672999978065491, 0.42559999227523804, 0.46959999203681946, 0.4343000054359436, 0.4449000060558319, 0.4214000105857849, 0.4255000054836273, 0.42309999465942383, 0.4242999851703644, 0.4189000129699707, 0.4309999942779541, 0.42500001192092896, 0.424699991941452, 0.40639999508857727, 0.4650000035762787, 0.40610000491142273, 0.42750000953674316, 0.44290000200271606, 0.44670000672340393, 0.43140000104904175, 0.4805000126361847, 0.44209998846054077, 0.4431999921798706, 0.44929999113082886, 0.477400004863739, 0.4846000075340271, 0.45509999990463257, 0.44440001249313354, 0.4724999964237213, 0.4307999908924103, 0.517799973487854, 0.4318999946117401, 0.477400004863739, 0.44620001316070557, 0.5076000094413757, 0.43810001015663147, 0.4790000021457672, 0.47920000553131104, 0.47099998593330383, 0.4726000130176544, 0.48590001463890076, 0.43709999322891235, 0.5133000016212463, 0.4814999997615814, 0.5712000131607056, 0.49000000953674316, 0.4681999981403351, 0.4964999854564667, 0.4867999851703644, 0.4943999946117401, 0.532800018787384, 0.49939998984336853, 0.4875999987125397, 0.4803999960422516, 0.5354999899864197, 0.5504000186920166, 0.5465999841690063, 0.48559999465942383, 0.5318999886512756], "Median": [0.8988999724388123, 0.8999999761581421, 0.8999999761581421, 0.8999999761581421, 0.8999999761581421, 0.8999999761581421, 0.8999999761581421, 0.8999999761581421, 0.8999999761581421, 0.8999999761581421, 0.8999999761581421, 0.8999999761581421, 0.8999999761581421, 0.8999999761581421, 0.8999999761581421, 0.8999999761581421, 0.8999999761581421, 0.8999999761581421, 0.8999999761581421, 0.8999999761581421, 0.8999999761581421, 0.8999999761581421, 0.8999999761581421, 0.8999999761581421, 0.8999999761581421, 0.8999999761581421, 0.8999999761581421, 0.8999999761581421, 0.8999999761581421, 0.8999999761581421, 0.8999999761581421, 0.8999999761581421, 0.8999999761581421, 0.8999999761581421, 0.8999999761581421, 0.8999999761581421, 0.8999999761581421, 0.8999999761581421, 0.8999999761581421, 0.8999999761581421, 0.8999999761581421, 0.8999999761581421, 0.8999999761581421, 0.8999999761581421, 0.8999999761581421, 0.8999999761581421, 0.8999999761581421, 0.8999999761581421, 0.8999999761581421, 0.8999999761581421, 0.8999999761581421, 0.8999999761581421, 0.8999999761581421, 0.8999999761581421, 0.8999999761581421, 0.8999999761581421, 0.8999999761581421, 0.8999999761581421, 0.8999999761581421, 0.8999999761581421, 0.8999999761581421, 0.8999999761581421, 0.8999999761581421, 0.8999999761581421, 0.8999999761581421, 0.8999999761581421, 0.8999999761581421, 0.8999999761581421, 0.8999999761581421, 0.8999999761581421, 0.8999999761581421, 0.8999999761581421, 0.8999999761581421, 0.8999999761581421, 0.8999999761581421, 0.8999999761581421, 0.8999999761581421, 0.8999999761581421, 0.8999999761581421, 0.8999999761581421, 0.8999999761581421, 0.8999999761581421, 0.8999999761581421, 0.8999999761581421, 0.8999999761581421, 0.8999999761581421, 0.8999999761581421, 0.8999999761581421, 0.8999999761581421, 0.8999999761581421, 0.8999999761581421, 0.8999999761581421, 0.8999999761581421, 0.8999999761581421, 0.8999999761581421, 0.8999999761581421, 0.8999999761581421, 0.8999999761581421, 0.8999999761581421, 0.8999999761581421], "MKrum": [0.8317999839782715, 0.7774999737739563, 0.8069000244140625, 0.757099986076355, 0.8094000220298767, 0.8409000039100647, 0.765500009059906, 0.77920001745224, 0.8156999945640564, 0.7807999849319458, 0.8413000106811523, 0.781499981880188, 0.7827000021934509, 0.8036999702453613, 0.8061000108718872, 0.8410999774932861, 0.8847000002861023, 0.8381999731063843, 0.8324999809265137, 0.8547999858856201, 0.830299973487854, 0.8744999766349792, 0.7584999799728394, 0.7537000179290771, 0.892799973487854, 0.8317000269889832, 0.8802000284194946, 0.838699996471405, 0.8633999824523926, 0.8690999746322632, 0.8848999738693237, 0.8068000078201294, 0.8672000169754028, 0.8021000027656555, 0.821399986743927, 0.861299991607666, 0.8878999948501587, 0.8719000220298767, 0.8432000279426575, 0.8363000154495239, 0.8417999744415283, 0.8998000025749207, 0.8152999877929688, 0.8302000164985657, 0.77920001745224, 0.765999972820282, 0.8427000045776367, 0.8684999942779541, 0.8669999837875366, 0.8353000283241272, 0.8604000210762024, 0.7822999954223633, 0.8565999865531921, 0.8999999761581421, 0.8338000178337097, 0.7930999994277954, 0.8953999876976013, 0.8967000246047974, 0.8999000191688538, 0.8982999920845032, 0.8551999926567078, 0.8903999924659729, 0.8666999936103821, 0.8445000052452087, 0.8912000060081482, 0.8986999988555908, 0.8849999904632568, 0.8330000042915344, 0.8201000094413757, 0.8144000172615051, 0.8087000250816345, 0.8503999710083008, 0.8461999893188477, 0.8420000076293945, 0.8456000089645386, 0.8862000107765198, 0.8999999761581421, 0.8791000247001648, 0.8881000280380249, 0.861299991607666, 0.8367999792098999, 0.8996999859809875, 0.8999999761581421, 0.8759999871253967, 0.8849999904632568, 0.902999997138977, 0.8939999938011169, 0.8999000191688538, 0.8399999737739563, 0.8925999999046326, 0.8779000043869019, 0.8925999999046326, 0.8998000025749207, 0.8198000192642212, 0.8027999997138977, 0.8871999979019165, 0.8999999761581421, 0.8999999761581421, 0.7980999946594238, 0.8082000017166138],