{"FedAvg": [0.6718000173568726, 0.667900025844574, 0.6650999784469604, 0.6790000200271606, 0.6358000040054321, 0.666100025177002, 0.6176000237464905, 0.6563000082969666, 0.6791999936103821, 0.6297000050544739, 0.617900013923645, 0.6919999718666077, 0.677299976348877, 0.63919997215271, 0.6518999934196472, 0.6570000052452087, 0.618399977684021, 0.6126000285148621, 0.6836000084877014, 0.6845999956130981, 0.6696000099182129, 0.7325999736785889, 0.6816999912261963, 0.6725999712944031, 0.6923999786376953, 0.7152000069618225, 0.6808000206947327, 0.7282999753952026, 0.7178999781608582, 0.7089999914169312, 0.7177000045776367, 0.7433000206947327, 0.7354000210762024, 0.7459999918937683, 0.7311999797821045, 0.7080000042915344, 0.7087000012397766, 0.7188000082969666, 0.7203999757766724, 0.7419000267982483, 0.7469000220298767, 0.7516000270843506, 0.7197999954223633, 0.7447999715805054, 0.7664999961853027, 0.753000020980835, 0.7469000220298767, 0.7551000118255615, 0.7146999835968018, 0.7573000192642212, 0.7457000017166138, 0.7681000232696533, 0.7541999816894531, 0.75, 0.7601000070571899, 0.7710999846458435, 0.7588000297546387, 0.7483999729156494, 0.7300999760627747, 0.737500011920929, 0.7473999857902527, 0.7348999977111816, 0.7458000183105469, 0.7060999870300293, 0.7304999828338623, 0.7569000124931335, 0.7576000094413757, 0.7488999962806702, 0.7523999810218811, 0.7706999778747559, 0.7687000036239624, 0.7430999875068665, 0.7689999938011169, 0.8004000186920166, 0.8116000294685364, 0.7962999939918518, 0.7860000133514404, 0.8086000084877014, 0.8133000135421753, 0.8206999897956848, 0.8289999961853027, 0.8392999768257141, 0.8274999856948853, 0.8434000015258789, 0.83160001039505, 0.8367000222206116, 0.8373000025749207, 0.8288999795913696, 0.8248999714851379, 0.8328999876976013, 0.8291000127792358, 0.8442999720573425, 0.8087000250816345, 0.8633999824523926, 0.8112999796867371, 0.8396000266075134, 0.8162999749183655, 0.8292999863624573, 0.8212000131607056, 0.819599986076355], "Median": [0.8999000191688538, 0.8999999761581421, 0.8999999761581421, 0.8999999761581421, 0.8999999761581421, 0.8999999761581421, 0.8999999761581421, 0.8999999761581421, 0.8999999761581421, 0.8999999761581421, 0.8999999761581421, 0.8999999761581421, 0.8999999761581421, 0.8999999761581421, 0.8999999761581421, 0.8999999761581421, 0.8999999761581421, 0.8999999761581421, 0.8999999761581421, 0.8999999761581421, 0.8999999761581421, 0.8999999761581421, 0.8999999761581421, 0.8999999761581421, 0.8999999761581421, 0.8999999761581421, 0.8999999761581421, 0.8999999761581421, 0.8999999761581421, 0.8999999761581421, 0.8999999761581421, 0.8999999761581421, 0.8999999761581421, 0.8999999761581421, 0.8999999761581421, 0.8999999761581421, 0.8999999761581421, 0.8999999761581421, 0.8999999761581421, 0.8999999761581421, 0.8999999761581421, 0.8999999761581421, 0.8999999761581421, 0.8999999761581421, 0.8999999761581421, 0.8999999761581421, 0.8999999761581421, 0.8999999761581421, 0.8999999761581421, 0.8999999761581421, 0.8999999761581421, 0.8999999761581421, 0.8999999761581421, 0.8999999761581421, 0.8999999761581421, 0.8999999761581421, 0.8999999761581421, 0.8999999761581421, 0.8999999761581421, 0.8999999761581421, 0.8999999761581421, 0.8999999761581421, 0.8999999761581421, 0.8999999761581421, 0.8999999761581421, 0.8999999761581421, 0.8999999761581421, 0.8999999761581421, 0.8999999761581421, 0.8999999761581421, 0.8999999761581421, 0.8999999761581421, 0.8999999761581421, 0.8999999761581421, 0.8999999761581421, 0.8999999761581421, 0.8999999761581421, 0.8999999761581421, 0.8999999761581421, 0.8999999761581421, 0.8999999761581421, 0.8999999761581421, 0.8999999761581421, 0.8999999761581421, 0.8999999761581421, 0.8999999761581421, 0.8999999761581421, 0.8999999761581421, 0.8999999761581421, 0.8999999761581421, 0.8999999761581421, 0.8999999761581421, 0.8999999761581421, 0.8999999761581421, 0.8999999761581421, 0.8999999761581421, 0.8999999761581421, 0.8999999761581421, 0.8999999761581421, 0.8999999761581421], "MKrum": [0.8185999989509583, 0.8999999761581421, 0.8141000270843506, 0.8999999761581421, 0.8804000020027161, 0.8546000123023987, 0.8996000289916992, 0.8992999792098999, 0.8661999702453613, 0.8734999895095825, 0.890999972820282, 0.8995000123977661, 0.8999999761581421, 0.8991000056266785, 0.8762000203132629, 0.8999999761581421, 0.8949999809265137, 0.8999999761581421, 0.8992999792098999, 0.8999999761581421, 0.8999999761581421, 0.8999999761581421, 0.8980000019073486, 0.8999999761581421, 0.8690000176429749, 0.8802000284194946, 0.8999999761581421, 0.8998000025749207, 0.8489999771118164, 0.8950999975204468, 0.8619999885559082, 0.8952000141143799, 0.8999999761581421, 0.8999999761581421, 0.8999999761581421, 0.8647000193595886, 0.8995000123977661, 0.8999999761581421, 0.896399974822998, 0.8848999738693237, 0.8999999761581421, 0.8819000124931335, 0.8992000222206116, 0.8737999796867371, 0.8885999917984009, 0.890500009059906, 0.900600016117096, 0.8996999859809875, 0.8866000175476074, 0.8996999859809875, 0.8572999835014343, 0.8999999761581421, 0.880299985408783, 0.8974999785423279, 0.8980000019073486, 0.8999999761581421, 0.8831999897956848, 0.8995000123977661, 0.8989999890327454, 0.8996999859809875, 0.8763999938964844, 0.8981999754905701, 0.8996999859809875, 0.8999999761581421, 0.8300999999046326, 0.8934000134468079, 0.8999999761581421, 0.8999999761581421, 0.8999999761581421, 0.8970999717712402, 0.8999999761581421, 0.899399995803833, 0.8999999761581421, 0.8999999761581421, 0.9000999927520752, 0.8913000226020813, 0.8999999761581421, 0.8999999761581421, 0.8766000270843506, 0.8999999761581421, 0.8833000063896179, 0.8999000191688538, 0.8910999894142151, 0.8928999900817871, 0.8985000252723694, 0.8999000191688538, 0.8999999761581421, 0.8999999761581421, 0.8999999761581421, 0.8999999761581421, 0.8992000222206116, 0.8999999761581421, 0.8999999761581421, 0.8956000208854675, 0.8999999761581421, 0.8967000246047974, 0.8999999761581421, 0.8762000203132629, 0.8995000123977661, 0.899399995803833], "AFA": [0.6718000173568726, 0.667900025844574, 0.6650999784469604, 0.7146000266075134, 0.7878000140190125, 0.7174999713897705, 0.7038999795913696, 0.711899995803833, 0.7074000239372253, 0.6560999751091003, 0.8184999823570251, 0.7975999712944031, 0.7501000165939331, 0.7290999889373779, 0.7365999817848206, 0.70660001039505, 0.7497000098228455, 0.7342000007629395, 0.7529000043869019, 0.8046000003814697, 0.815500020980835, 0.7764999866485596, 0.7337999939918518, 0.7267000079154968, 0.7663000226020813, 0.7394000291824341, 0.7250999808311462, 0.6847000122070312, 0.7200999855995178, 0.7321000099182129, 0.7129999995231628, 0.7250000238418579, 0.7279000282287598, 0.7465000152587891, 0.742900013923645, 0.7806000113487244, 0.7512000203132629, 0.7466999888420105, 0.7264000177383423, 0.7409999966621399, 0.7445999979972839, 0.7565000057220459, 0.7387999892234802, 0.7210999727249146, 0.7511000037193298, 0.7494000196456909, 0.7682999968528748, 0.7386000156402588, 0.7495999932289124, 0.7149999737739563, 0.7178000211715698, 0.692799985408783, 0.7278000116348267, 0.6953999996185303, 0.7279000282287598, 0.7203999757766724, 0.7318999767303467, 0.732699990272522, 0.7332000136375427, 0.7315000295639038, 0.7251999974250793, 0.756600022315979, 0.7371000051498413, 0.7562999725341797, 0.7436000108718872, 0.7452999949455261, 0.7656999826431274, 0.7443000078201294, 0.7373999953269958, 0.7565000057220459, 0.722599983215332, 0.7573999762535095, 0.7190999984741211, 0.7674999833106995, 0.7383000254631042, 0.7415000200271606, 0.7354000210762024, 0.7390000224113464, 0.7480000257492065, 0.7325999736785889, 0.7484999895095825, 0.7330999970436096, 0.733299970626831, 0.7430999875068665, 0.7161999940872192, 0.7275999784469604, 0.7105000019073486, 0.7264999747276306, 0.7073000073432922, 0.7445999979972839, 0.7163000106811523, 0.7145000100135803, 0.7394000291824341, 0.742900013923645, 0.717199981212616, 0.7426000237464905, 0.76419997215271, 0.7293000221252441, 0.7404000163078308, 0.7639999985694885],