{"FedAvg": [0.447299987077713, 0.33340001106262207, 0.26750001311302185, 0.24390000104904175, 0.2264000028371811, 0.21209999918937683, 0.20270000398159027, 0.19189999997615814, 0.19269999861717224, 0.18729999661445618, 0.1793999969959259, 0.18000000715255737, 0.1754000037908554, 0.1736000031232834, 0.17560000717639923, 0.17339999973773956, 0.17159999907016754, 0.17190000414848328, 0.17139999568462372, 0.16899999976158142, 0.16949999332427979, 0.16930000483989716, 0.17020000517368317, 0.17069999873638153, 0.1671999990940094, 0.17010000348091125, 0.16769999265670776, 0.16619999706745148, 0.16760000586509705, 0.16930000483989716, 0.16680000722408295, 0.1662999987602234, 0.1657000035047531, 0.16519999504089355, 0.16740000247955322, 0.16769999265670776, 0.164900004863739, 0.1662999987602234, 0.16619999706745148, 0.1664000004529953, 0.16670000553131104, 0.1648000031709671, 0.1639000028371811, 0.16500000655651093, 0.16689999401569366, 0.16279999911785126, 0.16599999368190765, 0.16210000216960907, 0.16439999639987946, 0.1647000014781952, 0.1657000035047531, 0.1606999933719635, 0.16279999911785126, 0.16740000247955322, 0.16680000722408295, 0.16410000622272491, 0.16519999504089355, 0.16529999673366547, 0.16349999606609344, 0.1624000072479248, 0.16699999570846558, 0.16380000114440918, 0.16269999742507935, 0.16769999265670776, 0.16529999673366547, 0.16769999265670776, 0.1664000004529953, 0.16329999268054962, 0.1623000055551529, 0.16380000114440918, 0.16539999842643738, 0.164900004863739, 0.1647000014781952, 0.16369999945163727, 0.16619999706745148, 0.16689999401569366, 0.16500000655651093, 0.16189999878406525, 0.16369999945163727, 0.164900004863739, 0.16380000114440918, 0.1656000018119812, 0.16449999809265137, 0.16740000247955322, 0.1639000028371811, 0.1655000001192093, 0.16670000553131104, 0.163100004196167, 0.16619999706745148, 0.16429999470710754, 0.1647000014781952, 0.16599999368190765, 0.16670000553131104, 0.1623000055551529, 0.16380000114440918, 0.1655000001192093, 0.1673000007867813, 0.16339999437332153, 0.16660000383853912, 0.16220000386238098], "Median": [0.5346999764442444, 0.5799999833106995, 0.4544000029563904, 0.3774999976158142, 0.3395000100135803, 0.3010999858379364, 0.2879999876022339, 0.2793000042438507, 0.2768000066280365, 0.2639999985694885, 0.2583000063896179, 0.27140000462532043, 0.2574000060558319, 0.24549999833106995, 0.22130000591278076, 0.226500004529953, 0.2069000005722046, 0.19920000433921814, 0.1940000057220459, 0.18610000610351562, 0.1891999989748001, 0.17569999396800995, 0.17829999327659607, 0.17960000038146973, 0.17739999294281006, 0.1761000007390976, 0.1720999926328659, 0.17030000686645508, 0.17630000412464142, 0.17180000245571136, 0.16590000689029694, 0.1712999939918518, 0.16990000009536743, 0.1648000031709671, 0.1704999953508377, 0.16850000619888306, 0.16580000519752502, 0.16459999978542328, 0.16750000417232513, 0.1648000031709671, 0.16349999606609344, 0.16089999675750732, 0.16269999742507935, 0.16300000250339508, 0.16249999403953552, 0.15860000252723694, 0.15940000116825104, 0.16120000183582306, 0.15870000422000885, 0.155799999833107, 0.1582999974489212, 0.15950000286102295, 0.1581999957561493, 0.1615999937057495, 0.15369999408721924, 0.1535000056028366, 0.15700000524520874, 0.15610000491142273, 0.15440000593662262, 0.15489999949932098, 0.1525000035762787, 0.15279999375343323, 0.1525000035762787, 0.15279999375343323, 0.15449999272823334, 0.15060000121593475, 0.15389999747276306, 0.15449999272823334, 0.15240000188350677, 0.15530000627040863, 0.15520000457763672, 0.15209999680519104, 0.1518000066280365, 0.15000000596046448, 0.1500999927520752, 0.15219999849796295, 0.14800000190734863, 0.14980000257492065, 0.1500999927520752, 0.1525000035762787, 0.14640000462532043, 0.1501999944448471, 0.15620000660419464, 0.15160000324249268, 0.14900000393390656, 0.15060000121593475, 0.14839999377727509, 0.1500999927520752, 0.15039999783039093, 0.15000000596046448, 0.15070000290870667, 0.1469999998807907, 0.14970000088214874, 0.15039999783039093, 0.14749999344348907, 0.14970000088214874, 0.1485999971628189, 0.1460999995470047, 0.1451999992132187, 0.14730000495910645], "MKrum": [0.5335999727249146, 0.45910000801086426, 0.40149998664855957, 0.3001999855041504, 0.2793000042438507, 0.25850000977516174, 0.2526000142097473, 0.24899999797344208, 0.25459998846054077, 0.24500000476837158, 0.24879999458789825, 0.24950000643730164, 0.26100000739097595, 0.24860000610351562, 0.24420000612735748, 0.24699999392032623, 0.24330000579357147, 0.24330000579357147, 0.24539999663829803, 0.241799995303154, 0.24490000307559967, 0.24400000274181366, 0.24719999730587006, 0.24500000476837158, 0.24469999969005585, 0.24500000476837158, 0.23899999260902405, 0.24050000309944153, 0.24160000681877136, 0.2498999983072281, 0.2418999969959259, 0.25049999356269836, 0.24400000274181366, 0.25209999084472656, 0.24320000410079956, 0.24369999766349792, 0.23800000548362732, 0.24379999935626984, 0.24390000104904175, 0.2451999932527542, 0.2475000023841858, 0.24310000240802765, 0.23919999599456787, 0.2639000117778778, 0.23989999294281006, 0.24150000512599945, 0.24390000104904175, 0.24420000612735748, 0.2410999983549118, 0.2443999946117401, 0.2451999932527542, 0.24390000104904175, 0.23690000176429749, 0.24310000240802765, 0.24120000004768372, 0.24529999494552612, 0.24310000240802765, 0.24899999797344208, 0.2402999997138977, 0.2393999993801117, 0.2451000064611435, 0.24420000612735748, 0.24079999327659607, 0.24300000071525574, 0.23960000276565552, 0.24300000071525574, 0.2493000030517578, 0.23899999260902405, 0.23759999871253967, 0.24300000071525574, 0.2459000051021576, 0.24210000038146973, 0.24580000340938568, 0.24220000207424164, 0.2476000040769577, 0.23970000445842743, 0.24490000307559967, 0.2434999942779541, 0.24500000476837158, 0.2409999966621399, 0.24979999661445618, 0.2363000065088272, 0.23960000276565552, 0.24690000712871552, 0.24410000443458557, 0.2395000010728836, 0.24449999630451202, 0.24150000512599945, 0.24310000240802765, 0.24130000174045563, 0.2434999942779541, 0.24809999763965607, 0.24060000479221344, 0.24150000512599945, 0.24230000376701355, 0.2498999983072281, 0.24529999494552612, 0.24400000274181366, 0.24130000174045563, 0.24379999935626984],