{"FedAvg": [0.4099999964237213, 0.3165000081062317, 0.27869999408721924, 0.2605000138282776, 0.2500999867916107, 0.23070000112056732, 0.21459999680519104, 0.20419999957084656, 0.1965000033378601, 0.19140000641345978, 0.19040000438690186, 0.18289999663829803, 0.18310000002384186, 0.18050000071525574, 0.18080000579357147, 0.18170000612735748, 0.18129999935626984, 0.17839999496936798, 0.17589999735355377, 0.17839999496936798, 0.1777999997138977, 0.1818999946117401, 0.17520000040531158, 0.17820000648498535, 0.1728000044822693, 0.17419999837875366, 0.18119999766349792, 0.17980000376701355, 0.17949999868869781, 0.17589999735355377, 0.17759999632835388, 0.17520000040531158, 0.17890000343322754, 0.17470000684261322, 0.17749999463558197, 0.17319999635219574, 0.17319999635219574, 0.17679999768733978, 0.17509999871253967, 0.1768999993801117, 0.17589999735355377, 0.17739999294281006, 0.17679999768733978, 0.17560000717639923, 0.17489999532699585, 0.17820000648498535, 0.17550000548362732, 0.17749999463558197, 0.17159999907016754, 0.17520000040531158, 0.17640000581741333, 0.17810000479221344, 0.1762000024318695, 0.1800999939441681, 0.17319999635219574, 0.17309999465942383, 0.1777999997138977, 0.17649999260902405, 0.1770000010728836, 0.17710000276565552, 0.1770000010728836, 0.17730000615119934, 0.17219999432563782, 0.17790000140666962, 0.17350000143051147, 0.17960000038146973, 0.17470000684261322, 0.17679999768733978, 0.1754000037908554, 0.17479999363422394, 0.17820000648498535, 0.17440000176429749, 0.17659999430179596, 0.17229999601840973, 0.17499999701976776, 0.17669999599456787, 0.17599999904632568, 0.17720000445842743, 0.17800000309944153, 0.17470000684261322, 0.179299995303154, 0.17749999463558197, 0.1785999983549118, 0.17599999904632568, 0.17839999496936798, 0.1761000007390976, 0.17839999496936798, 0.1768999993801117, 0.17820000648498535, 0.1770000010728836, 0.17569999396800995, 0.17489999532699585, 0.1784999966621399, 0.1777999997138977, 0.17730000615119934, 0.1762000024318695, 0.17499999701976776, 0.17409999668598175, 0.17910000681877136, 0.17520000040531158], "Median": [0.5004000067710876, 0.5460000038146973, 0.41519999504089355, 0.349700003862381, 0.3125, 0.2825999855995178, 0.28299999237060547, 0.262800008058548, 0.25380000472068787, 0.25929999351501465, 0.2533000111579895, 0.22769999504089355, 0.2190999984741211, 0.21960000693798065, 0.21089999377727509, 0.20960000157356262, 0.20569999516010284, 0.20029999315738678, 0.19840000569820404, 0.195700004696846, 0.18979999423027039, 0.18649999797344208, 0.18559999763965607, 0.1868000030517578, 0.18320000171661377, 0.17900000512599945, 0.18029999732971191, 0.17870000004768372, 0.1826000064611435, 0.18080000579357147, 0.17919999361038208, 0.17679999768733978, 0.1754000037908554, 0.1753000020980835, 0.1776999980211258, 0.17509999871253967, 0.1736000031232834, 0.17180000245571136, 0.1736000031232834, 0.1762000024318695, 0.1736000031232834, 0.17569999396800995, 0.1695999950170517, 0.17389999330043793, 0.17059999704360962, 0.17239999771118164, 0.1712000072002411, 0.17180000245571136, 0.17090000212192535, 0.16990000009536743, 0.17030000686645508, 0.1703999936580658, 0.1678999960422516, 0.17080000042915344, 0.1673000007867813, 0.16850000619888306, 0.16500000655651093, 0.16689999401569366, 0.16920000314712524, 0.16760000586509705, 0.1678999960422516, 0.1688999980688095, 0.16529999673366547, 0.16859999299049377, 0.1662999987602234, 0.1703999936580658, 0.16680000722408295, 0.1680999994277954, 0.16509999334812164, 0.1687999963760376, 0.1687999963760376, 0.1656000018119812, 0.16369999945163727, 0.16979999840259552, 0.16519999504089355, 0.16500000655651093, 0.16519999504089355, 0.16290000081062317, 0.16580000519752502, 0.16590000689029694, 0.1648000031709671, 0.16830000281333923, 0.16500000655651093, 0.16189999878406525, 0.1639000028371811, 0.163100004196167, 0.16519999504089355, 0.1656000018119812, 0.16779999434947968, 0.1664000004529953, 0.16750000417232513, 0.1656000018119812, 0.16439999639987946, 0.1639000028371811, 0.1657000035047531, 0.16359999775886536, 0.1632000058889389, 0.16210000216960907, 0.16539999842643738, 0.16210000216960907], "MKrum": [0.5629000067710876, 0.5382000207901001, 0.5486000180244446, 0.5439000129699707, 0.5213000178337097, 0.4832000136375427, 0.44110000133514404, 0.39399999380111694, 0.4196999967098236, 0.3840000033378601, 0.3686999976634979, 0.3686000108718872, 0.3824000060558319, 0.328900009393692, 0.29409998655319214, 0.32510000467300415, 0.3050000071525574, 0.30079999566078186, 0.2831999957561493, 0.3127000033855438, 0.29170000553131104, 0.2851000130176544, 0.2888000011444092, 0.3010999858379364, 0.3109999895095825, 0.29490000009536743, 0.3012999892234802, 0.2948000133037567, 0.2849000096321106, 0.2858000099658966, 0.3068999946117401, 0.2890999913215637, 0.29269999265670776, 0.28610000014305115, 0.28279998898506165, 0.2786000072956085, 0.2842999994754791, 0.27730000019073486, 0.3314000070095062, 0.27549999952316284, 0.296999990940094, 0.28769999742507935, 0.28200000524520874, 0.2808000147342682, 0.2849999964237213, 0.29789999127388, 0.3001999855041504, 0.29649999737739563, 0.30970001220703125, 0.31299999356269836, 0.303600013256073, 0.2757999897003174, 0.298799991607666, 0.28360000252723694, 0.3041999936103821, 0.2892000079154968, 0.2946000099182129, 0.2797999978065491, 0.298799991607666, 0.28450000286102295, 0.31709998846054077, 0.287200003862381, 0.29919999837875366, 0.2921999990940094, 0.29750001430511475, 0.2825999855995178, 0.2969000041484833, 0.2752000093460083, 0.2703000009059906, 0.29580000042915344, 0.28290000557899475, 0.2791999876499176, 0.27900001406669617, 0.2750999927520752, 0.28049999475479126, 0.2985999882221222, 0.2897999882698059, 0.2867000102996826, 0.2766000032424927, 0.3043000102043152, 0.2775999903678894, 0.3009999990463257, 0.3037000000476837, 0.31040000915527344, 0.29339998960494995, 0.3009999990463257, 0.2903999984264374, 0.28679999709129333, 0.2833999991416931, 0.27970001101493835, 0.2825999855995178, 0.314300000667572, 0.3107999861240387, 0.2786000072956085, 0.2953999936580658, 0.2752000093460083, 0.2842999994754791, 0.2856999933719635, 0.2752000093460083, 0.2800000011920929],