{"FedAvg": [0.5073000192642212, 0.4194999933242798, 0.3280999958515167, 0.29339998960494995, 0.2784999907016754, 0.2720000147819519, 0.2703000009059906, 0.2669999897480011, 0.24549999833106995, 0.24639999866485596, 0.21580000221729279, 0.21570000052452087, 0.20550000667572021, 0.20059999823570251, 0.1979999989271164, 0.19910000264644623, 0.19359999895095825, 0.19249999523162842, 0.19020000100135803, 0.19089999794960022, 0.1899999976158142, 0.19269999861717224, 0.19089999794960022, 0.19140000641345978, 0.19120000302791595, 0.1891999989748001, 0.19550000131130219, 0.19200000166893005, 0.19449999928474426, 0.19529999792575836, 0.18940000236034393, 0.19169999659061432, 0.19359999895095825, 0.19050000607967377, 0.1899999976158142, 0.18719999492168427, 0.18970000743865967, 0.19169999659061432, 0.19670000672340393, 0.19269999861717224, 0.1923999935388565, 0.19529999792575836, 0.19339999556541443, 0.19539999961853027, 0.19339999556541443, 0.19380000233650208, 0.195700004696846, 0.19419999420642853, 0.19449999928474426, 0.19529999792575836, 0.18799999356269836, 0.19840000569820404, 0.19200000166893005, 0.19470000267028809, 0.195700004696846, 0.19689999520778656, 0.19599999487400055, 0.19269999861717224, 0.19329999387264252, 0.19550000131130219, 0.1940000057220459, 0.19740000367164612, 0.19589999318122864, 0.1931000053882599, 0.19439999759197235, 0.19089999794960022, 0.2021999955177307, 0.1965000033378601, 0.19900000095367432, 0.19840000569820404, 0.19629999995231628, 0.19200000166893005, 0.19380000233650208, 0.19429999589920044, 0.20029999315738678, 0.19830000400543213, 0.1956000030040741, 0.19920000433921814, 0.19750000536441803, 0.19480000436306, 0.20739999413490295, 0.20080000162124634, 0.1988999992609024, 0.19550000131130219, 0.20059999823570251, 0.20430000126361847, 0.1988999992609024, 0.19949999451637268, 0.20550000667572021, 0.19920000433921814, 0.20160000026226044, 0.20520000159740448, 0.2003999948501587, 0.2011999934911728, 0.1995999962091446, 0.2021999955177307, 0.20000000298023224, 0.2012999951839447, 0.2029000073671341, 0.20440000295639038], "Median": [0.5293999910354614, 0.4973999857902527, 0.44679999351501465, 0.3855000138282776, 0.33719998598098755, 0.30630001425743103, 0.305400013923645, 0.2906000018119812, 0.2906000018119812, 0.28299999237060547, 0.2775000035762787, 0.2678000032901764, 0.26420000195503235, 0.2702000141143799, 0.24950000643730164, 0.2535000145435333, 0.24860000610351562, 0.2442999929189682, 0.24310000240802765, 0.2345999926328659, 0.2353000044822693, 0.2320999950170517, 0.23240000009536743, 0.2240999937057495, 0.2232999950647354, 0.21359999477863312, 0.21320000290870667, 0.21439999341964722, 0.21080000698566437, 0.20819999277591705, 0.2071000039577484, 0.20669999718666077, 0.2071000039577484, 0.20029999315738678, 0.20100000500679016, 0.19660000503063202, 0.19949999451637268, 0.19709999859333038, 0.19740000367164612, 0.19859999418258667, 0.1972000002861023, 0.19300000369548798, 0.19760000705718994, 0.19460000097751617, 0.19580000638961792, 0.19990000128746033, 0.19200000166893005, 0.19280000030994415, 0.19280000030994415, 0.19040000438690186, 0.188400000333786, 0.19099999964237213, 0.19130000472068787, 0.1899999976158142, 0.193900004029274, 0.1889999955892563, 0.19040000438690186, 0.19460000097751617, 0.19370000064373016, 0.19120000302791595, 0.19030000269412994, 0.18950000405311584, 0.19179999828338623, 0.1941000074148178, 0.18709999322891235, 0.19210000336170197, 0.1906999945640564, 0.18850000202655792, 0.1907999962568283, 0.19339999556541443, 0.19300000369548798, 0.18799999356269836, 0.1906999945640564, 0.1858000010251999, 0.18870000541210175, 0.18940000236034393, 0.18649999797344208, 0.19009999930858612, 0.1906999945640564, 0.19179999828338623, 0.19059999287128448, 0.19050000607967377, 0.19200000166893005, 0.18690000474452972, 0.18970000743865967, 0.19470000267028809, 0.18930000066757202, 0.1881999969482422, 0.1898999959230423, 0.18860000371932983, 0.18870000541210175, 0.1907999962568283, 0.1940000057220459, 0.18960000574588776, 0.1899999976158142, 0.19429999589920044, 0.18809999525547028, 0.18870000541210175, 0.18940000236034393, 0.1923000067472458], "MKrum": [0.6223000288009644, 0.5418000221252441, 0.5748999714851379, 0.5519000291824341, 0.545199990272522, 0.5600000023841858, 0.5544000267982483, 0.5640000104904175, 0.551800012588501, 0.542900025844574, 0.5745000243186951, 0.5490999817848206, 0.5508000254631042, 0.5561000108718872, 0.5461999773979187, 0.5622000098228455, 0.5482000112533569, 0.5551999807357788, 0.5705999732017517, 0.5425999760627747, 0.5522000193595886, 0.5558000206947327, 0.5508000254631042, 0.5527999997138977, 0.5480999946594238, 0.5460000038146973, 0.5426999926567078, 0.548799991607666, 0.5475000143051147, 0.5583000183105469, 0.5622000098228455, 0.5521000027656555, 0.5591999888420105, 0.5579000115394592, 0.5471000075340271, 0.5521000027656555, 0.5512999892234802, 0.5547000169754028, 0.555400013923645, 0.5522000193595886, 0.5597000122070312, 0.5942999720573425, 0.573199987411499, 0.5612000226974487, 0.5946000218391418, 0.5521000027656555, 0.5582000017166138, 0.5855000019073486, 0.5727999806404114, 0.5590999722480774, 0.5674999952316284, 0.554099977016449, 0.5540000200271606, 0.5670999884605408, 0.553600013256073, 0.551800012588501, 0.5568000078201294, 0.5683000087738037, 0.5572999715805054, 0.5604000091552734, 0.5550000071525574, 0.5590000152587891, 0.5831000208854675, 0.5577999949455261, 0.5713000297546387, 0.5806000232696533, 0.555400013923645, 0.6220999956130981, 0.5787000060081482, 0.5838000178337097, 0.5684000253677368, 0.5565999746322632, 0.5598000288009644, 0.5532000064849854, 0.555899977684021, 0.5490000247955322, 0.5527999997138977, 0.5652999877929688, 0.5602999925613403, 0.5663999915122986, 0.5612999796867371, 0.5555999875068665, 0.5706999897956848, 0.5687999725341797, 0.5922999978065491, 0.5763000249862671, 0.579800009727478, 0.5550000071525574, 0.6067000031471252, 0.5561000108718872, 0.5546000003814697, 0.5529999732971191, 0.5407000184059143, 0.6043999791145325, 0.5407000184059143, 0.5694000124931335, 0.5647000074386597, 0.5482000112533569, 0.6047000288963318, 0.6105999946594238],