{"FedAvg": [0.7584999799728394, 0.705299973487854, 0.7946000099182129, 0.6761999726295471, 0.7379999756813049, 0.7498000264167786, 0.7283999919891357, 0.7325000166893005, 0.6905999779701233, 0.6334999799728394, 0.6991000175476074, 0.6144999861717224, 0.6988000273704529, 0.7001000046730042, 0.6491000056266785, 0.6628999710083008, 0.6559000015258789, 0.5029000043869019, 0.6747999787330627, 0.6464999914169312, 0.4941999912261963, 0.6392999887466431, 0.5759999752044678, 0.5914999842643738, 0.5932999849319458, 0.48330000042915344, 0.5476999878883362, 0.6133000254631042, 0.6010000109672546, 0.7107999920845032, 0.6290000081062317, 0.6662999987602234, 0.6966999769210815, 0.632099986076355, 0.595300018787384, 0.5949000120162964, 0.621399998664856, 0.6171000003814697, 0.6205999851226807, 0.6205999851226807, 0.616599977016449, 0.5347999930381775, 0.6381999850273132, 0.48919999599456787, 0.6132000088691711, 0.600600004196167, 0.5669999718666077, 0.6284999847412109, 0.48019999265670776, 0.5999000072479248], "Median": [0.7764999866485596, 0.4593000113964081, 0.4277999997138977, 0.3788999915122986, 0.3856000006198883, 0.37779998779296875, 0.3677000105381012, 0.3312999904155731, 0.2996000051498413, 0.25769999623298645, 0.2371000051498413, 0.21469999849796295, 0.22339999675750732, 0.17720000445842743, 0.1615999937057495, 0.16019999980926514, 0.15289999544620514, 0.148499995470047, 0.1632000058889389, 0.15489999949932098, 0.16220000386238098, 0.15960000455379486, 0.17479999363422394, 0.15729999542236328, 0.15889999270439148, 0.15530000627040863, 0.1695999950170517, 0.14339999854564667, 0.1500999927520752, 0.1712999939918518, 0.1662999987602234, 0.1607999950647354, 0.15309999883174896, 0.15569999814033508, 0.15289999544620514, 0.14480000734329224, 0.15929999947547913, 0.14110000431537628, 0.14810000360012054, 0.14900000393390656, 0.14149999618530273, 0.15060000121593475, 0.1371999979019165, 0.14100000262260437, 0.14270000159740448, 0.1454000025987625, 0.15639999508857727, 0.14980000257492065, 0.1477999985218048, 0.13459999859333038], "MKrum": [0.9110000133514404, 0.9043999910354614, 0.8847000002861023, 0.8949999809265137, 0.90420001745224, 0.8971999883651733, 0.855400025844574, 0.8610000014305115, 0.9017999768257141, 0.90420001745224, 0.8847000002861023, 0.8971999883651733, 0.8971999883651733, 0.9042999744415283, 0.8989999890327454, 0.8971999883651733, 0.8971999883651733, 0.90420001745224, 0.8971999883651733, 0.8513000011444092, 0.9017999768257141, 0.90420001745224, 0.8991000056266785, 0.9010000228881836, 0.90420001745224, 0.8971999883651733, 0.90420001745224, 0.8971999883651733, 0.8968999981880188, 0.902999997138977, 0.8741999864578247, 0.8931000232696533, 0.8991000056266785, 0.90420001745224, 0.8971999883651733, 0.90420001745224, 0.90420001745224, 0.8715000152587891, 0.8971999883651733, 0.8579999804496765, 0.8004999756813049, 0.8903999924659729, 0.9017999768257141, 0.9035000205039978, 0.8971999883651733, 0.9067000150680542, 0.8989999890327454, 0.9021999835968018, 0.90420001745224, 0.90420001745224], "AFA": [0.7584999799728394, 0.7127000093460083, 0.7221999764442444, 0.6736999750137329, 0.5932000279426575, 0.8734999895095825, 0.6685000061988831, 0.49799999594688416, 0.29750001430511475, 0.1665000021457672, 0.12809999287128448, 0.10260000079870224, 0.0949999988079071, 0.15029999613761902, 0.08560000360012054, 0.08699999749660492, 0.08389999717473984, 0.08269999921321869, 0.19439999759197235, 0.07620000094175339, 0.07989999651908875, 0.07360000163316727, 0.0706000030040741, 0.06840000301599503, 0.06809999793767929, 0.07339999824762344, 0.1103999987244606, 0.06790000200271606, 0.06800000369548798, 0.08980000019073486, 0.06930000334978104, 0.0714000016450882, 0.06539999693632126, 0.06679999828338623, 0.06620000302791595, 0.06459999829530716, 0.06159999966621399, 0.06289999932050705, 0.2524999976158142, 0.05920000001788139, 0.06289999932050705, 0.06159999966621399, 0.06019999831914902, 0.05869999900460243, 0.05739999935030937, 0.05820000171661377, 0.05820000171661377, 0.05860000103712082, 0.05719999969005585, 0.06030000001192093], "FedMGDAplus": [0.6092000007629395, 0.5353999733924866, 0.3869999945163727, 0.3310999870300293, 0.2867000102996826, 0.2370000034570694, 0.20340000092983246, 0.18240000307559967, 0.19609999656677246, 0.17759999632835388, 0.16740000247955322, 0.16290000081062317, 0.1712999939918518, 0.1688999980688095, 0.16949999332427979, 0.18700000643730164, 0.17270000278949738, 0.1931000053882599, 0.19840000569820404, 0.22390000522136688, 0.2257000058889389, 0.2459000051021576, 0.3700000047683716, 0.438400000333786, 0.4462999999523163, 0.5105999708175659, 0.6758000254631042, 0.840499997138977, 0.8740000128746033, 0.864300012588501, 0.9309999942779541, 0.9182000160217285, 0.9591000080108643, 0.8999999761581421, 0.9448000192642212, 0.9397000074386597, 0.9599999785423279, 0.9276000261306763, 0.9758999943733215, 0.9782000184059143, 0.9890999794006348, 0.984499990940094, 0.9889000058174133, 0.9535999894142151, 0.9972000122070312, 0.9930999875068665, 0.9983000159263611, 0.996399998664856, 0.9664000272750854, 0.9940999746322632], "CenteredClipping": [0.7857999801635742, 0.8359000086784363, 0.8974000215530396, 0.8471999764442444, 0.900600016117096, 0.9017999768257141, 0.9017999768257141, 0.9017999768257141, 0.9017999768257141, 0.9017999768257141, 0.9017999768257141, 0.9017000198364258, 0.9017999768257141, 0.894599974155426, 0.9017999768257141, 0.8999000191688538, 0.9017999768257141, 0.8962000012397766, 0.9031000137329102, 0.9020000100135803, 0.8995000123977661, 0.9017999768257141, 0.8973000049591064, 0.9017999768257141, 0.9017999768257141, 0.9017999768257141, 0.8945000171661377, 0.9017999768257141, 0.9017999768257141, 0.9017999768257141, 0.9017999768257141, 0.9017999768257141, 0.8971999883651733, 0.9017999768257141, 0.9003000259399414, 0.9017999768257141, 0.9016000032424927, 0.9017999768257141, 0.8963000178337097, 0.9017999768257141, 0.9017999768257141, 0.9017000198364258, 0.9023000001907349, 0.9017999768257141, 0.8971999883651733, 0.9017999768257141, 0.9014000296592712, 0.9017999768257141, 0.9017999768257141, 0.9017999768257141], "RFCL": [0.6207000017166138, 0.2606000006198883, 0.1785999983549118, 0.12120000272989273, 0.09529999643564224, 0.08860000222921371, 0.08299999684095383, 0.07620000094175339, 0.0729999989271164, 0.07050000131130219, 0.0689999982714653, 0.0714000016450882, 0.06620000302791595, 0.06909999996423721, 0.06279999762773514, 0.06369999796152115, 0.06159999966621399, 0.05779999867081642, 0.061900001019239426, 0.05869999900460243, 0.05900000035762787, 0.056299999356269836, 0.06289999932050705, 0.05550000071525574, 0.057100001722574234, 0.05559999868273735, 0.055799998342990875, 0.05469999834895134, 0.05260000005364418, 0.08330000191926956, 0.050999999046325684, 0.05290000140666962, 0.06109999865293503, 0.052000001072883606, 0.051600001752376556, 0.05570000037550926, 0.052299998700618744, 0.1363999992609024, 0.05169999971985817, 0.05270000174641609, 0.04910000041127205, 0.0723000019788742, 0.052000001072883606, 0.052400000393390656, 0.08500000089406967, 0.05220000073313713, 0.052000001072883606, 0.05420000106096268, 0.050599999725818634, 0.04969999939203262]}