{"FedAvg": [0.7516999840736389, 0.8870000243186951, 0.8765000104904175, 0.8367000222206116, 0.8791999816894531, 0.8720999956130981, 0.9107999801635742, 0.909600019454956, 0.8999999761581421, 0.8877999782562256, 0.9028000235557556, 0.8991000056266785, 0.8888999819755554, 0.897599995136261, 0.8884000182151794, 0.9017999768257141, 0.8766000270843506, 0.8971999883651733, 0.9024999737739563, 0.8984000086784363, 0.8966000080108643, 0.9017999768257141, 0.8967000246047974, 0.8988000154495239, 0.8967999815940857, 0.8968999981880188, 0.8970000147819519, 0.9017999768257141, 0.8967999815940857, 0.9017999768257141, 0.8917999863624573, 0.894599974155426, 0.8971999883651733, 0.9017999768257141, 0.881600022315979, 0.9017999768257141, 0.8971999883651733, 0.9017999768257141, 0.9024999737739563, 0.8991000056266785, 0.8914999961853027, 0.9017999768257141, 0.8876000046730042, 0.8984000086784363, 0.8967999815940857, 0.9017999768257141, 0.8971999883651733, 0.8855000138282776, 0.8967000246047974, 0.8967999815940857], "Median": [0.9107000231742859, 0.8956000208854675, 0.9107999801635742, 0.8967999815940857, 0.8991000056266785, 0.8973000049591064, 0.8971999883651733, 0.8971999883651733, 0.8971999883651733, 0.8971999883651733, 0.8991000056266785, 0.8991000056266785, 0.8971999883651733, 0.8991000056266785, 0.8991000056266785, 0.8971999883651733, 0.8971999883651733, 0.8971999883651733, 0.8971999883651733, 0.8971999883651733, 0.8971999883651733, 0.8971999883651733, 0.8971999883651733, 0.8991000056266785, 0.8971999883651733, 0.8991000056266785, 0.8971999883651733, 0.9017999768257141, 0.9017999768257141, 0.9017999768257141, 0.9017999768257141, 0.9017999768257141, 0.9017999768257141, 0.9017999768257141, 0.9017999768257141, 0.9017999768257141, 0.9017999768257141, 0.9017999768257141, 0.9017999768257141, 0.9017999768257141, 0.8991000056266785, 0.9017999768257141, 0.9017999768257141, 0.9017999768257141, 0.9017000198364258, 0.9017999768257141, 0.9017999768257141, 0.9017999768257141, 0.9017999768257141, 0.9017999768257141], "MKrum": [0.9016000032424927, 0.8770999908447266, 0.8971999883651733, 0.8418999910354614, 0.9010000228881836, 0.8676999807357788, 0.9017999768257141, 0.9017999768257141, 0.9020000100135803, 0.8737999796867371, 0.9017999768257141, 0.9010000228881836, 0.8991000056266785, 0.899399995803833, 0.8974999785423279, 0.8991000056266785, 0.8565999865531921, 0.8991000056266785, 0.8816999793052673, 0.8932999968528748, 0.9020000100135803, 0.9003999829292297, 0.8848000168800354, 0.8812999725341797, 0.8988999724388123, 0.9017999768257141, 0.8971999883651733, 0.8971999883651733, 0.8971999883651733, 0.9017999768257141, 0.8991000056266785, 0.8913999795913696, 0.9032999873161316, 0.8971999883651733, 0.8971999883651733, 0.8991000056266785, 0.8770999908447266, 0.9017999768257141, 0.8593999743461609, 0.894599974155426, 0.9017000198364258, 0.8971999883651733, 0.9020000100135803, 0.8759999871253967, 0.8991000056266785, 0.8718000054359436, 0.8971999883651733, 0.8971999883651733, 0.8547999858856201, 0.8991000056266785], "AFA": [0.7516999840736389, 0.8870000243186951, 0.8765000104904175, 0.8967999815940857, 0.8914999961853027, 0.9017999768257141, 0.8962000012397766, 0.8937000036239624, 0.9007999897003174, 0.8906999826431274, 0.8985999822616577, 0.9049999713897705, 0.9308000206947327, 0.9039000272750854, 0.9017999768257141, 0.8950999975204468, 0.8967999815940857, 0.8974000215530396, 0.9017999768257141, 0.8925999999046326, 0.8973000049591064, 0.8967999815940857, 0.8967999815940857, 0.8968999981880188, 0.8583999872207642, 0.8988999724388123, 0.8999000191688538, 0.9017000198364258, 0.9020000100135803, 0.8967000246047974, 0.8988999724388123, 0.8974999785423279, 0.8967999815940857, 0.8968999981880188, 0.8967999815940857, 0.8966000080108643, 0.9017999768257141, 0.8963000178337097, 0.8962000012397766, 0.8967999815940857, 0.888700008392334, 0.8967999815940857, 0.9014000296592712, 0.8932999968528748, 0.8934000134468079, 0.9014000296592712, 0.9021999835968018, 0.8968999981880188, 0.8999000191688538, 0.8985000252723694], "FedMGDAplus": [0.6011999845504761, 0.46889999508857727, 0.23170000314712524, 0.1941000074148178, 0.1656000018119812, 0.1281999945640564, 0.11379999667406082, 0.10620000213384628, 0.0940999984741211, 0.08910000324249268, 0.08940000087022781, 0.08669999986886978, 0.08820000290870667, 0.09430000185966492, 0.07349999994039536, 0.0746999979019165, 0.07620000094175339, 0.07190000265836716, 0.07029999792575836, 0.0697999969124794, 0.06930000334978104, 0.06669999659061432, 0.06920000165700912, 0.06379999965429306, 0.06449999660253525, 0.06279999762773514, 0.06080000102519989, 0.06210000067949295, 0.059300001710653305, 0.057999998331069946, 0.05950000137090683, 0.06210000067949295, 0.058800000697374344, 0.058800000697374344, 0.05530000105500221, 0.05979999899864197, 0.05620000138878822, 0.05510000139474869, 0.05510000139474869, 0.05649999901652336, 0.051899999380111694, 0.05739999935030937, 0.05469999834895134, 0.052299998700618744, 0.053599998354911804, 0.054499998688697815, 0.053199999034404755, 0.054999999701976776, 0.05339999869465828, 0.054099999368190765], "CenteredClipping": [0.9017000198364258, 0.9017999768257141, 0.9017999768257141, 0.9017999768257141, 0.9017999768257141, 0.9017999768257141, 0.9017999768257141, 0.9017999768257141, 0.8968999981880188, 0.9017999768257141, 0.8967999815940857, 0.9017999768257141, 0.8967999815940857, 0.9017999768257141, 0.9017999768257141, 0.9017999768257141, 0.9017999768257141, 0.9017999768257141, 0.9017999768257141, 0.9017999768257141, 0.9017999768257141, 0.9017999768257141, 0.9017999768257141, 0.9017999768257141, 0.9017999768257141, 0.9017999768257141, 0.9017999768257141, 0.9017999768257141, 0.9017999768257141, 0.9017999768257141, 0.9017999768257141, 0.9017999768257141, 0.9017999768257141, 0.9017999768257141, 0.9017999768257141, 0.9017999768257141, 0.9017999768257141, 0.9017999768257141, 0.9017999768257141, 0.9017999768257141, 0.9017999768257141, 0.9017999768257141, 0.9017999768257141, 0.9017999768257141, 0.9017999768257141, 0.9017999768257141, 0.9017999768257141, 0.9017999768257141, 0.9017999768257141, 0.9017999768257141], "RFCL": [0.7516999840736389, 0.9025999903678894, 0.9017999768257141, 0.8967999815940857, 0.9017999768257141, 0.8971999883651733, 0.9017999768257141, 0.9017999768257141, 0.9017999768257141, 0.9017999768257141, 0.9025999903678894, 0.8968999981880188, 0.9010000228881836, 0.9021999835968018, 0.8935999870300293, 0.9017999768257141, 0.9107999801635742, 0.8992999792098999, 0.9020000100135803, 0.9017999768257141, 0.8995000123977661, 0.9017999768257141, 0.9025999903678894, 0.9017999768257141, 0.8971999883651733, 0.8970999717712402, 0.9020000100135803, 0.8931000232696533, 0.8916000127792358, 0.9034000039100647, 0.8971999883651733, 0.8880000114440918, 0.9014000296592712, 0.9018999934196472, 0.9017999768257141, 0.8967999815940857, 0.9017999768257141, 0.8967000246047974, 0.8967999815940857, 0.9017000198364258, 0.9023000001907349, 0.9025999903678894, 0.8967999815940857, 0.8988999724388123, 0.9025999903678894, 0.9017999768257141, 0.9065999984741211, 0.8985999822616577, 0.878000020980835, 0.9016000032424927]}