{"FedAvg": [0.5468999743461609, 0.3873000144958496, 0.29019999504089355, 0.19920000433921814, 0.12099999934434891, 0.10320000350475311, 0.10019999742507935, 0.09369999915361404, 0.09189999848604202, 0.09139999747276306, 0.0949999988079071, 0.093299999833107, 0.08389999717473984, 0.08129999786615372, 0.08829999715089798, 0.08209999650716782, 0.08150000125169754, 0.08179999887943268, 0.07850000262260437, 0.08579999953508377, 0.09570000320672989, 0.07890000194311142, 0.08070000261068344, 0.08460000157356262, 0.07670000195503235, 0.17159999907016754, 0.08209999650716782, 0.08550000190734863, 0.07569999992847443, 0.07769999653100967, 0.07829999923706055, 0.08079999685287476, 0.07959999889135361, 0.07909999787807465, 0.08389999717473984, 0.08320000022649765, 0.09629999846220016, 0.08049999922513962, 0.0812000036239624, 0.07999999821186066, 0.07209999859333038, 0.07699999958276749, 0.08460000157356262, 0.07509999722242355, 0.08250000327825546, 0.07970000058412552, 0.08179999887943268, 0.07819999754428864, 0.07559999823570251, 0.07460000365972519], "Median": [0.7599999904632568, 0.6004999876022339, 0.44359999895095825, 0.359499990940094, 0.26249998807907104, 0.1818999946117401, 0.1404000073671341, 0.10909999907016754, 0.09769999980926514, 0.09179999679327011, 0.08429999649524689, 0.0835999995470047, 0.07919999957084656, 0.07859999686479568, 0.07580000162124634, 0.07280000299215317, 0.07020000368356705, 0.06800000369548798, 0.0681999996304512, 0.06719999760389328, 0.06480000168085098, 0.06589999794960022, 0.061500001698732376, 0.06210000067949295, 0.06360000371932983, 0.05950000137090683, 0.06109999865293503, 0.06129999831318855, 0.059300001710653305, 0.05889999866485596, 0.057999998331069946, 0.05719999969005585, 0.05559999868273735, 0.05730000138282776, 0.05590000003576279, 0.05590000003576279, 0.054099999368190765, 0.05490000173449516, 0.05550000071525574, 0.055399999022483826, 0.05180000141263008, 0.05310000106692314, 0.05119999870657921, 0.05169999971985817, 0.052000001072883606, 0.051600001752376556, 0.05209999904036522, 0.052000001072883606, 0.04830000177025795, 0.050599999725818634], "MKrum": [0.8568999767303467, 0.8234999775886536, 0.785099983215332, 0.7978000044822693, 0.7871000170707703, 0.6650999784469604, 0.7340999841690063, 0.5322999954223633, 0.5407000184059143, 0.47429999709129333, 0.5051000118255615, 0.7402999997138977, 0.5013999938964844, 0.5702000260353088, 0.5824999809265137, 0.6611999869346619, 0.4943999946117401, 0.6123999953269958, 0.527400016784668, 0.6265000104904175, 0.474700003862381, 0.5465999841690063, 0.6025000214576721, 0.6074000000953674, 0.5315999984741211, 0.5701000094413757, 0.5246999859809875, 0.548799991607666, 0.5421000123023987, 0.4984000027179718, 0.5465999841690063, 0.5382999777793884, 0.5329999923706055, 0.5597000122070312, 0.5799000263214111, 0.5730999708175659, 0.5795000195503235, 0.6769999861717224, 0.5479000210762024, 0.4975999891757965, 0.5023999810218811, 0.5770999789237976, 0.5458999872207642, 0.6129000186920166, 0.48010000586509705, 0.4975999891757965, 0.4668000042438507, 0.5001999735832214, 0.546999990940094, 0.5450999736785889], "AFA": [0.5214999914169312, 0.24199999868869781, 0.14480000734329224, 0.16990000009536743, 0.11599999666213989, 0.08699999749660492, 0.0786999985575676, 0.07479999959468842, 0.0714000016450882, 0.0714000016450882, 0.06809999793767929, 0.06379999965429306, 0.0658000037074089, 0.06360000371932983, 0.06080000102519989, 0.0608999989926815, 0.06080000102519989, 0.06069999933242798, 0.05810000002384186, 0.05620000138878822, 0.055799998342990875, 0.05849999934434891, 0.05739999935030937, 0.05860000103712082, 0.05640000104904175, 0.055799998342990875, 0.06859999895095825, 0.05469999834895134, 0.05290000140666962, 0.06889999657869339, 0.05220000073313713, 0.055399999022483826, 0.05730000138282776, 0.08500000089406967, 0.05260000005364418, 0.050200000405311584, 0.08619999885559082, 0.05050000175833702, 0.05050000175833702, 0.05090000107884407, 0.052000001072883606, 0.049400001764297485, 0.0494999997317791, 0.06880000233650208, 0.049400001764297485, 0.04780000075697899, 0.05000000074505806, 0.049300000071525574, 0.049300000071525574, 0.049300000071525574], "FedMGDAplus": [0.6485999822616577, 0.36629998683929443, 0.12880000472068787, 0.11150000244379044, 0.10279999673366547, 0.09470000118017197, 0.08990000188350677, 0.0860000029206276, 0.07850000262260437, 0.07720000296831131, 0.07940000295639038, 0.0737999975681305, 0.07240000367164612, 0.0689999982714653, 0.06859999895095825, 0.06669999659061432, 0.06970000267028809, 0.06719999760389328, 0.06710000336170197, 0.06780000030994415, 0.06310000270605087, 0.060100000351667404, 0.06109999865293503, 0.061000000685453415, 0.05999999865889549, 0.05979999899864197, 0.06040000170469284, 0.058400001376867294, 0.058400001376867294, 0.05689999833703041, 0.05739999935030937, 0.05469999834895134, 0.0568000003695488, 0.056699998676776886, 0.05550000071525574, 0.057999998331069946, 0.05510000139474869, 0.05420000106096268, 0.05620000138878822, 0.05640000104904175, 0.0551999993622303, 0.055799998342990875, 0.053199999034404755, 0.05339999869465828, 0.0502999983727932, 0.054099999368190765, 0.05290000140666962, 0.05350000038743019, 0.04989999905228615, 0.051100000739097595], "CenteredClipping": [0.7009999752044678, 0.4560999870300293, 0.36500000953674316, 0.2517000138759613, 0.18459999561309814, 0.13030000030994415, 0.10570000112056732, 0.09669999778270721, 0.08789999783039093, 0.08500000089406967, 0.07810000330209732, 0.07680000364780426, 0.07519999891519547, 0.07339999824762344, 0.07450000196695328, 0.06989999860525131, 0.06939999759197235, 0.06629999727010727, 0.06719999760389328, 0.06629999727010727, 0.06369999796152115, 0.0640999972820282, 0.06270000338554382, 0.06129999831318855, 0.06199999898672104, 0.06109999865293503, 0.061400000005960464, 0.05990000069141388, 0.05730000138282776, 0.05739999935030937, 0.05779999867081642, 0.05730000138282776, 0.054999999701976776, 0.05429999902844429, 0.05460000038146973, 0.054499998688697815, 0.05530000105500221, 0.05460000038146973, 0.05290000140666962, 0.05550000071525574, 0.05119999870657921, 0.05420000106096268, 0.052299998700618744, 0.05260000005364418, 0.05009999871253967, 0.05209999904036522, 0.050700001418590546, 0.050200000405311584, 0.04989999905228615, 0.04839999973773956], "RFCL": [0.6966999769210815, 0.47909998893737793, 0.22599999606609344, 0.12020000070333481, 0.10450000315904617, 0.09210000187158585, 0.08860000222921371, 0.08020000159740448, 0.07729999721050262, 0.0746999979019165, 0.07119999825954437, 0.07209999859333038, 0.0674000009894371, 0.06549999862909317, 0.06539999693632126, 0.06459999829530716, 0.06279999762773514, 0.06310000270605087, 0.061900001019239426, 0.05950000137090683, 0.061400000005960464, 0.05950000137090683, 0.05640000104904175, 0.05429999902844429, 0.05570000037550926, 0.05339999869465828, 0.05550000071525574, 0.05590000003576279, 0.05119999870657921, 0.05339999869465828, 0.05169999971985817, 0.05299999937415123, 0.05169999971985817, 0.049800001084804535, 0.04740000143647194, 0.05139999836683273, 0.04989999905228615, 0.04830000177025795, 0.048900000751018524, 0.050700001418590546, 0.049300000071525574, 0.04780000075697899, 0.04470000043511391, 0.04800000041723251, 0.046799998730421066, 0.04800000041723251, 0.0471000000834465, 0.045499999076128006, 0.04490000009536743, 0.04569999873638153]}