{"FedAvg": [0.6194000244140625, 0.4729999899864197, 0.4244999885559082, 0.30799999833106995, 0.24950000643730164, 0.22120000422000885, 0.3359000086784363, 0.26080000400543213, 0.16439999639987946, 0.16990000009536743, 0.13500000536441803, 0.13379999995231628, 0.3003000020980835, 0.12309999763965607, 0.12210000306367874, 0.14650000631809235, 0.11810000240802765, 0.125900000333786, 0.12600000202655792, 0.12049999833106995, 0.12099999934434891, 0.11670000106096268, 0.11540000140666962, 0.15479999780654907, 0.12890000641345978, 0.13819999992847443, 0.120899997651577, 0.25920000672340393, 0.11420000344514847, 0.266400009393692, 0.1282999962568283, 0.13500000536441803, 0.1307000070810318, 0.11590000241994858, 0.11590000241994858, 0.12630000710487366, 0.13300000131130219, 0.11599999666213989, 0.12849999964237213, 0.11410000175237656, 0.11089999973773956, 0.11800000071525574, 0.131400004029274, 0.11490000039339066, 0.1298999935388565, 0.12020000070333481, 0.13339999318122864, 0.10289999842643738, 0.10909999907016754, 0.12380000203847885], "Median": [0.7164999842643738, 0.47609999775886536, 0.4011000096797943, 0.27140000462532043, 0.24300000071525574, 0.1915999948978424, 0.14920000731945038, 0.11559999734163284, 0.10189999639987946, 0.09619999676942825, 0.09610000252723694, 0.08869999647140503, 0.08799999952316284, 0.08489999920129776, 0.0812000036239624, 0.07930000126361847, 0.07880000025033951, 0.07779999822378159, 0.07590000331401825, 0.07620000094175339, 0.07580000162124634, 0.07339999824762344, 0.0723000019788742, 0.07249999791383743, 0.07079999893903732, 0.06949999928474426, 0.0706000030040741, 0.07159999758005142, 0.0689999982714653, 0.07209999859333038, 0.07289999723434448, 0.06960000097751617, 0.07150000333786011, 0.06970000267028809, 0.06780000030994415, 0.06849999725818634, 0.06530000269412994, 0.06549999862909317, 0.06849999725818634, 0.06549999862909317, 0.0649000033736229, 0.06669999659061432, 0.06430000066757202, 0.06909999996423721, 0.06419999897480011, 0.06599999964237213, 0.06449999660253525, 0.06480000168085098, 0.0625, 0.061000000685453415], "MKrum": [0.8842999935150146, 0.90420001745224, 0.9017999768257141, 0.9032999873161316, 0.9036999940872192, 0.90420001745224, 0.8964999914169312, 0.9017999768257141, 0.8252999782562256, 0.8676000237464905, 0.838100016117096, 0.7627999782562256, 0.7451000213623047, 0.8881999850273132, 0.8899000287055969, 0.854200005531311, 0.9017999768257141, 0.90420001745224, 0.90420001745224, 0.9006999731063843, 0.832099974155426, 0.8971999883651733, 0.9038000106811523, 0.90420001745224, 0.9041000008583069, 0.8971999883651733, 0.9017999768257141, 0.859000027179718, 0.9017999768257141, 0.8251000046730042, 0.9034000039100647, 0.8801000118255615, 0.90420001745224, 0.90420001745224, 0.8892999887466431, 0.8704000115394592, 0.9021999835968018, 0.90420001745224, 0.7998999953269958, 0.90420001745224, 0.90420001745224, 0.8414000272750854, 0.8956000208854675, 0.8190000057220459, 0.90420001745224, 0.8938999772071838, 0.8963000178337097, 0.90420001745224, 0.90420001745224, 0.8694000244140625], "AFA": [0.5400000214576721, 0.24729999899864197, 0.4481000006198883, 0.11389999836683273, 0.09149999916553497, 0.08739999681711197, 0.07810000330209732, 0.07519999891519547, 0.07329999655485153, 0.4058000147342682, 0.18569999933242798, 0.07199999690055847, 0.07029999792575836, 0.06729999929666519, 0.06440000236034393, 0.06539999693632126, 0.06279999762773514, 0.061500001698732376, 0.0617000013589859, 0.0617000013589859, 0.05730000138282776, 0.05730000138282776, 0.057500001043081284, 0.058800000697374344, 0.05620000138878822, 0.05889999866485596, 0.0560000017285347, 0.05510000139474869, 0.05510000139474869, 0.056299999356269836, 0.055799998342990875, 0.05180000141263008, 0.05689999833703041, 0.05050000175833702, 0.061500001698732376, 0.053599998354911804, 0.050999999046325684, 0.054099999368190765, 0.0502999983727932, 0.051600001752376556, 0.05130000039935112, 0.04879999905824661, 0.0502999983727932, 0.04919999837875366, 0.053199999034404755, 0.05180000141263008, 0.11180000007152557, 0.06880000233650208, 0.061500001698732376, 0.05220000073313713], "FedMGDAplus": [0.6801999807357788, 0.5411999821662903, 0.41620001196861267, 0.3068999946117401, 0.30390000343322754, 0.2879999876022339, 0.24740000069141388, 0.25130000710487366, 0.22589999437332153, 0.2371000051498413, 0.3176000118255615, 0.26750001311302185, 0.41130000352859497, 0.4447000026702881, 0.5521000027656555, 0.4909999966621399, 0.5486000180244446, 0.6620000004768372, 0.741100013256073, 0.7853000164031982, 0.765500009059906, 0.7960000038146973, 0.8784999847412109, 0.858299970626831, 0.8495000004768372, 0.9160000085830688, 0.8942999839782715, 0.8817999958992004, 0.9301000237464905, 0.8944000005722046, 0.9692000150680542, 0.9836999773979187, 0.958899974822998, 0.9822999835014343, 0.9575999975204468, 0.9520000219345093, 0.984000027179718, 0.9962999820709229, 0.9858999848365784, 0.9986000061035156, 0.9959999918937683, 0.9994999766349792, 0.9916999936103821, 0.9937000274658203, 0.996999979019165, 0.9700000286102295, 0.9746000170707703, 0.9836000204086304, 0.9423999786376953, 0.8949000239372253], "CenteredClipping": [0.6861000061035156, 0.6256999969482422, 0.5842000246047974, 0.4796999990940094, 0.388700008392334, 0.3319999873638153, 0.2815999984741211, 0.29490000009536743, 0.2395000010728836, 0.23980000615119934, 0.19259999692440033, 0.17820000648498535, 0.14749999344348907, 0.1324000060558319, 0.12110000103712082, 0.1281999945640564, 0.11729999631643295, 0.11649999767541885, 0.11479999870061874, 0.1151999980211258, 0.1103999987244606, 0.11460000276565552, 0.11649999767541885, 0.11010000109672546, 0.11540000140666962, 0.10599999874830246, 0.10869999974966049, 0.11079999804496765, 0.10639999806880951, 0.11710000038146973, 0.10819999873638153, 0.1152999997138977, 0.10980000346899033, 0.11079999804496765, 0.10970000177621841, 0.11159999668598175, 0.1080000028014183, 0.10450000315904617, 0.10819999873638153, 0.10360000282526016, 0.10949999839067459, 0.10909999907016754, 0.10700000077486038, 0.1046999990940094, 0.10779999941587448, 0.10840000212192535, 0.10499999672174454, 0.10339999943971634, 0.10289999842643738, 0.10679999738931656], "RFCL": [0.7487000226974487, 0.4587000012397766, 0.21789999306201935, 0.13259999454021454, 0.10369999706745148, 0.09459999948740005, 0.08940000087022781, 0.08709999918937683, 0.08110000193119049, 0.07689999788999557, 0.07360000163316727, 0.07270000129938126, 0.06920000165700912, 0.0689999982714653, 0.06759999692440033, 0.06629999727010727, 0.06459999829530716, 0.06769999861717224, 0.06270000338554382, 0.062199998646974564, 0.06499999761581421, 0.05979999899864197, 0.057500001043081284, 0.05700000002980232, 0.057500001043081284, 0.057999998331069946, 0.056299999356269836, 0.05689999833703041, 0.05510000139474869, 0.05510000139474869, 0.0560000017285347, 0.05400000140070915, 0.05290000140666962, 0.05169999971985817, 0.05209999904036522, 0.05180000141263008, 0.05009999871253967, 0.05009999871253967, 0.049300000071525574, 0.05209999904036522, 0.0494999997317791, 0.052400000393390656, 0.048700001090765, 0.05139999836683273, 0.051899999380111694, 0.051500000059604645, 0.05050000175833702, 0.048500001430511475, 0.04769999906420708, 0.04639999940991402]}