{"FedAvg": [0.8988000154495239, 0.9079999923706055, 0.9150000214576721, 0.875, 0.848800003528595, 0.9359999895095825, 0.9002000093460083, 0.8999999761581421, 0.8999999761581421, 0.8999999761581421, 0.9154000282287598, 0.8999999761581421, 0.8999999761581421, 0.8999999761581421, 0.8611999750137329, 0.8999999761581421, 0.8999999761581421, 0.8999999761581421, 0.906000018119812, 0.8773000240325928, 0.8999999761581421, 0.8999999761581421, 0.8999999761581421, 0.8999999761581421, 0.8996999859809875, 0.8992000222206116, 0.8999999761581421, 0.8999999761581421, 0.8999999761581421, 0.8795999884605408, 0.8999999761581421, 0.8618000149726868, 0.8999999761581421, 0.9388999938964844, 0.8999999761581421, 0.9006999731063843, 0.8999999761581421, 0.8999999761581421, 0.9000999927520752, 0.9000999927520752, 0.8999999761581421, 0.8999999761581421, 0.8999999761581421, 0.930899977684021, 0.9300000071525574, 0.8999999761581421, 0.8999999761581421, 0.8999999761581421, 0.8999999761581421, 0.8999999761581421], "Median": [0.8648999929428101, 0.8528000116348267, 0.8783000111579895, 0.8837000131607056, 0.8726000189781189, 0.8476999998092651, 0.8690999746322632, 0.8633000254631042, 0.8637999892234802, 0.8772000074386597, 0.8694000244140625, 0.8745999932289124, 0.8633999824523926, 0.8610000014305115, 0.859499990940094, 0.8921999931335449, 0.8557000160217285, 0.8853999972343445, 0.8644999861717224, 0.8899000287055969, 0.8676999807357788, 0.8938999772071838, 0.8723999857902527, 0.878000020980835, 0.876800000667572, 0.8830999732017517, 0.8237000107765198, 0.8898000121116638, 0.875, 0.8971999883651733, 0.891700029373169, 0.894599974155426, 0.8989999890327454, 0.8725000023841858, 0.895799994468689, 0.8644999861717224, 0.8787000179290771, 0.8871999979019165, 0.8550000190734863, 0.8592000007629395, 0.8578000068664551, 0.8907999992370605, 0.8736000061035156, 0.8544999957084656, 0.8561000227928162, 0.8916000127792358, 0.8379999995231628, 0.8992000222206116, 0.8569999933242798, 0.8497999906539917], "MKrum": [0.8999999761581421, 0.8999999761581421, 0.9082000255584717, 0.8999999761581421, 0.9133999943733215, 0.8999999761581421, 0.8999999761581421, 0.8999999761581421, 0.9004999995231628, 0.8999999761581421, 0.8999999761581421, 0.8999999761581421, 0.8999999761581421, 0.8999999761581421, 0.914900004863739, 0.8705000281333923, 0.8999999761581421, 0.8999999761581421, 0.8999999761581421, 0.8999999761581421, 0.8999999761581421, 0.8989999890327454, 0.8999999761581421, 0.8999000191688538, 0.8999999761581421, 0.901199996471405, 0.8999999761581421, 0.8999999761581421, 0.8999999761581421, 0.8999999761581421, 0.9085999727249146, 0.8999999761581421, 0.8924000263214111, 0.9320999979972839, 0.8999999761581421, 0.8999999761581421, 0.8999999761581421, 0.9003000259399414, 0.8560000061988831, 0.8970000147819519, 0.8999999761581421, 0.8999999761581421, 0.8999999761581421, 0.8928999900817871, 0.8999999761581421, 0.8999999761581421, 0.8999999761581421, 0.8999999761581421, 0.8956999778747559, 0.8996999859809875], "AFA": [0.8517000079154968, 0.8339999914169312, 0.7689999938011169, 0.741599977016449, 0.7641000151634216, 0.7050999999046326, 0.7217000126838684, 0.689300000667572, 0.7225000262260437, 0.6467999815940857, 0.7023000121116638, 0.6776999831199646, 0.6909999847412109, 0.623199999332428, 0.6191999912261963, 0.6226999759674072, 0.6488999724388123, 0.614799976348877, 0.6263999938964844, 0.6279000043869019, 0.6608999967575073, 0.6326000094413757, 0.6144999861717224, 0.6152999997138977, 0.6061999797821045, 0.6060000061988831, 0.6061000227928162, 0.6266999840736389, 0.6068000197410583, 0.5968999862670898, 0.7321000099182129, 0.6105999946594238, 0.5967000126838684, 0.5931000113487244, 0.593999981880188, 0.6085000038146973, 0.5924000144004822, 0.5978000164031982, 0.5848000049591064, 0.6255000233650208, 0.589900016784668, 0.5867999792098999, 0.5842000246047974, 0.597599983215332, 0.5878999829292297, 0.5877000093460083, 0.5889999866485596, 0.5924000144004822, 0.5806999802589417, 0.5925999879837036], "FedMGDAplus": [0.8960000276565552, 0.8852999806404114, 0.8794000148773193, 0.8813999891281128, 0.8540999889373779, 0.8468000292778015, 0.8792999982833862, 0.8357999920845032, 0.8486999869346619, 0.840399980545044, 0.8467000126838684, 0.8389999866485596, 0.8619999885559082, 0.8421000242233276, 0.8536999821662903, 0.8385000228881836, 0.8766000270843506, 0.8429999947547913, 0.8398000001907349, 0.8780999779701233, 0.8561000227928162, 0.8668000102043152, 0.8914999961853027, 0.8899999856948853, 0.8950999975204468, 0.8482000231742859, 0.8995000123977661, 0.8999999761581421, 0.899399995803833, 0.8989999890327454, 0.8999999761581421, 0.8999999761581421, 0.8999999761581421, 0.8999999761581421, 0.8999999761581421, 0.9000999927520752, 0.8999999761581421, 0.8999999761581421, 0.9272000193595886, 0.8999999761581421, 0.9175999760627747, 0.8999999761581421, 0.8999999761581421, 0.8999999761581421, 0.8999999761581421, 0.8999999761581421, 0.8999999761581421, 0.8999999761581421, 0.8999999761581421, 0.8999999761581421], "CenteredClipping": [0.8729000091552734, 0.8999000191688538, 0.8999999761581421, 0.8999999761581421, 0.8995000123977661, 0.8999999761581421, 0.8999999761581421, 0.8999999761581421, 0.8999999761581421, 0.8999999761581421, 0.8999999761581421, 0.8999999761581421, 0.8999999761581421, 0.8999999761581421, 0.8999999761581421, 0.8999999761581421, 0.8999999761581421, 0.8906999826431274, 0.8876000046730042, 0.8999999761581421, 0.8999000191688538, 0.8999999761581421, 0.8999999761581421, 0.8726000189781189, 0.8938000202178955, 0.8973000049591064, 0.8999999761581421, 0.9000999927520752, 0.9002000093460083, 0.8999999761581421, 0.8999999761581421, 0.8999999761581421, 0.8896999955177307, 0.8999999761581421, 0.8999999761581421, 0.8971999883651733, 0.8999000191688538, 0.8999999761581421, 0.9000999927520752, 0.8942000269889832, 0.8999999761581421, 0.8921999931335449, 0.8676999807357788, 0.8996000289916992, 0.9000999927520752, 0.8999999761581421, 0.8999999761581421, 0.8999999761581421, 0.8999999761581421, 0.8999999761581421], "RFCL": [0.8586999773979187, 0.8999999761581421, 0.8815000057220459, 0.808899998664856, 0.8414999842643738, 0.8174999952316284, 0.7781000137329102, 0.6887000203132629, 0.7268999814987183, 0.6862999796867371, 0.7197999954223633, 0.6680999994277954, 0.6783999800682068, 0.6542999744415283, 0.6482999920845032, 0.6553999781608582, 0.6327999830245972, 0.6202999949455261, 0.6254000067710876, 0.6137999892234802, 0.6169000267982483, 0.6118999719619751, 0.6212999820709229, 0.6233999729156494, 0.614799976348877, 0.6107000112533569, 0.6029000282287598, 0.6111000180244446, 0.6051999926567078, 0.607699990272522, 0.6033999919891357, 0.5989999771118164, 0.6000999808311462, 0.5931000113487244, 0.6043999791145325, 0.5945000052452087, 0.6189000010490417, 0.5940999984741211, 0.5929999947547913, 0.5958999991416931, 0.5978999733924866, 0.5979999899864197, 0.5841000080108643, 0.5956000089645386, 0.5982999801635742, 0.5999000072479248, 0.5874000191688538, 0.5839999914169312, 0.5825999975204468, 0.5848000049591064]}