{"FedAvg": [0.8999999761581421, 0.8999999761581421, 0.8999999761581421, 0.8999999761581421, 0.8999999761581421, 0.8999999761581421, 0.8999999761581421, 0.8999999761581421, 0.8999999761581421, 0.8999999761581421, 0.8999999761581421, 0.8999999761581421, 0.8999999761581421, 0.8999999761581421, 0.8999999761581421, 0.8999999761581421, 0.8999999761581421, 0.8999999761581421, 0.8999999761581421, 0.8999999761581421, 0.8999999761581421, 0.8999999761581421, 0.8999999761581421, 0.8999999761581421, 0.8999999761581421, 0.8999999761581421, 0.8999999761581421, 0.8999999761581421, 0.8999999761581421, 0.8999999761581421, 0.8999999761581421, 0.8999999761581421, 0.8999999761581421, 0.8999999761581421, 0.8999999761581421, 0.8999999761581421, 0.8999999761581421, 0.8999999761581421, 0.8999999761581421, 0.8999999761581421, 0.8999999761581421, 0.8999999761581421, 0.8999999761581421, 0.8999999761581421, 0.8999999761581421, 0.8999999761581421, 0.8999999761581421, 0.8999999761581421, 0.8999999761581421, 0.8999999761581421], "Median": [0.8496999740600586, 0.8871999979019165, 0.8896999955177307, 0.86080002784729, 0.894599974155426, 0.8899000287055969, 0.8557999730110168, 0.859499990940094, 0.8931999802589417, 0.8353000283241272, 0.8999999761581421, 0.8960999846458435, 0.8567000031471252, 0.8877000212669373, 0.8995000123977661, 0.8396000266075134, 0.8924999833106995, 0.8482999801635742, 0.8988000154495239, 0.8784999847412109, 0.8984000086784363, 0.8783000111579895, 0.8968999981880188, 0.892799973487854, 0.8906999826431274, 0.8995000123977661, 0.890999972820282, 0.8999999761581421, 0.8640000224113464, 0.8698999881744385, 0.8978999853134155, 0.8999999761581421, 0.8486999869346619, 0.899399995803833, 0.8855000138282776, 0.8744000196456909, 0.8736000061035156, 0.8966000080108643, 0.8999999761581421, 0.8999999761581421, 0.8999999761581421, 0.8999999761581421, 0.8810999989509583, 0.8999999761581421, 0.8881000280380249, 0.8744000196456909, 0.879800021648407, 0.8589000105857849, 0.8999999761581421, 0.8999999761581421], "MKrum": [0.9139999747276306, 0.8999999761581421, 0.8999999761581421, 0.9003999829292297, 0.8973000049591064, 0.8999999761581421, 0.8999999761581421, 0.8999999761581421, 0.9212999939918518, 0.8999999761581421, 0.9023000001907349, 0.8999999761581421, 0.8999999761581421, 0.8999999761581421, 0.8999999761581421, 0.8428000211715698, 0.8999999761581421, 0.8999999761581421, 0.8920000195503235, 0.8981000185012817, 0.901199996471405, 0.8999999761581421, 0.8995000123977661, 0.8999999761581421, 0.8995000123977661, 0.8999999761581421, 0.8999999761581421, 0.8999999761581421, 0.900600016117096, 0.8999999761581421, 0.8999999761581421, 0.8999999761581421, 0.8999999761581421, 0.8999999761581421, 0.8999999761581421, 0.8999999761581421, 0.9164999723434448, 0.8999999761581421, 0.8989999890327454, 0.9002000093460083, 0.8999999761581421, 0.9437999725341797, 0.8999999761581421, 0.8999000191688538, 0.8998000025749207, 0.8973000049591064, 0.9124000072479248, 0.8999999761581421, 0.8999999761581421, 0.8999999761581421], "AFA": [0.8999999761581421, 0.8999999761581421, 0.8999999761581421, 0.8999999761581421, 0.8999999761581421, 0.8999999761581421, 0.8999999761581421, 0.8999999761581421, 0.8999999761581421, 0.8999999761581421, 0.8999999761581421, 0.8999999761581421, 0.8999999761581421, 0.8999999761581421, 0.8999999761581421, 0.8999999761581421, 0.8999999761581421, 0.8999999761581421, 0.8999999761581421, 0.8999999761581421, 0.8999999761581421, 0.8999999761581421, 0.8999999761581421, 0.8999999761581421, 0.8999999761581421, 0.8999999761581421, 0.8999999761581421, 0.8999999761581421, 0.8999999761581421, 0.8999999761581421, 0.8999999761581421, 0.8999999761581421, 0.8999999761581421, 0.8999999761581421, 0.8999999761581421, 0.8999999761581421, 0.8999999761581421, 0.8999999761581421, 0.8999999761581421, 0.8999999761581421, 0.8999999761581421, 0.8999999761581421, 0.8999999761581421, 0.8999999761581421, 0.8999999761581421, 0.8999999761581421, 0.8999999761581421, 0.8999999761581421, 0.8999999761581421, 0.8999999761581421], "FedMGDAplus": [0.8985000252723694, 0.8622000217437744, 0.8838000297546387, 0.8601999878883362, 0.8805000185966492, 0.8454999923706055, 0.8443999886512756, 0.8319000005722046, 0.8658000230789185, 0.8499000072479248, 0.8443999886512756, 0.8503000140190125, 0.8410999774932861, 0.8324999809265137, 0.8388000130653381, 0.8650000095367432, 0.842199981212616, 0.8791000247001648, 0.8510000109672546, 0.8479999899864197, 0.8632000088691711, 0.8392000198364258, 0.8989999890327454, 0.847599983215332, 0.838699996471405, 0.8999999761581421, 0.8773999810218811, 0.902999997138977, 0.8999999761581421, 0.8984000086784363, 0.8999999761581421, 0.8963000178337097, 0.9009000062942505, 0.8999999761581421, 0.8999000191688538, 0.8999999761581421, 0.9021999835968018, 0.897599995136261, 0.8991000056266785, 0.9000999927520752, 0.8932999968528748, 0.9000999927520752, 0.9028000235557556, 0.8999999761581421, 0.9247000217437744, 0.9024999737739563, 0.8999999761581421, 0.8999999761581421, 0.8999999761581421, 0.8999999761581421], "CenteredClipping": [0.8772000074386597, 0.8944000005722046, 0.8999999761581421, 0.8999999761581421, 0.8999999761581421, 0.8999999761581421, 0.8917999863624573, 0.8999999761581421, 0.8999999761581421, 0.8999999761581421, 0.8999999761581421, 0.8999999761581421, 0.8999999761581421, 0.8999999761581421, 0.8999999761581421, 0.8999999761581421, 0.8999999761581421, 0.8999999761581421, 0.8999999761581421, 0.8999999761581421, 0.8999999761581421, 0.8999999761581421, 0.8999999761581421, 0.8999999761581421, 0.8999999761581421, 0.8999999761581421, 0.8999999761581421, 0.8999999761581421, 0.8999999761581421, 0.8999999761581421, 0.8999999761581421, 0.8999999761581421, 0.8999999761581421, 0.8999999761581421, 0.8999999761581421, 0.8999999761581421, 0.8999999761581421, 0.8999999761581421, 0.8999999761581421, 0.8999999761581421, 0.8999999761581421, 0.8999999761581421, 0.8999999761581421, 0.8999999761581421, 0.8999999761581421, 0.8999999761581421, 0.8999999761581421, 0.8999999761581421, 0.8999999761581421, 0.8999999761581421], "RFCL": [0.8467000126838684, 0.8876000046730042, 0.879800021648407, 0.8285999894142151, 0.8434000015258789, 0.8346999883651733, 0.8562999963760376, 0.791100025177002, 0.8338000178337097, 0.7778000235557556, 0.7990999817848206, 0.7477999925613403, 0.7430999875068665, 0.7224000096321106, 0.7080000042915344, 0.73089998960495, 0.7056999802589417, 0.6699000000953674, 0.7031999826431274, 0.6902999877929688, 0.6679999828338623, 0.666700005531311, 0.6715999841690063, 0.6700000166893005, 0.6603999733924866, 0.6579999923706055, 0.6610000133514404, 0.6603000164031982, 0.6643999814987183, 0.657800018787384, 0.6381000280380249, 0.6455000042915344, 0.6427000164985657, 0.6380000114440918, 0.6504999995231628, 0.6330000162124634, 0.6294999718666077, 0.642300009727478, 0.6251000165939331, 0.6388999819755554, 0.6189000010490417, 0.6399000287055969, 0.6270999908447266, 0.620199978351593, 0.6254000067710876, 0.6205000281333923, 0.6200000047683716, 0.6169000267982483, 0.621999979019165, 0.6252999901771545]}