{"FedAvg": [0.8999999761581421, 0.8999999761581421, 0.8999999761581421, 0.8999999761581421, 0.8999999761581421, 0.8999999761581421, 0.8999999761581421, 0.8999999761581421, 0.8999999761581421, 0.8999999761581421, 0.8999999761581421, 0.8999999761581421, 0.8999999761581421, 0.8999999761581421, 0.8999999761581421, 0.8999999761581421, 0.8999999761581421, 0.8999999761581421, 0.8999999761581421, 0.8999999761581421, 0.8999999761581421, 0.8999999761581421, 0.8999999761581421, 0.8999999761581421, 0.8999999761581421, 0.8999999761581421, 0.8999999761581421, 0.8999999761581421, 0.8999999761581421, 0.8999999761581421, 0.8999999761581421, 0.8999999761581421, 0.8999999761581421, 0.8999999761581421, 0.8999999761581421, 0.8999999761581421, 0.8999999761581421, 0.8999999761581421, 0.8999999761581421, 0.8999999761581421, 0.8999999761581421, 0.8999999761581421, 0.8999999761581421, 0.8999999761581421, 0.8999999761581421, 0.8999999761581421, 0.8999999761581421, 0.8999999761581421, 0.8999999761581421, 0.8999999761581421], "Median": [0.8999999761581421, 0.8999999761581421, 0.8999999761581421, 0.8999999761581421, 0.8999999761581421, 0.8999999761581421, 0.8999999761581421, 0.8999999761581421, 0.8999999761581421, 0.8999999761581421, 0.8999999761581421, 0.8999999761581421, 0.8999999761581421, 0.8999999761581421, 0.8999999761581421, 0.8999999761581421, 0.8999999761581421, 0.8999999761581421, 0.8999999761581421, 0.8999999761581421, 0.8999999761581421, 0.8999999761581421, 0.8999999761581421, 0.8999999761581421, 0.8999999761581421, 0.8999999761581421, 0.8999999761581421, 0.8999999761581421, 0.8999999761581421, 0.8999999761581421, 0.8999999761581421, 0.8999999761581421, 0.8999999761581421, 0.8999999761581421, 0.8999999761581421, 0.8999999761581421, 0.8999999761581421, 0.8999999761581421, 0.8999999761581421, 0.8999999761581421, 0.8999999761581421, 0.8999999761581421, 0.8999999761581421, 0.8999999761581421, 0.8999999761581421, 0.8999999761581421, 0.8999999761581421, 0.8999999761581421, 0.8999999761581421, 0.8999999761581421], "MKrum": [0.8999999761581421, 0.8999999761581421, 0.8999999761581421, 0.8907999992370605, 0.8999999761581421, 0.9000999927520752, 0.8744999766349792, 0.9034000039100647, 0.8999000191688538, 0.8999999761581421, 0.8999999761581421, 0.8989999890327454, 0.8999999761581421, 0.8999999761581421, 0.8999999761581421, 0.8741000294685364, 0.8999999761581421, 0.8999999761581421, 0.8919000029563904, 0.8999999761581421, 0.8991000056266785, 0.8999999761581421, 0.8999999761581421, 0.8999999761581421, 0.8999999761581421, 0.8999999761581421, 0.8999999761581421, 0.8999999761581421, 0.8999999761581421, 0.8999999761581421, 0.8999999761581421, 0.8999999761581421, 0.8999999761581421, 0.8999999761581421, 0.8999999761581421, 0.8999999761581421, 0.8999999761581421, 0.8999999761581421, 0.8999999761581421, 0.8999999761581421, 0.8999999761581421, 0.8999999761581421, 0.8999999761581421, 0.8999999761581421, 0.8999999761581421, 0.8999999761581421, 0.8999999761581421, 0.8999999761581421, 0.8999999761581421, 0.8999999761581421], "AFA": [0.8999999761581421, 0.8999999761581421, 0.8999999761581421, 0.8999999761581421, 0.8999999761581421, 0.8999999761581421, 0.8999999761581421, 0.8999999761581421, 0.8999999761581421, 0.8999999761581421, 0.8999999761581421, 0.8999999761581421, 0.8999999761581421, 0.8999999761581421, 0.8999999761581421, 0.8999999761581421, 0.8999999761581421, 0.8999999761581421, 0.8999999761581421, 0.8999999761581421, 0.8999999761581421, 0.8999999761581421, 0.8999999761581421, 0.8999999761581421, 0.8999999761581421, 0.8999999761581421, 0.8999999761581421, 0.8999999761581421, 0.8999999761581421, 0.8999999761581421, 0.8999999761581421, 0.8999999761581421, 0.8999999761581421, 0.8999999761581421, 0.8999999761581421, 0.8999999761581421, 0.8781999945640564, 0.8999999761581421, 0.8999999761581421, 0.8999999761581421, 0.8858000040054321, 0.8999999761581421, 0.8999999761581421, 0.8999999761581421, 0.8999999761581421, 0.8999999761581421, 0.8999999761581421, 0.8999999761581421, 0.8999999761581421, 0.8999999761581421], "FedMGDAplus": [0.8535000085830688, 0.8859000205993652, 0.8170999884605408, 0.7950000166893005, 0.7875000238418579, 0.7810999751091003, 0.7594000101089478, 0.7336000204086304, 0.729200005531311, 0.7138000130653381, 0.7055000066757202, 0.7055000066757202, 0.6791999936103821, 0.6953999996185303, 0.6923999786376953, 0.6754999756813049, 0.6693999767303467, 0.6628999710083008, 0.6608999967575073, 0.6516000032424927, 0.6615999937057495, 0.64410001039505, 0.6327000260353088, 0.6212999820709229, 0.6168000102043152, 0.6197999715805054, 0.614799976348877, 0.6277999877929688, 0.6169000267982483, 0.6122000217437744, 0.6037999987602234, 0.6126000285148621, 0.6104999780654907, 0.6101999878883362, 0.608299970626831, 0.6082000136375427, 0.5960999727249146, 0.6090999841690063, 0.5964999794960022, 0.607699990272522, 0.6029000282287598, 0.613099992275238, 0.6050000190734863, 0.6097999811172485, 0.6029000282287598, 0.590399980545044, 0.5985000133514404, 0.5918999910354614, 0.6047999858856201, 0.6018999814987183], "CenteredClipping": [0.8999999761581421, 0.8999999761581421, 0.8999999761581421, 0.8999999761581421, 0.8999999761581421, 0.8999999761581421, 0.8999999761581421, 0.8999999761581421, 0.8952999711036682, 0.8999999761581421, 0.8999999761581421, 0.8999999761581421, 0.8999999761581421, 0.8999999761581421, 0.8999999761581421, 0.8999999761581421, 0.8999999761581421, 0.8999999761581421, 0.8999999761581421, 0.8999999761581421, 0.8999999761581421, 0.8999999761581421, 0.8999999761581421, 0.8999999761581421, 0.8999999761581421, 0.8999999761581421, 0.8999999761581421, 0.8999999761581421, 0.8999999761581421, 0.8999999761581421, 0.8999999761581421, 0.8999999761581421, 0.8999999761581421, 0.8999999761581421, 0.8999999761581421, 0.8999999761581421, 0.8999999761581421, 0.8999999761581421, 0.8999999761581421, 0.8999999761581421, 0.8999999761581421, 0.8999999761581421, 0.8999999761581421, 0.8999999761581421, 0.8999999761581421, 0.8999999761581421, 0.8999999761581421, 0.8999999761581421, 0.8999999761581421, 0.8999999761581421], "RFCL": [0.8824999928474426, 0.8190000057220459, 0.8632000088691711, 0.7878000140190125, 0.7836999893188477, 0.7315999865531921, 0.7587000131607056, 0.7102000117301941, 0.6834999918937683, 0.6639000177383423, 0.6710000038146973, 0.6384999752044678, 0.6413000226020813, 0.6233000159263611, 0.6306999921798706, 0.6338000297546387, 0.6226999759674072, 0.6281999945640564, 0.6141999959945679, 0.6172000169754028, 0.6148999929428101, 0.6151999831199646, 0.6086999773979187, 0.6133000254631042, 0.6078000068664551, 0.6176999807357788, 0.6039999723434448, 0.6037999987602234, 0.6067000031471252, 0.6104999780654907, 0.5947999954223633, 0.6096000075340271, 0.600600004196167, 0.6018000245094299, 0.5968000292778015, 0.6049000024795532, 0.5918999910354614, 0.5974000096321106, 0.6000999808311462, 0.59579998254776, 0.5888000130653381, 0.5892000198364258, 0.5871999859809875, 0.5906000137329102, 0.593999981880188, 0.5906999707221985, 0.5866000056266785, 0.5799999833106995, 0.5835000276565552, 0.5845999717712402]}