{"FedAvg": [0.9010000228881836, 0.9020000100135803, 0.8999999761581421, 0.8999999761581421, 0.8999999761581421, 0.8999999761581421, 0.8999999761581421, 0.8999999761581421, 0.8999999761581421, 0.8999999761581421, 0.8999999761581421, 0.8999999761581421, 0.8999999761581421, 0.8669000267982483, 0.8999999761581421, 0.8999999761581421, 0.8999999761581421, 0.8999999761581421, 0.8999999761581421, 0.8999999761581421, 0.8999999761581421, 0.8999999761581421, 0.8999999761581421, 0.8999999761581421, 0.8999999761581421, 0.8999999761581421, 0.8999999761581421, 0.8999999761581421, 0.8999999761581421, 0.8989999890327454, 0.8999999761581421, 0.8999999761581421, 0.8999999761581421, 0.8999999761581421, 0.8999999761581421, 0.8999999761581421, 0.8999999761581421, 0.8998000025749207, 0.9162999987602234, 0.8999999761581421, 0.8999999761581421, 0.8999999761581421, 0.8999999761581421, 0.8726000189781189, 0.8999999761581421, 0.8999999761581421, 0.8999999761581421, 0.8999999761581421, 0.8999999761581421, 0.8999999761581421], "Median": [0.8831999897956848, 0.8939999938011169, 0.8999999761581421, 0.8999999761581421, 0.8999999761581421, 0.8996000289916992, 0.8999000191688538, 0.8999999761581421, 0.8999999761581421, 0.8956000208854675, 0.8389999866485596, 0.8988999724388123, 0.8999999761581421, 0.9007999897003174, 0.8999999761581421, 0.8931999802589417, 0.8999999761581421, 0.8952000141143799, 0.8999999761581421, 0.8999999761581421, 0.8999999761581421, 0.8999999761581421, 0.8999999761581421, 0.8999999761581421, 0.8999999761581421, 0.8999999761581421, 0.8999000191688538, 0.8999999761581421, 0.8999999761581421, 0.8999999761581421, 0.8999999761581421, 0.8999999761581421, 0.8999999761581421, 0.8996999859809875, 0.8999000191688538, 0.8999999761581421, 0.8999999761581421, 0.8999999761581421, 0.8902999758720398, 0.8999999761581421, 0.8999999761581421, 0.8999999761581421, 0.8999999761581421, 0.8999999761581421, 0.8991000056266785, 0.8999999761581421, 0.8999000191688538, 0.8999999761581421, 0.8999999761581421, 0.8999999761581421], "MKrum": [0.8845999836921692, 0.8995000123977661, 0.8999999761581421, 0.8999999761581421, 0.8996999859809875, 0.9053999781608582, 0.8999000191688538, 0.9063000082969666, 0.8999999761581421, 0.8999999761581421, 0.879800021648407, 0.8999999761581421, 0.9004999995231628, 0.8999999761581421, 0.8999999761581421, 0.8999999761581421, 0.866599977016449, 0.8903999924659729, 0.8999999761581421, 0.8999999761581421, 0.891700029373169, 0.8999999761581421, 0.9053999781608582, 0.8999999761581421, 0.8805999755859375, 0.8999999761581421, 0.8999999761581421, 0.8999999761581421, 0.8999999761581421, 0.8999999761581421, 0.8999999761581421, 0.8999999761581421, 0.8999999761581421, 0.8999999761581421, 0.8999999761581421, 0.8999999761581421, 0.8999999761581421, 0.8999999761581421, 0.8999999761581421, 0.8999999761581421, 0.8999999761581421, 0.8999999761581421, 0.8999999761581421, 0.8999999761581421, 0.8999999761581421, 0.8999999761581421, 0.8999999761581421, 0.8999999761581421, 0.8999999761581421, 0.8999999761581421], "AFA": [0.9010000228881836, 0.8999999761581421, 0.8999999761581421, 0.8999999761581421, 0.8999999761581421, 0.8999999761581421, 0.8999999761581421, 0.8999999761581421, 0.8999999761581421, 0.8999999761581421, 0.8999999761581421, 0.8999999761581421, 0.8999999761581421, 0.8999999761581421, 0.8999999761581421, 0.8999999761581421, 0.8999999761581421, 0.8999999761581421, 0.8999999761581421, 0.8999999761581421, 0.8999999761581421, 0.9258999824523926, 0.8999999761581421, 0.8999999761581421, 0.8999999761581421, 0.8999999761581421, 0.8999999761581421, 0.8999999761581421, 0.8999999761581421, 0.8999999761581421, 0.8999999761581421, 0.8999999761581421, 0.8999999761581421, 0.8999999761581421, 0.8998000025749207, 0.8999999761581421, 0.8999999761581421, 0.8999999761581421, 0.9003999829292297, 0.8999999761581421, 0.8999999761581421, 0.8999999761581421, 0.8999999761581421, 0.8999999761581421, 0.8999999761581421, 0.8999999761581421, 0.8999999761581421, 0.8999999761581421, 0.8999999761581421, 0.8999999761581421], "FedMGDAplus": [0.8999999761581421, 0.8999999761581421, 0.8999999761581421, 0.8999999761581421, 0.8453999757766724, 0.8999999761581421, 0.8984000086784363, 0.8999999761581421, 0.8999999761581421, 0.8985000252723694, 0.8960000276565552, 0.8992999792098999, 0.8956999778747559, 0.9002000093460083, 0.8995000123977661, 0.9003000259399414, 0.878000020980835, 0.8999999761581421, 0.8999999761581421, 0.8712999820709229, 0.8999999761581421, 0.9000999927520752, 0.8999999761581421, 0.8999000191688538, 0.8999999761581421, 0.8999999761581421, 0.9009000062942505, 0.8999999761581421, 0.8999999761581421, 0.8899999856948853, 0.8999999761581421, 0.9003999829292297, 0.9020000100135803, 0.8999999761581421, 0.9114000201225281, 0.8982999920845032, 0.9440000057220459, 0.8999999761581421, 0.8999999761581421, 0.8999999761581421, 0.8999999761581421, 0.8999999761581421, 0.8999999761581421, 0.8999999761581421, 0.9379000067710876, 0.8999999761581421, 0.9641000032424927, 0.8999999761581421, 0.8270000219345093, 0.8999999761581421], "CenteredClipping": [0.8999999761581421, 0.8999999761581421, 0.900600016117096, 0.920199990272522, 0.9430000185966492, 0.9017000198364258, 0.9146000146865845, 0.9491999745368958, 0.9175999760627747, 0.8995000123977661, 0.8999000191688538, 0.8996000289916992, 0.9490000009536743, 0.902999997138977, 0.9162999987602234, 0.9154000282287598, 0.9000999927520752, 0.9124000072479248, 0.9309999942779541, 0.9165999889373779, 0.9049000144004822, 0.8999999761581421, 0.8998000025749207, 0.9351999759674072, 0.9024999737739563, 0.9283000230789185, 0.9075999855995178, 0.9174000024795532, 0.8999000191688538, 0.9269999861717224, 0.906499981880188, 0.91839998960495, 0.9128000140190125, 0.9236999750137329, 0.8999000191688538, 0.9574000239372253, 0.9067999720573425, 0.9261999726295471, 0.9014999866485596, 0.9000999927520752, 0.9009000062942505, 0.8998000025749207, 0.9211000204086304, 0.9279999732971191, 0.9003999829292297, 0.9296000003814697, 0.9014999866485596, 0.9023000001907349, 0.9075999855995178, 0.8999999761581421], "RFCL": [0.8550999760627747, 0.8651000261306763, 0.8758000135421753, 0.7914000153541565, 0.7760999798774719, 0.7975999712944031, 0.7687000036239624, 0.708299994468689, 0.7156999707221985, 0.6962000131607056, 0.6775000095367432, 0.6578999757766724, 0.6403999924659729, 0.6528000235557556, 0.6428999900817871, 0.6281999945640564, 0.633400022983551, 0.6218000054359436, 0.6237000226974487, 0.6154999732971191, 0.6225000023841858, 0.6234999895095825, 0.6227999925613403, 0.6150000095367432, 0.6134999990463257, 0.6230999827384949, 0.6069999933242798, 0.6165000200271606, 0.6085000038146973, 0.6108999848365784, 0.5989000201225281, 0.6097000241279602, 0.6060000061988831, 0.6165000200271606, 0.6037999987602234, 0.6029000282287598, 0.5964000225067139, 0.6011999845504761, 0.6000999808311462, 0.5945000052452087, 0.5932000279426575, 0.5920000076293945, 0.593500018119812, 0.5939000248908997, 0.5885000228881836, 0.5946000218391418, 0.5917999744415283, 0.5898000001907349, 0.5921000242233276, 0.5924999713897705]}