{"FedAvg": [0.9154000282287598, 0.8992999792098999, 0.8999999761581421, 0.8999999761581421, 0.8787999749183655, 0.8999999761581421, 0.8999999761581421, 0.8999999761581421, 0.8999999761581421, 0.8999999761581421, 0.8999999761581421, 0.8999999761581421, 0.8999999761581421, 0.8999999761581421, 0.8999999761581421, 0.8999999761581421, 0.8999999761581421, 0.8999999761581421, 0.8999999761581421, 0.8999999761581421, 0.8999999761581421, 0.8999999761581421, 0.88919997215271, 0.8999999761581421, 0.8999999761581421, 0.8999999761581421, 0.8999999761581421, 0.8999999761581421, 0.8999999761581421, 0.8999999761581421, 0.8999999761581421, 0.8999999761581421, 0.8999999761581421, 0.8999999761581421, 0.8999999761581421, 0.8999999761581421, 0.8999999761581421, 0.8999999761581421, 0.8999999761581421, 0.8999999761581421, 0.8999999761581421, 0.8999999761581421, 0.8999999761581421, 0.8999999761581421, 0.8999999761581421, 0.8999999761581421, 0.8999999761581421, 0.8999999761581421, 0.8999999761581421, 0.8999999761581421], "Median": [0.8960000276565552, 0.8999000191688538, 0.9000999927520752, 0.8996999859809875, 0.8999999761581421, 0.8884000182151794, 0.8996999859809875, 0.8920999765396118, 0.8999999761581421, 0.8921999931335449, 0.8974000215530396, 0.89410001039505, 0.8999999761581421, 0.8937000036239624, 0.8881000280380249, 0.8859999775886536, 0.8999999761581421, 0.8967999815940857, 0.8833000063896179, 0.8899999856948853, 0.8999999761581421, 0.8996000289916992, 0.8999999761581421, 0.8891000151634216, 0.8988999724388123, 0.896399974822998, 0.8999999761581421, 0.8962000012397766, 0.8999999761581421, 0.8902000188827515, 0.8999999761581421, 0.8985000252723694, 0.8999999761581421, 0.8996999859809875, 0.8988999724388123, 0.8686000108718872, 0.8978999853134155, 0.8644999861717224, 0.8999000191688538, 0.8925999999046326, 0.8999999761581421, 0.8126999735832214, 0.8999999761581421, 0.9014999866485596, 0.8998000025749207, 0.8725000023841858, 0.8999999761581421, 0.892799973487854, 0.8978999853134155, 0.8737999796867371], "MKrum": [0.8999999761581421, 0.8999000191688538, 0.8999999761581421, 0.9021000266075134, 0.8999999761581421, 0.8999999761581421, 0.9287999868392944, 0.8722000122070312, 0.8999999761581421, 0.8999999761581421, 0.8999999761581421, 0.8956000208854675, 0.8910999894142151, 0.9006999731063843, 0.8683000206947327, 0.8999999761581421, 0.8888000249862671, 0.895799994468689, 0.8999999761581421, 0.8999999761581421, 0.9118000268936157, 0.8841000199317932, 0.8765000104904175, 0.8999999761581421, 0.8999999761581421, 0.8999999761581421, 0.8999999761581421, 0.8999999761581421, 0.8999999761581421, 0.8999999761581421, 0.8999999761581421, 0.8999999761581421, 0.8999999761581421, 0.8999999761581421, 0.8999999761581421, 0.8999999761581421, 0.8999999761581421, 0.8999999761581421, 0.8999999761581421, 0.8999999761581421, 0.8999999761581421, 0.8999999761581421, 0.8999999761581421, 0.8999999761581421, 0.8999999761581421, 0.8999999761581421, 0.8999999761581421, 0.8999999761581421, 0.8999999761581421, 0.8999999761581421], "AFA": [0.9133999943733215, 0.8389999866485596, 0.8999999761581421, 0.8206999897956848, 0.8375999927520752, 0.7792999744415283, 0.8166999816894531, 0.7437999844551086, 0.7669000029563904, 0.7182000279426575, 0.7107999920845032, 0.718500018119812, 0.7382000088691711, 0.7085000276565552, 0.718999981880188, 0.682200014591217, 0.7020999789237976, 0.6675000190734863, 0.7020999789237976, 0.7053999900817871, 0.6906999945640564, 0.6865000128746033, 0.6901000142097473, 0.6804999709129333, 0.675599992275238, 0.6696000099182129, 0.6729000210762024, 0.6546000242233276, 0.7024999856948853, 0.6448000073432922, 0.6794999837875366, 0.6384999752044678, 0.6766999959945679, 0.6554999947547913, 0.7128999829292297, 0.6413000226020813, 0.6538000106811523, 0.6521000266075134, 0.680899977684021, 0.6797000169754028, 0.6721000075340271, 0.6503999829292297, 0.6514999866485596, 0.6403999924659729, 0.6642000079154968, 0.6585999727249146, 0.6809999942779541, 0.6660000085830688, 0.6764000058174133, 0.6302000284194946], "FedMGDAplus": [0.8999999761581421, 0.8781999945640564, 0.8999000191688538, 0.8998000025749207, 0.8999999761581421, 0.8999999761581421, 0.8664000034332275, 0.8999000191688538, 0.8999000191688538, 0.8999999761581421, 0.8999000191688538, 0.8999999761581421, 0.8999999761581421, 0.8999999761581421, 0.8995000123977661, 0.8999999761581421, 0.8999999761581421, 0.8992000222206116, 0.8999999761581421, 0.8862000107765198, 0.8999999761581421, 0.8999999761581421, 0.9000999927520752, 0.8999999761581421, 0.9002000093460083, 0.9003999829292297, 0.8999999761581421, 0.9072999954223633, 0.8999999761581421, 0.909500002861023, 0.8999999761581421, 0.900600016117096, 0.8999999761581421, 0.8996000289916992, 0.8999999761581421, 0.9039999842643738, 0.8999999761581421, 0.8999999761581421, 0.8999999761581421, 0.8999999761581421, 0.8999999761581421, 0.8999999761581421, 0.8999999761581421, 0.8999999761581421, 0.8999999761581421, 0.8999999761581421, 0.8999999761581421, 0.8999999761581421, 0.8999999761581421, 0.8999999761581421], "CenteredClipping": [0.9002000093460083, 0.9003000259399414, 0.9204999804496765, 0.8999999761581421, 0.8996999859809875, 0.9398999810218811, 0.9038000106811523, 0.9079999923706055, 0.9000999927520752, 0.9007999897003174, 0.9083999991416931, 0.9000999927520752, 0.9024999737739563, 0.9003000259399414, 0.9199000000953674, 0.9071000218391418, 0.9121999740600586, 0.916100025177002, 0.9079999923706055, 0.9017999768257141, 0.9230999946594238, 0.896399974822998, 0.8999999761581421, 0.9147999882698059, 0.90829998254776, 0.8998000025749207, 0.9291999936103821, 0.9453999996185303, 0.9031000137329102, 0.9002000093460083, 0.8992000222206116, 0.8999999761581421, 0.8865000009536743, 0.8999000191688538, 0.8999999761581421, 0.9124000072479248, 0.8999999761581421, 0.9060999751091003, 0.9035999774932861, 0.9002000093460083, 0.8996000289916992, 0.9003000259399414, 0.9108999967575073, 0.9020000100135803, 0.9032999873161316, 0.899399995803833, 0.9358000159263611, 0.8998000025749207, 0.9429000020027161, 0.8999999761581421], "RFCL": [0.8980000019073486, 0.8659999966621399, 0.8999999761581421, 0.8001999855041504, 0.7978000044822693, 0.8105999827384949, 0.7602999806404114, 0.7627000212669373, 0.7250000238418579, 0.7513999938964844, 0.6949999928474426, 0.6779999732971191, 0.6822999715805054, 0.6721000075340271, 0.6597999930381775, 0.6700999736785889, 0.6568999886512756, 0.6531999707221985, 0.6385999917984009, 0.645799994468689, 0.6399999856948853, 0.6341999769210815, 0.6383000016212463, 0.6431000232696533, 0.6292999982833862, 0.6402000188827515, 0.6284000277519226, 0.6227999925613403, 0.6496999859809875, 0.6238999962806702, 0.6140000224113464, 0.6333000063896179, 0.6195999979972839, 0.6258000135421753, 0.6258999705314636, 0.6254000067710876, 0.6205999851226807, 0.6151999831199646, 0.6154999732971191, 0.6280999779701233, 0.6169000267982483, 0.6148999929428101, 0.61080002784729, 0.6215999722480774, 0.6083999872207642, 0.6115999817848206, 0.6068999767303467, 0.6151999831199646, 0.6137999892234802, 0.6036999821662903]}