{"FedAvg": [0.8812000155448914, 0.807699978351593, 0.767300009727478, 0.7763000130653381, 0.7523000240325928, 0.765500009059906, 0.7257999777793884, 0.7085000276565552, 0.7249000072479248, 0.703499972820282, 0.7024000287055969, 0.7235999703407288, 0.6855999827384949, 0.6834999918937683, 0.7157999873161316, 0.6692000031471252, 0.703499972820282, 0.654699981212616, 0.6722000241279602, 0.6783999800682068, 0.6639999747276306, 0.6692000031471252, 0.6633999943733215, 0.6610999703407288, 0.6365000009536743, 0.6459000110626221, 0.6383000016212463, 0.6283000111579895, 0.6923999786376953, 0.6338000297546387, 0.7531999945640564, 0.6550999879837036, 0.6525999903678894, 0.6937999725341797, 0.6550999879837036, 0.6578999757766724, 0.6524999737739563, 0.6238999962806702, 0.7060999870300293, 0.6534000039100647, 0.6383000016212463, 0.6277999877929688, 0.7365999817848206, 0.6585000157356262, 0.6793000102043152, 0.6359999775886536, 0.6348000168800354, 0.6456000208854675, 0.617900013923645, 0.6294000148773193], "Median": [0.8651000261306763, 0.8930000066757202, 0.8422999978065491, 0.8934000134468079, 0.838699996471405, 0.7980999946594238, 0.7793999910354614, 0.7603999972343445, 0.7599999904632568, 0.755299985408783, 0.760699987411499, 0.7526999711990356, 0.7268000245094299, 0.7390999794006348, 0.7190999984741211, 0.7246999740600586, 0.7009999752044678, 0.6935999989509583, 0.6784999966621399, 0.6682999730110168, 0.6642000079154968, 0.6610999703407288, 0.6585000157356262, 0.6413000226020813, 0.6359999775886536, 0.6452999711036682, 0.6381000280380249, 0.6269000172615051, 0.6152999997138977, 0.6183000206947327, 0.6107000112533569, 0.6110000014305115, 0.6083999872207642, 0.6026999950408936, 0.6019999980926514, 0.6044999957084656, 0.6074000000953674, 0.60589998960495, 0.6060000061988831, 0.597000002861023, 0.5939000248908997, 0.5914999842643738, 0.5961999893188477, 0.5898000001907349, 0.5896999835968018, 0.5907999873161316, 0.5871000289916992, 0.5896999835968018, 0.5871999859809875, 0.5820000171661377], "MKrum": [0.8567000031471252, 0.8349999785423279, 0.8303999900817871, 0.8310999870300293, 0.8303999900817871, 0.7911999821662903, 0.8016999959945679, 0.7447999715805054, 0.7991999983787537, 0.7615000009536743, 0.7537000179290771, 0.7592999935150146, 0.7167999744415283, 0.7365000247955322, 0.7102000117301941, 0.6883000135421753, 0.7443000078201294, 0.7208999991416931, 0.7225000262260437, 0.7508999705314636, 0.7444999814033508, 0.7303000092506409, 0.7210999727249146, 0.7304999828338623, 0.7027999758720398, 0.7867000102996826, 0.8762000203132629, 0.8334000110626221, 0.7752000093460083, 0.7394000291824341, 0.7807000279426575, 0.7764000296592712, 0.7674999833106995, 0.7243000268936157, 0.7746000289916992, 0.7849000096321106, 0.7459999918937683, 0.7775999903678894, 0.7700999975204468, 0.7382000088691711, 0.7735999822616577, 0.829200029373169, 0.7960000038146973, 0.8313000202178955, 0.7979000210762024, 0.767300009727478, 0.8072999715805054, 0.718999981880188, 0.7791000008583069, 0.7347999811172485], "AFA": [0.8873999714851379, 0.8364999890327454, 0.7833999991416931, 0.7454000115394592, 0.6996999979019165, 0.6868000030517578, 0.6589999794960022, 0.6589999794960022, 0.6800000071525574, 0.6396999955177307, 0.6534000039100647, 0.626800000667572, 0.6323000192642212, 0.6115999817848206, 0.6146000027656555, 0.6360999941825867, 0.6061000227928162, 0.6046000123023987, 0.6133999824523926, 0.6534000039100647, 0.6330000162124634, 0.5993000268936157, 0.6032999753952026, 0.5960000157356262, 0.635200023651123, 0.5928000211715698, 0.5885999798774719, 0.5932999849319458, 0.5841000080108643, 0.5877000093460083, 0.5856999754905701, 0.616100013256073, 0.583899974822998, 0.5789999961853027, 0.5831999778747559, 0.5906000137329102, 0.5812000036239624, 0.5795999765396118, 0.5800999999046326, 0.583299994468689, 0.5806999802589417, 0.5855000019073486, 0.5791000127792358, 0.6201000213623047, 0.5943999886512756, 0.5738000273704529, 0.5728999972343445, 0.5763000249862671, 0.5767999887466431, 0.5835000276565552], "FedMGDAplus": [0.8361999988555908, 0.8209999799728394, 0.7839000225067139, 0.7763000130653381, 0.7407000064849854, 0.7321000099182129, 0.7035999894142151, 0.6890000104904175, 0.6934999823570251, 0.6495000123977661, 0.6478000283241272, 0.6747999787330627, 0.6378999948501587, 0.6481999754905701, 0.618399977684021, 0.6256999969482422, 0.6133000254631042, 0.6078000068664551, 0.6062999963760376, 0.603600025177002, 0.6075000166893005, 0.6021000146865845, 0.599399983882904, 0.6108999848365784, 0.60589998960495, 0.6140999794006348, 0.5990999937057495, 0.6080999970436096, 0.6067000031471252, 0.604200005531311, 0.6158999800682068, 0.6064000129699707, 0.6078000068664551, 0.605400025844574, 0.6062999963760376, 0.5982999801635742, 0.6132000088691711, 0.607699990272522, 0.6195999979972839, 0.609499990940094, 0.621999979019165, 0.6197999715805054, 0.6115000247955322, 0.6158999800682068, 0.6115999817848206, 0.6108999848365784, 0.6144000291824341, 0.6107000112533569, 0.6241000294685364, 0.6078000068664551], "CenteredClipping": [0.8615999817848206, 0.7950999736785889, 0.8116000294685364, 0.8400999903678894, 0.8166000247001648, 0.7994999885559082, 0.754800021648407, 0.7318999767303467, 0.7451000213623047, 0.6991000175476074, 0.6944000124931335, 0.7044000029563904, 0.6863999962806702, 0.6764000058174133, 0.6674000024795532, 0.6651999950408936, 0.6516000032424927, 0.640500009059906, 0.640500009059906, 0.632099986076355, 0.6219000220298767, 0.623199999332428, 0.6172999739646912, 0.6176999807357788, 0.6150000095367432, 0.6075000166893005, 0.6061999797821045, 0.6097000241279602, 0.6069999933242798, 0.6015999913215637, 0.6067000031471252, 0.5954999923706055, 0.5978999733924866, 0.5964000225067139, 0.5936999917030334, 0.6050999760627747, 0.5873000025749207, 0.5971999764442444, 0.5892999768257141, 0.5859000086784363, 0.5849000215530396, 0.5813999772071838, 0.5885999798774719, 0.5823000073432922, 0.5763000249862671, 0.5720999836921692, 0.5799000263214111, 0.5735999941825867, 0.5715000033378601, 0.5701000094413757], "RFCL": [0.8830000162124634, 0.8999999761581421, 0.8485999703407288, 0.8880000114440918, 0.8202999830245972, 0.8460000157356262, 0.7903000116348267, 0.75, 0.7444000244140625, 0.7269999980926514, 0.6858999729156494, 0.6934000253677368, 0.6560999751091003, 0.6559000015258789, 0.6525999903678894, 0.6455000042915344, 0.6717000007629395, 0.6269000172615051, 0.6251999735832214, 0.6234999895095825, 0.6215999722480774, 0.6225000023841858, 0.6358000040054321, 0.6046000123023987, 0.6086999773979187, 0.609000027179718, 0.6122000217437744, 0.6115999817848206, 0.603600025177002, 0.6215999722480774, 0.5975000262260437, 0.6008999943733215, 0.5978000164031982, 0.6015999913215637, 0.5978999733924866, 0.5967000126838684, 0.6031000018119812, 0.5934000015258789, 0.5928999781608582, 0.590399980545044, 0.5961999893188477, 0.5857999920845032, 0.585099995136261, 0.5845999717712402, 0.5860000252723694, 0.5917999744415283, 0.588100016117096, 0.5859000086784363, 0.5885999798774719, 0.5828999876976013]}