{"FedAvg": [0.8992999792098999, 0.843500018119812, 0.8356000185012817, 0.8281999826431274, 0.8305000066757202, 0.8173999786376953, 0.8309000134468079, 0.7991999983787537, 0.8080999851226807, 0.8206999897956848, 0.796500027179718, 0.7868000268936157, 0.7652000188827515, 0.8133999705314636, 0.8125, 0.7976999878883362, 0.7982000112533569, 0.8130999803543091, 0.7825999855995178, 0.8230999708175659, 0.829800009727478, 0.8007000088691711, 0.7937999963760376, 0.7642999887466431, 0.7874000072479248, 0.8274000287055969, 0.7975000143051147, 0.7936000227928162, 0.7809000015258789, 0.7853000164031982, 0.7857999801635742, 0.8119999766349792, 0.7968999743461609, 0.795199990272522, 0.7710000276565552, 0.79830002784729, 0.7802000045776367, 0.7936000227928162, 0.7982000112533569, 0.7979000210762024, 0.8046000003814697, 0.7717999815940857, 0.7759000062942505, 0.8180999755859375, 0.7888000011444092, 0.823199987411499, 0.8019000291824341, 0.8083000183105469, 0.8050000071525574, 0.805400013923645], "Median": [0.8899999856948853, 0.8852999806404114, 0.8325999975204468, 0.8360999822616577, 0.8237000107765198, 0.8309999704360962, 0.8069999814033508, 0.7922000288963318, 0.7475000023841858, 0.7580999732017517, 0.7822999954223633, 0.7407000064849854, 0.73089998960495, 0.7067999839782715, 0.7059000134468079, 0.6894999742507935, 0.6988000273704529, 0.6901999711990356, 0.6802999973297119, 0.6863999962806702, 0.6606000065803528, 0.675000011920929, 0.6662999987602234, 0.6492000222206116, 0.6449000239372253, 0.6424999833106995, 0.6366000175476074, 0.6434000134468079, 0.6480000019073486, 0.6371999979019165, 0.6305000185966492, 0.6330000162124634, 0.6348000168800354, 0.6254000067710876, 0.6319000124931335, 0.6244000196456909, 0.6276000142097473, 0.6273000240325928, 0.6233000159263611, 0.621999979019165, 0.6269000172615051, 0.6295999884605408, 0.6100999712944031, 0.6154000163078308, 0.614799976348877, 0.6114000082015991, 0.621999979019165, 0.6067000031471252, 0.6171000003814697, 0.6082000136375427], "MKrum": [0.8930000066757202, 0.882099986076355, 0.8360000252723694, 0.8454999923706055, 0.8449000120162964, 0.8611999750137329, 0.8669000267982483, 0.838699996471405, 0.8467000126838684, 0.848800003528595, 0.8641999959945679, 0.840399980545044, 0.8720999956130981, 0.8682000041007996, 0.8420000076293945, 0.8532999753952026, 0.8565999865531921, 0.8802000284194946, 0.8346999883651733, 0.891700029373169, 0.8442000150680542, 0.8557000160217285, 0.8309000134468079, 0.8349000215530396, 0.8449000120162964, 0.8676999807357788, 0.8374999761581421, 0.8718000054359436, 0.8392000198364258, 0.8345000147819519, 0.8400999903678894, 0.8327000141143799, 0.8360999822616577, 0.8360999822616577, 0.822700023651123, 0.8440999984741211, 0.8497999906539917, 0.8614000082015991, 0.843999981880188, 0.8274000287055969, 0.8808000087738037, 0.8537999987602234, 0.8623999953269958, 0.8422999978065491, 0.8445000052452087, 0.8718000054359436, 0.8666999936103821, 0.838699996471405, 0.8360000252723694, 0.8866999745368958], "AFA": [0.8995000123977661, 0.8449000120162964, 0.7333999872207642, 0.7494999766349792, 0.6890000104904175, 0.670799970626831, 0.7601000070571899, 0.6833000183105469, 0.6640999913215637, 0.6413999795913696, 0.645799994468689, 0.6355000138282776, 0.6991000175476074, 0.6549999713897705, 0.6245999932289124, 0.6074000000953674, 0.6162999868392944, 0.5979999899864197, 0.6334999799728394, 0.597599983215332, 0.5982999801635742, 0.607200026512146, 0.5946999788284302, 0.5895000100135803, 0.5895000100135803, 0.5967000126838684, 0.592199981212616, 0.6035000085830688, 0.5845000147819519, 0.5882999897003174, 0.5906000137329102, 0.6004999876022339, 0.5831000208854675, 0.5938000082969666, 0.5781000256538391, 0.5837000012397766, 0.5874000191688538, 0.6233999729156494, 0.5835000276565552, 0.5789999961853027, 0.5708000063896179, 0.5764999985694885, 0.5741000175476074, 0.5787000060081482, 0.5874000191688538, 0.5769000053405762, 0.5648999810218811, 0.5728999972343445, 0.5705000162124634, 0.5766000151634216], "FedMGDAplus": [0.8504999876022339, 0.8532000184059143, 0.7656999826431274, 0.7437000274658203, 0.738099992275238, 0.7134000062942505, 0.7034000158309937, 0.6905999779701233, 0.677299976348877, 0.661300003528595, 0.656499981880188, 0.6452000141143799, 0.6401000022888184, 0.6353999972343445, 0.6226000189781189, 0.6187999844551086, 0.6144999861717224, 0.6103000044822693, 0.6107000112533569, 0.6018999814987183, 0.6067000031471252, 0.5982000231742859, 0.5976999998092651, 0.6047999858856201, 0.6003999710083008, 0.6033999919891357, 0.6000000238418579, 0.5968000292778015, 0.5981000065803528, 0.5968999862670898, 0.5943999886512756, 0.6001999974250793, 0.5938000082969666, 0.590399980545044, 0.5866000056266785, 0.590399980545044, 0.5990999937057495, 0.5911999940872192, 0.5911999940872192, 0.5928000211715698, 0.5931000113487244, 0.5881999731063843, 0.5942000150680542, 0.588100016117096, 0.5878000259399414, 0.5939000248908997, 0.5910999774932861, 0.5895000100135803, 0.5898000001907349, 0.5837000012397766], "CenteredClipping": [0.8960000276565552, 0.8549000024795532, 0.8664000034332275, 0.8044000267982483, 0.7932000160217285, 0.7883999943733215, 0.7594000101089478, 0.7612000107765198, 0.769599974155426, 0.7354000210762024, 0.7166000008583069, 0.7077999711036682, 0.6980000138282776, 0.697700023651123, 0.6877999901771545, 0.6870999932289124, 0.6786999702453613, 0.6741999983787537, 0.6599000096321106, 0.6722999811172485, 0.656499981880188, 0.6761999726295471, 0.6420000195503235, 0.6464999914169312, 0.6536999940872192, 0.6365000009536743, 0.6419000029563904, 0.6388000249862671, 0.636900007724762, 0.6284999847412109, 0.628000020980835, 0.6306999921798706, 0.6297000050544739, 0.6162999868392944, 0.6184999942779541, 0.6068999767303467, 0.6190999746322632, 0.6152999997138977, 0.6273999810218811, 0.6119999885559082, 0.6054999828338623, 0.6085000038146973, 0.6083999872207642, 0.6047999858856201, 0.5975000262260437, 0.6007999777793884, 0.6039999723434448, 0.5946999788284302, 0.5924000144004822, 0.5893999934196472], "RFCL": [0.8964999914169312, 0.8697999715805054, 0.8101999759674072, 0.810699999332428, 0.7803000211715698, 0.7357000112533569, 0.6880000233650208, 0.6934999823570251, 0.6704000234603882, 0.6563000082969666, 0.6333000063896179, 0.6402000188827515, 0.6256999969482422, 0.6459000110626221, 0.6362000107765198, 0.6230000257492065, 0.6272000074386597, 0.6292999982833862, 0.6068999767303467, 0.6122000217437744, 0.614300012588501, 0.6158999800682068, 0.6010000109672546, 0.5950000286102295, 0.5936999917030334, 0.597100019454956, 0.59170001745224, 0.597000002861023, 0.5950999855995178, 0.5916000008583069, 0.5889000296592712, 0.5898000001907349, 0.5956000089645386, 0.5853000283241272, 0.5867999792098999, 0.588699996471405, 0.5871999859809875, 0.5846999883651733, 0.5817999839782715, 0.579200029373169, 0.5809000134468079, 0.5787000060081482, 0.5899999737739563, 0.5770999789237976, 0.5773000121116638, 0.5824000239372253, 0.5813999772071838, 0.5791000127792358, 0.5813999772071838, 0.5699999928474426]}