{"FedAvg": [0.8880000114440918, 0.8357999920845032, 0.8633000254631042, 0.8873000144958496, 0.8522999882698059, 0.84579998254776, 0.886900007724762, 0.8579000234603882, 0.8949000239372253, 0.8549000024795532, 0.8694999814033508, 0.8967999815940857, 0.8852999806404114, 0.8794999718666077, 0.8241000175476074, 0.8536999821662903, 0.8510000109672546, 0.8938999772071838, 0.8751999735832214, 0.8999999761581421, 0.8981999754905701, 0.8704000115394592, 0.8587999939918518, 0.8992999792098999, 0.8417999744415283, 0.8919000029563904, 0.8730000257492065, 0.8980000019073486, 0.8819000124931335, 0.8980000019073486, 0.891700029373169, 0.8968999981880188, 0.8220999836921692, 0.8665000200271606, 0.8644000291824341, 0.8989999890327454, 0.8985999822616577, 0.869700014591217, 0.8561000227928162, 0.8675000071525574, 0.8913000226020813, 0.8824999928474426, 0.8425999879837036, 0.8528000116348267, 0.8722000122070312, 0.8978000283241272, 0.8751000165939331, 0.8956000208854675, 0.85589998960495, 0.859499990940094], "Median": [0.8999999761581421, 0.8845999836921692, 0.8406999707221985, 0.8141000270843506, 0.8497999906539917, 0.8044000267982483, 0.8216000199317932, 0.8070999979972839, 0.8435999751091003, 0.807200014591217, 0.8309999704360962, 0.8098999857902527, 0.792900025844574, 0.8155999779701233, 0.8044999837875366, 0.7684999704360962, 0.8248999714851379, 0.8025000095367432, 0.784500002861023, 0.7943999767303467, 0.7746000289916992, 0.7853999733924866, 0.782800018787384, 0.7269999980926514, 0.7678999900817871, 0.758400022983551, 0.7247999906539917, 0.7487999796867371, 0.7229999899864197, 0.7554000020027161, 0.7490000128746033, 0.7296000123023987, 0.7305999994277954, 0.7181000113487244, 0.7556999921798706, 0.7498999834060669, 0.7156999707221985, 0.7570000290870667, 0.7206000089645386, 0.7088000178337097, 0.7301999926567078, 0.7067000269889832, 0.7148000001907349, 0.7199000120162964, 0.7152000069618225, 0.7063000202178955, 0.7404000163078308, 0.6837000250816345, 0.6887000203132629, 0.7210999727249146], "MKrum": [0.8981000185012817, 0.8327999711036682, 0.8992999792098999, 0.882099986076355, 0.8565000295639038, 0.850600004196167, 0.9000999927520752, 0.8999999761581421, 0.8835999965667725, 0.8999999761581421, 0.894599974155426, 0.8999999761581421, 0.8611999750137329, 0.8346999883651733, 0.8910999894142151, 0.8554999828338623, 0.8992999792098999, 0.8456000089645386, 0.8981999754905701, 0.8992000222206116, 0.8999999761581421, 0.8953999876976013, 0.8676000237464905, 0.8382999897003174, 0.8475000262260437, 0.8424999713897705, 0.8952000141143799, 0.8568999767303467, 0.8849999904632568, 0.8863000273704529, 0.892300009727478, 0.8988999724388123, 0.8992000222206116, 0.8999999761581421, 0.901199996471405, 0.8999999761581421, 0.8960000276565552, 0.8999999761581421, 0.9004999995231628, 0.8454999923706055, 0.8895000219345093, 0.8554999828338623, 0.8763999938964844, 0.8464999794960022, 0.8999999761581421, 0.899399995803833, 0.8812999725341797, 0.8977000117301941, 0.8834999799728394, 0.8999999761581421], "AFA": [0.899399995803833, 0.8253999948501587, 0.777999997138977, 0.8269000053405762, 0.7282999753952026, 0.6919000148773193, 0.7365999817848206, 0.7684000134468079, 0.6567000150680542, 0.6498000025749207, 0.6430000066757202, 0.670799970626831, 0.6212000250816345, 0.6215999722480774, 0.6261000037193298, 0.6182000041007996, 0.7203999757766724, 0.6173999905586243, 0.612500011920929, 0.6104999780654907, 0.6370000243186951, 0.6018000245094299, 0.6011000275611877, 0.6044999957084656, 0.605400025844574, 0.6396999955177307, 0.6055999994277954, 0.5928000211715698, 0.6101999878883362, 0.6172000169754028, 0.5950000286102295, 0.5924000144004822, 0.6983000040054321, 0.595300018787384, 0.5953999757766724, 0.5989000201225281, 0.5882999897003174, 0.5864999890327454, 0.5861999988555908, 0.5856000185012817, 0.5834000110626221, 0.5855000019073486, 0.5924000144004822, 0.5781999826431274, 0.5871000289916992, 0.5820000171661377, 0.5860999822616577, 0.5922999978065491, 0.5810999870300293, 0.5827000141143799], "FedMGDAplus": [0.8495000004768372, 0.8776999711990356, 0.8535000085830688, 0.8690000176429749, 0.8406000137329102, 0.8708000183105469, 0.8686000108718872, 0.8418999910354614, 0.8690000176429749, 0.8468999862670898, 0.8676000237464905, 0.85589998960495, 0.8845999836921692, 0.8518999814987183, 0.8989999890327454, 0.8672999739646912, 0.8996999859809875, 0.8776000142097473, 0.8999999761581421, 0.8982999920845032, 0.8999999761581421, 0.8999999761581421, 0.8999999761581421, 0.8866000175476074, 0.8999999761581421, 0.8999999761581421, 0.8998000025749207, 0.8999999761581421, 0.8999999761581421, 0.8999999761581421, 0.8999999761581421, 0.8999999761581421, 0.9052000045776367, 0.9004999995231628, 0.9151999950408936, 0.8999999761581421, 0.9024999737739563, 0.8999999761581421, 0.8999999761581421, 0.8999999761581421, 0.8999999761581421, 0.8999999761581421, 0.8999999761581421, 0.8999999761581421, 0.8999999761581421, 0.8999999761581421, 0.8999999761581421, 0.8999999761581421, 0.8999999761581421, 0.8999999761581421], "CenteredClipping": [0.8999999761581421, 0.8841000199317932, 0.8518000245094299, 0.8113999962806702, 0.8949000239372253, 0.8518000245094299, 0.8953999876976013, 0.8878999948501587, 0.8984000086784363, 0.857699990272522, 0.8934000134468079, 0.8917999863624573, 0.8924999833106995, 0.8938999772071838, 0.8978999853134155, 0.8762000203132629, 0.8761000037193298, 0.8802000284194946, 0.8842999935150146, 0.8540999889373779, 0.8619999885559082, 0.8787000179290771, 0.8995000123977661, 0.8798999786376953, 0.8381999731063843, 0.8715000152587891, 0.8641999959945679, 0.8569999933242798, 0.8715000152587891, 0.8924999833106995, 0.8547000288963318, 0.8860999941825867, 0.8830000162124634, 0.8547999858856201, 0.8787999749183655, 0.8525000214576721, 0.8945000171661377, 0.850600004196167, 0.9010000228881836, 0.8428999781608582, 0.8986999988555908, 0.8804000020027161, 0.8870000243186951, 0.8482999801635742, 0.8950999975204468, 0.8945000171661377, 0.8535000085830688, 0.8783000111579895, 0.8884999752044678, 0.8605999946594238], "RFCL": [0.8575999736785889, 0.8992000222206116, 0.8289999961853027, 0.8980000019073486, 0.7914999723434448, 0.7892000079154968, 0.7300999760627747, 0.739300012588501, 0.7181000113487244, 0.6665999889373779, 0.6723999977111816, 0.6669999957084656, 0.6589000225067139, 0.6446999907493591, 0.6439999938011169, 0.630299985408783, 0.6263999938964844, 0.6319000124931335, 0.6256999969482422, 0.6244000196456909, 0.6222000122070312, 0.6308000087738037, 0.6140000224113464, 0.614799976348877, 0.6118999719619751, 0.6183000206947327, 0.6134999990463257, 0.6085000038146973, 0.6085000038146973, 0.6068999767303467, 0.597100019454956, 0.5974000096321106, 0.5954999923706055, 0.597599983215332, 0.59579998254776, 0.5978000164031982, 0.5867000222206116, 0.5956000089645386, 0.597100019454956, 0.5985000133514404, 0.5878000259399414, 0.5879999995231628, 0.5861999988555908, 0.5864999890327454, 0.590399980545044, 0.5853999853134155, 0.588699996471405, 0.5882999897003174, 0.5835000276565552, 0.5766000151634216]}