{"FedAvg": [0.6092000007629395, 0.621399998664856, 0.28279998898506165, 0.6255999803543091, 0.30000001192092896, 0.16380000114440918, 0.11289999634027481, 0.6525999903678894, 0.21639999747276306, 0.42250001430511475, 0.26170000433921814, 0.7148000001907349, 0.6638000011444092, 0.5684999823570251, 0.4523000121116638, 0.30000001192092896, 0.15530000627040863, 0.8858000040054321, 0.8981000185012817, 0.9021999835968018, 0.8980000019073486, 0.9014000296592712, 0.9071999788284302, 0.9107999801635742, 0.9107999801635742, 0.9107999801635742, 0.9107999801635742, 0.9107999801635742, 0.9107999801635742, 0.9107999801635742, 0.9107999801635742, 0.9107999801635742, 0.9107999801635742, 0.9107999801635742, 0.9107999801635742, 0.9107999801635742, 0.9107999801635742, 0.9107999801635742, 0.9107999801635742, 0.9107999801635742, 0.9107999801635742, 0.9107999801635742, 0.9106000065803528, 0.9108999967575073, 0.910099983215332, 0.8991000056266785, 0.8991000056266785, 0.8991000056266785, 0.8991000056266785, 0.8991000056266785, 0.8991000056266785, 0.8991000056266785, 0.8991000056266785, 0.8991000056266785, 0.8991000056266785, 0.8991000056266785, 0.8991000056266785, 0.8991000056266785, 0.8991000056266785, 0.8991000056266785, 0.8991000056266785, 0.8991000056266785, 0.8991000056266785, 0.8991000056266785, 0.8991000056266785, 0.8991000056266785, 0.8991000056266785, 0.8991000056266785, 0.8991000056266785, 0.8991000056266785, 0.8991000056266785, 0.8991000056266785, 0.8991000056266785, 0.8991000056266785, 0.8991000056266785, 0.8991000056266785, 0.8991000056266785, 0.8991000056266785, 0.8991000056266785, 0.8991000056266785, 0.8991000056266785, 0.8991000056266785, 0.8991000056266785, 0.8991000056266785, 0.8991000056266785, 0.8991000056266785, 0.8991000056266785, 0.8991000056266785, 0.8991000056266785, 0.8991000056266785, 0.8991000056266785, 0.8991000056266785, 0.8991000056266785, 0.8991000056266785, 0.8991000056266785, 0.8991000056266785, 0.8991000056266785, 0.8991000056266785, 0.8991000056266785, 0.8991000056266785], "Median": [0.7971000075340271, 0.7477999925613403, 0.6858999729156494, 0.593500018119812, 0.3804999887943268, 0.2079000025987625, 0.2199999988079071, 0.17110000550746918, 0.13109999895095825, 0.12359999865293503, 0.13349999487400055, 0.11159999668598175, 0.10599999874830246, 0.11569999903440475, 0.10899999737739563, 0.09440000355243683, 0.09139999747276306, 0.09529999643564224, 0.0885000005364418, 0.08720000088214874, 0.08489999920129776, 0.09189999848604202, 0.08299999684095383, 0.08309999853372574, 0.07919999957084656, 0.09059999883174896, 0.09600000083446503, 0.07819999754428864, 0.07829999923706055, 0.08100000023841858, 0.08250000327825546, 0.07519999891519547, 0.07410000264644623, 0.07249999791383743, 0.07159999758005142, 0.07680000364780426, 0.066600002348423, 0.06960000097751617, 0.06480000168085098, 0.06840000301599503, 0.07209999859333038, 0.07190000265836716, 0.06870000064373016, 0.0649000033736229, 0.06270000338554382, 0.06289999932050705, 0.066600002348423, 0.07000000029802322, 0.06129999831318855, 0.05909999832510948, 0.05869999900460243, 0.05739999935030937, 0.05979999899864197, 0.062300000339746475, 0.05820000171661377, 0.05770000070333481, 0.055799998342990875, 0.05590000003576279, 0.057500001043081284, 0.061000000685453415, 0.057100001722574234, 0.056699998676776886, 0.05860000103712082, 0.05779999867081642, 0.054499998688697815, 0.05920000001788139, 0.05790000036358833, 0.05490000173449516, 0.05660000070929527, 0.05310000106692314, 0.054499998688697815, 0.05649999901652336, 0.05350000038743019, 0.05290000140666962, 0.06199999898672104, 0.058800000697374344, 0.05640000104904175, 0.05469999834895134, 0.05480000004172325, 0.05139999836683273, 0.05169999971985817, 0.05469999834895134, 0.054099999368190765, 0.05009999871253967, 0.05270000174641609, 0.051500000059604645, 0.052299998700618744, 0.05130000039935112, 0.05169999971985817, 0.05130000039935112, 0.050999999046325684, 0.0544000007212162, 0.062199998646974564, 0.053300000727176666, 0.051500000059604645, 0.051100000739097595, 0.05000000074505806, 0.04969999939203262, 0.05000000074505806, 0.05009999871253967], "MKrum": [0.8507999777793884, 0.5411999821662903, 0.5802000164985657, 0.5490999817848206, 0.6283000111579895, 0.6491000056266785, 0.26190000772476196, 0.7127000093460083, 0.641700029373169, 0.5877000093460083, 0.6383000016212463, 0.7329999804496765, 0.5511999726295471, 0.44999998807907104, 0.1728000044822693, 0.7192000150680542, 0.5824999809265137, 0.3767000138759613, 0.30630001425743103, 0.8860999941825867, 0.9032999873161316, 0.8966000080108643, 0.8991000056266785, 0.8991000056266785, 0.8991000056266785, 0.8991000056266785, 0.8991000056266785, 0.8672000169754028, 0.9028000235557556, 0.9107999801635742, 0.9106000065803528, 0.9020000100135803, 0.9020000100135803, 0.9020000100135803, 0.9020000100135803, 0.9020000100135803, 0.9020000100135803, 0.9020000100135803, 0.890500009059906, 0.8774999976158142, 0.8650000095367432, 0.8992000222206116, 0.909600019454956, 0.8871999979019165, 0.8064000010490417, 0.8629999756813049, 0.7886000275611877, 0.7955999970436096, 0.7479000091552734, 0.7426999807357788, 0.6791999936103821, 0.6793000102043152, 0.661899983882904, 0.734499990940094, 0.6875, 0.7343000173568726, 0.7240999937057495, 0.6518999934196472, 0.44699999690055847, 0.6561999917030334, 0.7516000270843506, 0.7616999745368958, 0.8912000060081482, 0.9061999917030334, 0.9106000065803528, 0.90420001745224, 0.90420001745224, 0.90420001745224, 0.90420001745224, 0.90420001745224, 0.90420001745224, 0.90420001745224, 0.90420001745224, 0.90420001745224, 0.90420001745224, 0.90420001745224, 0.90420001745224, 0.90420001745224, 0.9107999801635742, 0.9107999801635742, 0.9107999801635742, 0.9107999801635742, 0.9107999801635742, 0.9107999801635742, 0.8971999883651733, 0.9027000069618225, 0.8865000009536743, 0.8906000256538391, 0.8989999890327454, 0.8989999890327454, 0.8991000056266785, 0.9107999801635742, 0.9107999801635742, 0.9020000100135803, 0.9025999903678894, 0.8991000056266785, 0.9107999801635742, 0.9107999801635742, 0.8967999815940857, 0.9020000100135803],