{"FedAvg": [0.8256000280380249, 0.8296999931335449, 0.8790000081062317, 0.8944000005722046, 0.854200005531311, 0.8822000026702881, 0.835099995136261, 0.795199990272522, 0.8032000064849854, 0.7339000105857849, 0.6431999802589417, 0.8855999708175659, 0.8267999887466431, 0.7681000232696533, 0.6966000199317932, 0.7926999926567078, 0.7731000185012817, 0.8366000056266785, 0.8159999847412109, 0.744700014591217, 0.7746000289916992, 0.7766000032424927, 0.7791000008583069, 0.8062999844551086, 0.7605999708175659, 0.7627999782562256, 0.7343000173568726, 0.7947999835014343, 0.7657999992370605, 0.7152000069618225, 0.7258999943733215, 0.6891999840736389, 0.6834999918937683, 0.6869999766349792, 0.6482999920845032, 0.6553999781608582, 0.6421999931335449, 0.6420000195503235, 0.8938999772071838, 0.896399974822998, 0.8942999839782715, 0.8971999883651733, 0.8971999883651733, 0.8971999883651733, 0.8971999883651733, 0.8971999883651733, 0.8971999883651733, 0.8971999883651733, 0.8971999883651733, 0.8971999883651733, 0.8971999883651733, 0.8971999883651733, 0.8971999883651733, 0.8971999883651733, 0.8971999883651733, 0.8971999883651733, 0.8971999883651733, 0.8971999883651733, 0.8971999883651733, 0.8971999883651733, 0.8971999883651733, 0.8971999883651733, 0.8971999883651733, 0.8971999883651733, 0.8971999883651733, 0.8971999883651733, 0.8971999883651733, 0.8971999883651733, 0.8971999883651733, 0.8971999883651733, 0.8971999883651733, 0.8971999883651733, 0.8971999883651733, 0.8971999883651733, 0.8971999883651733, 0.8971999883651733, 0.8971999883651733, 0.8971999883651733, 0.8971999883651733, 0.8971999883651733, 0.8971999883651733, 0.8971999883651733, 0.8971999883651733, 0.8971999883651733, 0.8971999883651733, 0.8971999883651733, 0.8971999883651733, 0.8971999883651733, 0.8971999883651733, 0.8971999883651733, 0.8971999883651733, 0.8971999883651733, 0.8971999883651733, 0.8971999883651733, 0.8971999883651733, 0.8971999883651733, 0.8971999883651733, 0.8971999883651733, 0.8971999883651733, 0.8971999883651733], "Median": [0.8123000264167786, 0.802299976348877, 0.8023999929428101, 0.6202999949455261, 0.47200000286102295, 0.2508000135421753, 0.1851000040769577, 0.16380000114440918, 0.15539999306201935, 0.11620000004768372, 0.12790000438690186, 0.1550000011920929, 0.10499999672174454, 0.11879999935626984, 0.0982000008225441, 0.14180000126361847, 0.12349999696016312, 0.1145000010728836, 0.10409999638795853, 0.11079999804496765, 0.10180000215768814, 0.09719999879598618, 0.11460000276565552, 0.08900000154972076, 0.08910000324249268, 0.0934000015258789, 0.09210000187158585, 0.08320000022649765, 0.08139999955892563, 0.08030000329017639, 0.08219999819993973, 0.07800000160932541, 0.07750000059604645, 0.07419999688863754, 0.06949999928474426, 0.07919999957084656, 0.0697999969124794, 0.07020000368356705, 0.06970000267028809, 0.07100000232458115, 0.0658000037074089, 0.07020000368356705, 0.07500000298023224, 0.06780000030994415, 0.0681999996304512, 0.06539999693632126, 0.06520000100135803, 0.0640999972820282, 0.0625, 0.06199999898672104, 0.062300000339746475, 0.0625, 0.060100000351667404, 0.06620000302791595, 0.05979999899864197, 0.06069999933242798, 0.058800000697374344, 0.06319999694824219, 0.05979999899864197, 0.05869999900460243, 0.05909999832510948, 0.05719999969005585, 0.061799999326467514, 0.05779999867081642, 0.060100000351667404, 0.06300000101327896, 0.06080000102519989, 0.05739999935030937, 0.057100001722574234, 0.05310000106692314, 0.053300000727176666, 0.05990000069141388, 0.05490000173449516, 0.056699998676776886, 0.05770000070333481, 0.05719999969005585, 0.05719999969005585, 0.058800000697374344, 0.054999999701976776, 0.05270000174641609, 0.05469999834895134, 0.05550000071525574, 0.05429999902844429, 0.05420000106096268, 0.055799998342990875, 0.054999999701976776, 0.05270000174641609, 0.051899999380111694, 0.05130000039935112, 0.05469999834895134, 0.053300000727176666, 0.05119999870657921, 0.053700000047683716, 0.05249999836087227, 0.05380000174045563, 0.0544000007212162, 0.050700001418590546, 0.050999999046325684, 0.050999999046325684, 0.0494999997317791], "MKrum": [0.8809999823570251, 0.8865000009536743, 0.9101999998092651, 0.890999972820282, 0.9020000100135803, 0.9006999731063843, 0.8884000182151794, 0.8967999815940857, 0.8640000224113464, 0.8853999972343445, 0.8977000117301941, 0.8819000124931335, 0.8865000009536743, 0.8989999890327454, 0.9107999801635742, 0.8967999815940857, 0.8774999976158142, 0.8718000054359436, 0.7836999893188477, 0.7319999933242798, 0.8113999962806702, 0.8082000017166138, 0.7669000029563904, 0.7851999998092651, 0.8539999723434448, 0.8295999765396118, 0.7447999715805054, 0.694100022315979, 0.7095000147819519, 0.6308000087738037, 0.5803999900817871, 0.7562000155448914, 0.5496000051498413, 0.8267999887466431, 0.9036999940872192, 0.8967999815940857, 0.887499988079071, 0.7738000154495239, 0.8112999796867371, 0.8246999979019165, 0.8737000226974487, 0.8148000240325928, 0.8456000089645386, 0.8206999897956848, 0.7677000164985657, 0.7833999991416931, 0.845300018787384, 0.870199978351593, 0.8442999720573425, 0.7746000289916992, 0.8034999966621399, 0.7451000213623047, 0.8281000256538391, 0.8652999997138977, 0.8876000046730042, 0.7982000112533569, 0.7982000112533569, 0.8062999844551086, 0.7921000123023987, 0.8036999702453613, 0.8019999861717224, 0.7287999987602234, 0.7099999785423279, 0.7771999835968018, 0.7016000151634216, 0.6150000095367432, 0.8166000247001648, 0.7192999720573425, 0.6883000135421753, 0.887499988079071, 0.8593999743461609, 0.8547000288963318, 0.8453999757766724, 0.7858999967575073, 0.7412999868392944, 0.6746000051498413, 0.8809999823570251, 0.9028000235557556, 0.8838000297546387, 0.9024999737739563, 0.8863999843597412, 0.8865000009536743, 0.8855999708175659, 0.8640999794006348, 0.9020000100135803, 0.9020000100135803, 0.9020000100135803, 0.9020000100135803, 0.9020000100135803, 0.9020000100135803, 0.9020000100135803, 0.9020000100135803, 0.8709999918937683, 0.8310999870300293, 0.8119999766349792, 0.784500002861023, 0.7243000268936157, 0.7904000282287598, 0.8486999869346619, 0.8995000123977661],