{"FedAvg": [0.8216000199317932, 0.800000011920929, 0.8745999932289124, 0.8831999897956848, 0.8827000260353088, 0.890500009059906, 0.8985000252723694, 0.8934999704360962, 0.8920999765396118, 0.8891000151634216, 0.8809000253677368, 0.8833000063896179, 0.8859999775886536, 0.9025999903678894, 0.8805000185966492, 0.8855000138282776, 0.9024999737739563, 0.8865000009536743, 0.9025999903678894, 0.8865000009536743, 0.8999999761581421, 0.8863999843597412, 0.902400016784668, 0.8865000009536743, 0.9025999903678894, 0.8862000107765198, 0.9017000198364258, 0.8851000070571899, 0.8977000117301941, 0.885200023651123, 0.8971999883651733, 0.8646000027656555, 0.8826000094413757, 0.8544999957084656, 0.8234999775886536, 0.7728000283241272, 0.7315999865531921, 0.7218000292778015, 0.6974999904632568, 0.6509000062942505, 0.6137999892234802, 0.5170000195503235, 0.5394999980926514, 0.45210000872612, 0.4424999952316284, 0.33410000801086426, 0.27730000019073486, 0.3125, 0.4478999972343445, 0.3630000054836273, 0.2718000113964081, 0.26330000162124634, 0.2777000069618225, 0.45249998569488525, 0.6166999936103821, 0.5583999752998352, 0.5121999979019165, 0.5554999709129333, 0.572700023651123, 0.8819000124931335, 0.8822000026702881, 0.8865000009536743, 0.8865000009536743, 0.8865000009536743, 0.8865000009536743, 0.8865000009536743, 0.8865000009536743, 0.8865000009536743, 0.8865000009536743, 0.8865000009536743, 0.8865000009536743, 0.8865000009536743, 0.8865000009536743, 0.8865000009536743, 0.8865000009536743, 0.8865000009536743, 0.8865000009536743, 0.8865000009536743, 0.8865000009536743, 0.8865000009536743, 0.8865000009536743, 0.8865000009536743, 0.8865000009536743, 0.8865000009536743, 0.8865000009536743, 0.8865000009536743, 0.8865000009536743, 0.8865000009536743, 0.8865000009536743, 0.8865000009536743, 0.8865000009536743, 0.8865000009536743, 0.8865000009536743, 0.8865000009536743, 0.8865000009536743, 0.8865000009536743, 0.8865000009536743, 0.8865000009536743, 0.8865000009536743, 0.8865000009536743], "Median": [0.8014000058174133, 0.7386000156402588, 0.6420999765396118, 0.5877000093460083, 0.41999998688697815, 0.29679998755455017, 0.3070000112056732, 0.2143000066280365, 0.2264000028371811, 0.17030000686645508, 0.19589999318122864, 0.14869999885559082, 0.17520000040531158, 0.14300000667572021, 0.11800000071525574, 0.11999999731779099, 0.13420000672340393, 0.1111999973654747, 0.11330000311136246, 0.09849999845027924, 0.10029999911785126, 0.11469999700784683, 0.09549999982118607, 0.09070000052452087, 0.09799999743700027, 0.10289999842643738, 0.12120000272989273, 0.09889999777078629, 0.09510000050067902, 0.09830000251531601, 0.09740000218153, 0.10000000149011612, 0.09939999878406525, 0.09179999679327011, 0.0908999964594841, 0.10989999771118164, 0.08510000258684158, 0.10320000350475311, 0.08609999716281891, 0.08829999715089798, 0.08190000057220459, 0.08399999886751175, 0.08460000157356262, 0.08190000057220459, 0.07909999787807465, 0.08269999921321869, 0.0786999985575676, 0.07959999889135361, 0.08609999716281891, 0.07249999791383743, 0.07440000027418137, 0.0723000019788742, 0.0697999969124794, 0.08340000361204147, 0.06949999928474426, 0.06939999759197235, 0.07039999961853027, 0.06830000132322311, 0.07190000265836716, 0.06880000233650208, 0.06549999862909317, 0.0706000030040741, 0.06830000132322311, 0.0697999969124794, 0.06689999997615814, 0.06750000268220901, 0.06629999727010727, 0.06419999897480011, 0.0649000033736229, 0.061500001698732376, 0.06030000001192093, 0.06379999965429306, 0.06080000102519989, 0.06260000169277191, 0.06530000269412994, 0.06700000166893005, 0.0632999986410141, 0.06790000200271606, 0.06199999898672104, 0.062300000339746475, 0.06300000101327896, 0.06350000202655792, 0.061500001698732376, 0.062300000339746475, 0.06539999693632126, 0.06120000034570694, 0.06019999831914902, 0.05939999967813492, 0.061799999326467514, 0.05990000069141388, 0.05950000137090683, 0.05869999900460243, 0.0625, 0.06109999865293503, 0.060499999672174454, 0.06040000170469284, 0.05920000001788139, 0.06109999865293503, 0.06019999831914902, 0.05900000035762787], "MKrum": [0.8809999823570251, 0.9032999873161316, 0.8867999911308289, 0.8970999717712402, 0.8865000009536743, 0.8910999894142151, 0.871999979019165, 0.9025999903678894, 0.8989999890327454, 0.8797000050544739, 0.8327999711036682, 0.9025999903678894, 0.8967999815940857, 0.8967999815940857, 0.894599974155426, 0.8989999890327454, 0.9025999903678894, 0.9107999801635742, 0.90420001745224, 0.8852999806404114, 0.8629000186920166, 0.9024999737739563, 0.8927000164985657, 0.8828999996185303, 0.8180000185966492, 0.8217999935150146, 0.8029000163078308, 0.8514000177383423, 0.8086000084877014, 0.7914999723434448, 0.8646000027656555, 0.8083999752998352, 0.7892000079154968, 0.7587000131607056, 0.7495999932289124, 0.7182999849319458, 0.8180999755859375, 0.7839000225067139, 0.711899995803833, 0.7092000246047974, 0.8264999985694885, 0.7300999760627747, 0.8758999705314636, 0.7549999952316284, 0.7488999962806702, 0.7357000112533569, 0.7236999869346619, 0.7401999831199646, 0.7384999990463257, 0.8910999894142151, 0.8863000273704529, 0.8809000253677368, 0.90420001745224, 0.90420001745224, 0.90420001745224, 0.90420001745224, 0.90420001745224, 0.90420001745224, 0.90420001745224, 0.8762999773025513, 0.9107999801635742, 0.8859999775886536, 0.895799994468689, 0.8234999775886536, 0.8003000020980835, 0.8104000091552734, 0.8274000287055969, 0.819599986076355, 0.7973999977111816, 0.8047000169754028, 0.7612000107765198, 0.7358999848365784, 0.8379999995231628, 0.6782000064849854, 0.8884999752044678, 0.7070000171661377, 0.6499000191688538, 0.8865000009536743, 0.8865000009536743, 0.8865000009536743, 0.8865000009536743, 0.8865000009536743, 0.886900007724762, 0.8865000009536743, 0.8865000009536743, 0.8865000009536743, 0.9003000259399414, 0.8865000009536743, 0.8865000009536743, 0.8865000009536743, 0.8865000009536743, 0.8865000009536743, 0.8865000009536743, 0.8865000009536743, 0.8865000009536743, 0.8984000086784363, 0.9107999801635742, 0.90420001745224, 0.8967999815940857, 0.9017999768257141],