{"FedAvg": [0.8705999851226807, 0.8525000214576721, 0.8319000005722046, 0.7211999893188477, 0.8331999778747559, 0.7052000164985657, 0.7063000202178955, 0.605400025844574, 0.4742000102996826, 0.8165000081062317, 0.8914999961853027, 0.8977000117301941, 0.9017999768257141, 0.9017999768257141, 0.9017999768257141, 0.9017999768257141, 0.9017999768257141, 0.9017999768257141, 0.9017999768257141, 0.9017999768257141, 0.9017999768257141, 0.9017999768257141, 0.9017999768257141, 0.9017999768257141, 0.9017999768257141, 0.9017999768257141, 0.9017999768257141, 0.9017999768257141, 0.9017999768257141, 0.9017999768257141, 0.9017999768257141, 0.9017999768257141, 0.9017999768257141, 0.9017999768257141, 0.9017999768257141, 0.9017999768257141, 0.9017999768257141, 0.9017999768257141, 0.9017999768257141, 0.9017999768257141, 0.9017999768257141, 0.9017999768257141, 0.9017999768257141, 0.9017999768257141, 0.9017999768257141, 0.9017999768257141, 0.9017999768257141, 0.9017999768257141, 0.9017999768257141, 0.9017999768257141, 0.9017999768257141, 0.9017999768257141, 0.9017999768257141, 0.9017999768257141, 0.9017999768257141, 0.9017999768257141, 0.9017999768257141, 0.9017999768257141, 0.9017999768257141, 0.9017999768257141, 0.9017999768257141, 0.9017999768257141, 0.9017999768257141, 0.9018999934196472, 0.9017999768257141, 0.9017999768257141, 0.9017999768257141, 0.9017999768257141, 0.9017999768257141, 0.9017999768257141, 0.9017999768257141, 0.9017999768257141, 0.9017999768257141, 0.9017999768257141, 0.9017999768257141, 0.9017999768257141, 0.9017999768257141, 0.9017999768257141, 0.9017999768257141, 0.9017999768257141, 0.9017999768257141, 0.9017999768257141, 0.9017999768257141, 0.9017999768257141, 0.9017999768257141, 0.9017999768257141, 0.9017999768257141, 0.9017999768257141, 0.9017999768257141, 0.9017999768257141, 0.9017999768257141, 0.9017999768257141, 0.9017999768257141, 0.9017999768257141, 0.9017999768257141, 0.9017999768257141, 0.9017999768257141, 0.9017999768257141, 0.9017999768257141, 0.9017999768257141], "Median": [0.7246999740600586, 0.6811000108718872, 0.41359999775886536, 0.2994000017642975, 0.1907999962568283, 0.1615000069141388, 0.1754000037908554, 0.18070000410079956, 0.11670000106096268, 0.14749999344348907, 0.11410000175237656, 0.11779999732971191, 0.10970000177621841, 0.10100000351667404, 0.1128000020980835, 0.1128000020980835, 0.10239999741315842, 0.09030000120401382, 0.09040000289678574, 0.09539999812841415, 0.08749999850988388, 0.09300000220537186, 0.09139999747276306, 0.09740000218153, 0.08420000225305557, 0.09520000219345093, 0.09040000289678574, 0.08460000157356262, 0.08380000293254852, 0.08460000157356262, 0.07739999890327454, 0.07349999994039536, 0.07209999859333038, 0.0738999992609024, 0.07599999755620956, 0.07249999791383743, 0.0722000002861023, 0.07090000063180923, 0.07169999927282333, 0.07429999858140945, 0.07909999787807465, 0.07450000196695328, 0.06769999861717224, 0.06970000267028809, 0.06589999794960022, 0.0674000009894371, 0.06400000303983688, 0.07289999723434448, 0.06729999929666519, 0.06989999860525131, 0.07270000129938126, 0.06949999928474426, 0.07050000131130219, 0.07129999995231628, 0.06400000303983688, 0.06300000101327896, 0.07129999995231628, 0.06390000134706497, 0.06870000064373016, 0.06129999831318855, 0.0608999989926815, 0.060600001364946365, 0.05979999899864197, 0.05950000137090683, 0.057999998331069946, 0.06419999897480011, 0.05849999934434891, 0.06019999831914902, 0.05939999967813492, 0.0575999990105629, 0.05649999901652336, 0.05920000001788139, 0.06080000102519989, 0.0575999990105629, 0.05860000103712082, 0.057999998331069946, 0.05820000171661377, 0.05979999899864197, 0.05649999901652336, 0.05620000138878822, 0.05979999899864197, 0.05649999901652336, 0.05590000003576279, 0.06350000202655792, 0.05389999970793724, 0.05640000104904175, 0.05790000036358833, 0.06109999865293503, 0.056699998676776886, 0.05609999969601631, 0.054099999368190765, 0.05620000138878822, 0.05689999833703041, 0.0568000003695488, 0.054099999368190765, 0.05889999866485596, 0.05700000002980232, 0.05510000139474869, 0.05209999904036522, 0.0575999990105629], "MKrum": [0.7445999979972839, 0.7128999829292297, 0.7089999914169312, 0.8166000247001648, 0.8687000274658203, 0.7114999890327454, 0.40869998931884766, 0.498199999332428, 0.6620000004768372, 0.8827999830245972, 0.8902000188827515, 0.90420001745224, 0.90420001745224, 0.90420001745224, 0.90420001745224, 0.90420001745224, 0.90420001745224, 0.90420001745224, 0.9013000130653381, 0.90420001745224, 0.9020000100135803, 0.8967999815940857, 0.8967999815940857, 0.8992000222206116, 0.9025999903678894, 0.8989999890327454, 0.9020000100135803, 0.8770999908447266, 0.8955000042915344, 0.8991000056266785, 0.8971999883651733, 0.8888999819755554, 0.9020000100135803, 0.8938999772071838, 0.8949999809265137, 0.8476999998092651, 0.8776999711990356, 0.8518999814987183, 0.8859999775886536, 0.9017999768257141, 0.9017999768257141, 0.9017999768257141, 0.9017999768257141, 0.8971999883651733, 0.8991000056266785, 0.8991000056266785, 0.8991000056266785, 0.9025999903678894, 0.8884999752044678, 0.8973000049591064, 0.8971999883651733, 0.8812999725341797, 0.8677999973297119, 0.896399974822998, 0.8482000231742859, 0.9071999788284302, 0.7972999811172485, 0.8216999769210815, 0.880299985408783, 0.8858000040054321, 0.819100022315979, 0.7447999715805054, 0.7849000096321106, 0.8964999914169312, 0.8463000059127808, 0.8127999901771545, 0.6694999933242798, 0.7702000141143799, 0.5400000214576721, 0.8497999906539917, 0.8518999814987183, 0.883400022983551, 0.7674999833106995, 0.6607999801635742, 0.6270999908447266, 0.8360000252723694, 0.6873999834060669, 0.8579000234603882, 0.6992999911308289, 0.7253999710083008, 0.7775999903678894, 0.7527999877929688, 0.6575000286102295, 0.6251000165939331, 0.6201000213623047, 0.6956999897956848, 0.8521999716758728, 0.6650999784469604, 0.8988999724388123, 0.8727999925613403, 0.84170001745224, 0.8219000101089478, 0.7109000086784363, 0.6467999815940857, 0.7652000188827515, 0.6523000001907349, 0.8884999752044678, 0.8323000073432922, 0.6743999719619751, 0.6172000169754028],