{"FedAvg": [0.875, 0.8651000261306763, 0.8648999929428101, 0.8694000244140625, 0.7943000197410583, 0.7670999765396118, 0.7692000269889832, 0.7991999983787537, 0.6851999759674072, 0.9021999835968018, 0.8984000086784363, 0.8989999890327454, 0.8697999715805054, 0.9031000137329102, 0.8999000191688538, 0.8787999749183655, 0.8871999979019165, 0.8704000115394592, 0.8805000185966492, 0.8797000050544739, 0.8797000050544739, 0.8745999932289124, 0.8766999840736389, 0.878600001335144, 0.878600001335144, 0.8712999820709229, 0.8748999834060669, 0.8798999786376953, 0.8981000185012817, 0.8744999766349792, 0.8687999844551086, 0.8845000267028809, 0.8853999972343445, 0.8852999806404114, 0.8860999941825867, 0.8794999718666077, 0.8704000115394592, 0.8938999772071838, 0.8837000131607056, 0.8859999775886536, 0.8729000091552734, 0.869700014591217, 0.8729000091552734, 0.8809000253677368, 0.8676999807357788, 0.8812999725341797, 0.885699987411499, 0.8842999935150146, 0.8859999775886536, 0.8780999779701233, 0.8805000185966492, 0.8751999735832214, 0.8862000107765198, 0.8651999831199646, 0.864799976348877, 0.8626999855041504, 0.8629000186920166, 0.8899000287055969, 0.8621000051498413, 0.8826000094413757, 0.8672000169754028, 0.8988999724388123, 0.8618000149726868, 0.8737999796867371, 0.8776999711990356, 0.8860999941825867, 0.8712000250816345, 0.8658000230789185, 0.8852999806404114, 0.8629999756813049, 0.8683000206947327, 0.8669999837875366, 0.8640000224113464, 0.8691999912261963, 0.8598999977111816, 0.8650000095367432, 0.8679999709129333, 0.8547999858856201, 0.8553000092506409, 0.8579000234603882, 0.8677999973297119, 0.8531000018119812, 0.861299991607666, 0.8485000133514404, 0.8467000126838684, 0.8482000231742859, 0.8432000279426575, 0.890999972820282, 0.8652999997138977, 0.857200026512146, 0.857200026512146, 0.8537999987602234, 0.8345999717712402, 0.8375999927520752, 0.849399983882904, 0.8543999791145325, 0.8342000246047974, 0.8258000016212463, 0.8227999806404114, 0.8348000049591064], "Median": [0.7389000058174133, 0.6643000245094299, 0.43389999866485596, 0.5745000243186951, 0.3630000054836273, 0.40459999442100525, 0.2248000055551529, 0.2493000030517578, 0.17749999463558197, 0.18539999425411224, 0.14059999585151672, 0.15970000624656677, 0.12139999866485596, 0.1264999955892563, 0.10649999976158142, 0.10679999738931656, 0.11140000075101852, 0.11010000109672546, 0.09809999912977219, 0.1014999970793724, 0.1014999970793724, 0.10189999639987946, 0.11479999870061874, 0.10830000042915344, 0.10899999737739563, 0.13040000200271606, 0.11460000276565552, 0.09470000118017197, 0.10279999673366547, 0.10480000078678131, 0.0925000011920929, 0.09229999780654907, 0.09189999848604202, 0.09510000050067902, 0.10000000149011612, 0.08529999852180481, 0.09099999815225601, 0.08900000154972076, 0.08720000088214874, 0.10589999705553055, 0.09059999883174896, 0.08950000256299973, 0.08429999649524689, 0.1120000034570694, 0.09160000085830688, 0.09210000187158585, 0.08820000290870667, 0.08649999648332596, 0.09019999951124191, 0.08940000087022781, 0.08869999647140503, 0.08560000360012054, 0.0843999981880188, 0.08060000091791153, 0.08079999685287476, 0.07800000160932541, 0.07810000330209732, 0.0794999971985817, 0.08209999650716782, 0.08020000159740448, 0.07880000025033951, 0.08060000091791153, 0.0746999979019165, 0.0771000012755394, 0.07819999754428864, 0.0746999979019165, 0.07680000364780426, 0.07199999690055847, 0.07419999688863754, 0.07029999792575836, 0.07000000029802322, 0.07909999787807465, 0.07159999758005142, 0.0754999965429306, 0.07540000230073929, 0.07980000227689743, 0.07249999791383743, 0.07410000264644623, 0.07259999960660934, 0.06939999759197235, 0.07209999859333038, 0.07000000029802322, 0.06830000132322311, 0.0689999982714653, 0.0658000037074089, 0.07000000029802322, 0.06710000336170197, 0.06499999761581421, 0.06629999727010727, 0.0674000009894371, 0.06759999692440033, 0.06639999896287918, 0.06650000065565109, 0.06930000334978104, 0.0649000033736229, 0.06859999895095825, 0.06459999829530716, 0.06639999896287918, 0.065700002014637, 0.06710000336170197], "MKrum": [0.789900004863739, 0.8203999996185303, 0.7354999780654907, 0.8708999752998352, 0.8762000203132629, 0.8896999955177307, 0.900600016117096, 0.8978000283241272, 0.8865000009536743, 0.8865000009536743, 0.8865000009536743, 0.8865000009536743, 0.8788999915122986, 0.8880000114440918, 0.8865000009536743, 0.8981999754905701, 0.8950999975204468, 0.8970000147819519, 0.8472999930381775, 0.8495000004768372, 0.8968999981880188, 0.8669000267982483, 0.8676000237464905, 0.8565999865531921, 0.736299991607666, 0.8888999819755554, 0.7475000023841858, 0.6807000041007996, 0.7851999998092651, 0.6697999835014343, 0.8989999890327454, 0.9025999903678894, 0.9025999903678894, 0.9025999903678894, 0.9025999903678894, 0.9025999903678894, 0.9025999903678894, 0.8865000009536743, 0.8865000009536743, 0.8865000009536743, 0.8865000009536743, 0.90420001745224, 0.8991000056266785, 0.9013000130653381, 0.8621000051498413, 0.8899999856948853, 0.7735999822616577, 0.7421000003814697, 0.8845000267028809, 0.8381999731063843, 0.7508999705314636, 0.9010999798774719, 0.8930000066757202, 0.9017999768257141, 0.9017999768257141, 0.9017999768257141, 0.9017999768257141, 0.9017999768257141, 0.9017999768257141, 0.8989999890327454, 0.9025999903678894, 0.9025999903678894, 0.9025999903678894, 0.8859000205993652, 0.8865000009536743, 0.9020000100135803, 0.8339999914169312, 0.8938000202178955, 0.8865000009536743, 0.9041000008583069, 0.9034000039100647, 0.8427000045776367, 0.8389000296592712, 0.847599983215332, 0.8087000250816345, 0.8266000151634216, 0.8009999990463257, 0.8971999883651733, 0.9010999798774719, 0.8992000222206116, 0.8998000025749207, 0.9017999768257141, 0.9017999768257141, 0.9017999768257141, 0.9017999768257141, 0.9017999768257141, 0.9017999768257141, 0.9017999768257141, 0.9025999903678894, 0.9039000272750854, 0.8967000246047974, 0.8865000009536743, 0.8986999988555908, 0.8989999890327454, 0.8967999815940857, 0.9020000100135803, 0.9107999801635742, 0.9020000100135803, 0.8971999883651733, 0.9025999903678894],