{"FedAvg": [0.8379999995231628, 0.8384000062942505, 0.8489000201225281, 0.6837000250816345, 0.8141000270843506, 0.8804000020027161, 0.9009000062942505, 0.9007999897003174, 0.8962000012397766, 0.9021000266075134, 0.9002000093460083, 0.8986999988555908, 0.8928999900817871, 0.896399974822998, 0.8937000036239624, 0.8971999883651733, 0.8973000049591064, 0.8964999914169312, 0.8956000208854675, 0.9017999768257141, 0.8978000283241272, 0.90420001745224, 0.9036999940872192, 0.9016000032424927, 0.9017999768257141, 0.8952000141143799, 0.90420001745224, 0.9039999842643738, 0.9039000272750854, 0.9023000001907349, 0.8953999876976013, 0.9013000130653381, 0.8938000202178955, 0.8952999711036682, 0.8952999711036682, 0.9020000100135803, 0.8960999846458435, 0.9016000032424927, 0.8964999914169312, 0.8995000123977661, 0.9017000198364258, 0.8978999853134155, 0.9039999842643738, 0.9020000100135803, 0.9020000100135803, 0.9020000100135803, 0.9020000100135803, 0.9020000100135803, 0.9020000100135803, 0.9020000100135803, 0.9020000100135803, 0.9020000100135803, 0.9020000100135803, 0.9020000100135803, 0.9020000100135803, 0.9020000100135803, 0.9020000100135803, 0.9020000100135803, 0.9020000100135803, 0.9020000100135803, 0.9020000100135803, 0.9020000100135803, 0.9020000100135803, 0.9020000100135803, 0.9020000100135803, 0.9020000100135803, 0.9020000100135803, 0.9020000100135803, 0.9020000100135803, 0.9020000100135803, 0.9020000100135803, 0.9020000100135803, 0.9020000100135803, 0.9020000100135803, 0.9020000100135803, 0.9020000100135803, 0.9020000100135803, 0.9020000100135803, 0.9020000100135803, 0.9020000100135803, 0.9020000100135803, 0.9020000100135803, 0.9020000100135803, 0.9020000100135803, 0.9020000100135803, 0.9020000100135803, 0.9020000100135803, 0.9020000100135803, 0.9020000100135803, 0.9020000100135803, 0.9020000100135803, 0.9020000100135803, 0.9020000100135803, 0.9020000100135803, 0.9021000266075134, 0.9020000100135803, 0.9020000100135803, 0.9020000100135803, 0.9020000100135803, 0.9020000100135803], "Median": [0.8149999976158142, 0.7813000082969666, 0.772599995136261, 0.646399974822998, 0.7114999890327454, 0.7516999840736389, 0.5206000208854675, 0.375900000333786, 0.4487999975681305, 0.30660000443458557, 0.26440000534057617, 0.19990000128746033, 0.17659999430179596, 0.16920000314712524, 0.16419999301433563, 0.22190000116825104, 0.20190000534057617, 0.17159999907016754, 0.1574999988079071, 0.14190000295639038, 0.14259999990463257, 0.12559999525547028, 0.12710000574588776, 0.11680000275373459, 0.12300000339746475, 0.11819999665021896, 0.12030000239610672, 0.11490000039339066, 0.11259999871253967, 0.1273999959230423, 0.12720000743865967, 0.12330000102519989, 0.11429999768733978, 0.10949999839067459, 0.10159999877214432, 0.10689999908208847, 0.10209999978542328, 0.10750000178813934, 0.10170000046491623, 0.10249999910593033, 0.09830000251531601, 0.1031000018119812, 0.1054999977350235, 0.12080000340938568, 0.10999999940395355, 0.10419999808073044, 0.10000000149011612, 0.09799999743700027, 0.11810000240802765, 0.09239999949932098, 0.09790000319480896, 0.10029999911785126, 0.09099999815225601, 0.0940999984741211, 0.09740000218153, 0.09929999709129333, 0.08889999985694885, 0.09229999780654907, 0.09009999781847, 0.08980000019073486, 0.08579999953508377, 0.08789999783039093, 0.08560000360012054, 0.08470000326633453, 0.08669999986886978, 0.08250000327825546, 0.09189999848604202, 0.08290000259876251, 0.08449999988079071, 0.08320000022649765, 0.09200000017881393, 0.0843999981880188, 0.07959999889135361, 0.08129999786615372, 0.08349999785423279, 0.08320000022649765, 0.07840000092983246, 0.07689999788999557, 0.07660000026226044, 0.07689999788999557, 0.07989999651908875, 0.10849999636411667, 0.08309999853372574, 0.08049999922513962, 0.07840000092983246, 0.07919999957084656, 0.07729999721050262, 0.07599999755620956, 0.07739999890327454, 0.07590000331401825, 0.07490000128746033, 0.07289999723434448, 0.07460000365972519, 0.07349999994039536, 0.07859999686479568, 0.07419999688863754, 0.07190000265836716, 0.07400000095367432, 0.07339999824762344, 0.07450000196695328], "MKrum": [0.8809999823570251, 0.9039000272750854, 0.897599995136261, 0.8849999904632568, 0.9013000130653381, 0.9021000266075134, 0.8967999815940857, 0.862500011920929, 0.8955000042915344, 0.873199999332428, 0.7505999803543091, 0.8647000193595886, 0.8798999786376953, 0.8554999828338623, 0.8567000031471252, 0.8777999877929688, 0.7455999851226807, 0.7422999739646912, 0.7131999731063843, 0.8848999738693237, 0.8363999724388123, 0.8306999802589417, 0.8788999915122986, 0.8865000009536743, 0.8865000009536743, 0.8712000250816345, 0.8445000052452087, 0.8215000033378601, 0.8806999921798706, 0.8903999924659729, 0.8123000264167786, 0.8082000017166138, 0.7990000247955322, 0.7950000166893005, 0.8123000264167786, 0.8238000273704529, 0.7946000099182129, 0.795799970626831, 0.7950999736785889, 0.7930999994277954, 0.7912999987602234, 0.7942000031471252, 0.7925000190734863, 0.8174999952316284, 0.7986000180244446, 0.7405999898910522, 0.7149999737739563, 0.7337999939918518, 0.890999972820282, 0.8424000144004822, 0.7639999985694885, 0.7190999984741211, 0.7522000074386597, 0.7200000286102295, 0.7472000122070312, 0.7067999839782715, 0.7146000266075134, 0.7080000042915344, 0.7088000178337097, 0.7534000277519226, 0.7656999826431274, 0.7894999980926514, 0.7390999794006348, 0.698199987411499, 0.692300021648407, 0.6980999708175659, 0.6647999882698059, 0.8245000243186951, 0.7038000226020813, 0.8593999743461609, 0.7397000193595886, 0.7825000286102295, 0.867900013923645, 0.7591999769210815, 0.7009999752044678, 0.836899995803833, 0.8222000002861023, 0.7167999744415283, 0.6942999958992004, 0.6984999775886536, 0.680400013923645, 0.7242000102996826, 0.8126999735832214, 0.7329000234603882, 0.6481000185012817, 0.6373000144958496, 0.6100999712944031, 0.8144000172615051, 0.6467000246047974, 0.8981000185012817, 0.90420001745224, 0.90420001745224, 0.90420001745224, 0.90420001745224, 0.90420001745224, 0.90420001745224, 0.90420001745224, 0.90420001745224, 0.90420001745224, 0.90420001745224],