{"FedAvg": [0.5282999873161316, 0.34599998593330383, 0.15289999544620514, 0.13439999520778656, 0.12219999730587006, 0.09549999982118607, 0.0917000025510788, 0.08250000327825546, 0.08860000222921371, 0.0869000032544136, 0.07670000195503235, 0.07159999758005142, 0.12620000541210175, 0.07540000230073929, 0.07639999687671661, 0.06719999760389328, 0.07000000029802322, 0.06669999659061432, 0.0674000009894371, 0.06880000233650208, 0.06530000269412994, 0.06199999898672104, 0.4902999997138977, 0.17159999907016754, 0.08089999854564667, 0.07680000364780426, 0.08820000290870667, 0.06880000233650208, 0.06930000334978104, 0.07010000199079514, 0.0697999969124794, 0.06909999996423721, 0.20600000023841858, 0.08290000259876251, 0.09950000047683716, 0.0812000036239624, 0.07320000231266022, 0.07649999856948853, 0.2152000069618225, 0.11840000003576279, 0.08020000159740448, 0.08169999718666077, 0.07329999655485153, 0.07240000367164612, 0.8238000273704529, 0.8578000068664551, 0.8284000158309937, 0.8197000026702881, 0.8167999982833862, 0.8148999810218811, 0.8299999833106995, 0.8320000171661377, 0.8026000261306763, 0.8406000137329102, 0.823199987411499, 0.8385000228881836, 0.8758000135421753, 0.8260999917984009, 0.8658000230789185, 0.8374999761581421, 0.8274000287055969, 0.7918999791145325, 0.7886999845504761, 0.7944999933242798, 0.8137000203132629, 0.804099977016449, 0.8539000153541565, 0.7900999784469604, 0.8011000156402588, 0.7699999809265137, 0.782800018787384, 0.7944999933242798, 0.7832000255584717, 0.8055999875068665, 0.8019999861717224, 0.8101000189781189, 0.7976999878883362, 0.8069999814033508, 0.7562000155448914, 0.7930999994277954, 0.7820000052452087, 0.7651000022888184, 0.7595999836921692, 0.742900013923645, 0.6920999884605408, 0.6919999718666077, 0.6973000168800354, 0.6740999817848206, 0.6263999938964844, 0.5899999737739563, 0.5608999729156494, 0.4519999921321869, 0.33629998564720154, 0.2639999985694885, 0.23119999468326569, 0.20110000669956207, 0.11240000277757645, 0.10700000077486038, 0.10209999978542328, 0.09830000251531601], "Median": [0.7547000050544739, 0.6694999933242798, 0.621999979019165, 0.4602000117301941, 0.28299999237060547, 0.20069999992847443, 0.11159999668598175, 0.10520000010728836, 0.09120000153779984, 0.08619999885559082, 0.08089999854564667, 0.07930000126361847, 0.0786999985575676, 0.07609999924898148, 0.07500000298023224, 0.07150000333786011, 0.06710000336170197, 0.06840000301599503, 0.06769999861717224, 0.06549999862909317, 0.06520000100135803, 0.06069999933242798, 0.061799999326467514, 0.057999998331069946, 0.060600001364946365, 0.05810000002384186, 0.05889999866485596, 0.057999998331069946, 0.05739999935030937, 0.054999999701976776, 0.057100001722574234, 0.05480000004172325, 0.05480000004172325, 0.05400000140070915, 0.052299998700618744, 0.054499998688697815, 0.053300000727176666, 0.053700000047683716, 0.05139999836683273, 0.051100000739097595, 0.049800001084804535, 0.05310000106692314, 0.050999999046325684, 0.051100000739097595, 0.04960000142455101, 0.05249999836087227, 0.052000001072883606, 0.048500001430511475, 0.046799998730421066, 0.046799998730421066, 0.04820000007748604, 0.04470000043511391, 0.04740000143647194, 0.04650000110268593, 0.04740000143647194, 0.04490000009536743, 0.04470000043511391, 0.04560000076889992, 0.04560000076889992, 0.04399999976158142, 0.04479999840259552, 0.04619999974966049, 0.04560000076889992, 0.04450000077486038, 0.04410000145435333, 0.04520000144839287, 0.04399999976158142, 0.04230000078678131, 0.04309999942779541, 0.04089999943971634, 0.04320000112056732, 0.04270000010728836, 0.04170000180602074, 0.04340000078082085, 0.04450000077486038, 0.04259999841451645, 0.042100001126527786, 0.042899999767541885, 0.04170000180602074, 0.04259999841451645, 0.04100000113248825, 0.043699998408555984, 0.04349999874830246, 0.04019999876618385, 0.04039999842643738, 0.04089999943971634, 0.042899999767541885, 0.039900001138448715, 0.0414000004529953, 0.04050000011920929, 0.04179999977350235, 0.039799999445676804, 0.04340000078082085, 0.0406000018119812, 0.04280000180006027, 0.04089999943971634, 0.04050000011920929, 0.038600001484155655, 0.0414000004529953, 0.04010000079870224], "MKrum": [0.8100000023841858, 0.45410001277923584, 0.33889999985694885, 0.22089999914169312, 0.30149999260902405, 0.3296000063419342, 0.1371999979019165, 0.13420000672340393, 0.6804999709129333, 0.25189998745918274, 0.2110999971628189, 0.12460000067949295, 0.13510000705718994, 0.09009999781847, 0.10840000212192535, 0.47870001196861267, 0.0949999988079071, 0.12399999797344208, 0.21170000731945038, 0.14790000021457672, 0.10379999876022339, 0.08980000019073486, 0.09740000218153, 0.257999986410141, 0.12030000239610672, 0.18889999389648438, 0.11219999939203262, 0.12939999997615814, 0.07769999653100967, 0.09030000120401382, 0.07599999755620956, 0.1151999980211258, 0.22930000722408295, 0.12770000100135803, 0.15760000050067902, 0.11590000241994858, 0.12139999866485596, 0.08269999921321869, 0.5526000261306763, 0.226500004529953, 0.31380000710487366, 0.09040000289678574, 0.14949999749660492, 0.08420000225305557, 0.1574999988079071, 0.21140000224113464, 0.17679999768733978, 0.3183000087738037, 0.11029999703168869, 0.1395999938249588, 0.1728000044822693, 0.16689999401569366, 0.08969999849796295, 0.287200003862381, 0.08950000256299973, 0.15109999477863312, 0.15309999883174896, 0.3555000126361847, 0.0982000008225441, 0.07609999924898148, 0.06970000267028809, 0.5313000082969666, 0.289900004863739, 0.09529999643564224, 0.0812000036239624, 0.08309999853372574, 0.07129999995231628, 0.10530000180006027, 0.13770000636577606, 0.06700000166893005, 0.08269999921321869, 0.08560000360012054, 0.16349999606609344, 0.07569999992847443, 0.2955000102519989, 0.09730000048875809, 0.06930000334978104, 0.07660000026226044, 0.08720000088214874, 0.1680999994277954, 0.06849999725818634, 0.1582999974489212, 0.09650000184774399, 0.07810000330209732, 0.18369999527931213, 0.13539999723434448, 0.10589999705553055, 0.22290000319480896, 0.3463999927043915, 0.14100000262260437, 0.08290000259876251, 0.09799999743700027, 0.08250000327825546, 0.07580000162124634, 0.635699987411499, 0.608299970626831, 0.3912999927997589, 0.10999999940395355, 0.09009999781847, 0.17440000176429749],