{"FedAvg": [0.5800999999046326, 0.415800005197525, 0.2264000028371811, 0.179299995303154, 0.1281999945640564, 0.1054999977350235, 0.08649999648332596, 0.09480000287294388, 0.08209999650716782, 0.08429999649524689, 0.07689999788999557, 0.06949999928474426, 0.12319999933242798, 0.07280000299215317, 0.08100000023841858, 0.06700000166893005, 0.06800000369548798, 0.08739999681711197, 0.06599999964237213, 0.17180000245571136, 0.1256999969482422, 0.06870000064373016, 0.4262000024318695, 0.6858000159263611, 0.5246000289916992, 0.1266999989748001, 0.10109999775886536, 0.08169999718666077, 0.08079999685287476, 0.3043000102043152, 0.09740000218153, 0.0860000029206276, 0.10409999638795853, 0.08550000190734863, 0.8693000078201294, 0.8920000195503235, 0.8992000222206116, 0.8991000056266785, 0.8991000056266785, 0.8991000056266785, 0.8945000171661377, 0.9000999927520752, 0.9018999934196472, 0.8978000283241272, 0.8930000066757202, 0.8906999826431274, 0.8974999785423279, 0.8837000131607056, 0.8985999822616577, 0.8981999754905701, 0.8978000283241272, 0.8777999877929688, 0.8830999732017517, 0.8949000239372253, 0.8866000175476074, 0.8978999853134155, 0.8959000110626221, 0.8863000273704529, 0.9006999731063843, 0.8970999717712402, 0.8981000185012817, 0.8959000110626221, 0.8978000283241272, 0.8998000025749207, 0.9010999798774719, 0.9003999829292297, 0.9017999768257141, 0.9017999768257141, 0.9017000198364258, 0.9017999768257141, 0.9017999768257141, 0.9017999768257141, 0.9017999768257141, 0.9017999768257141, 0.9017999768257141, 0.9017999768257141, 0.9017999768257141, 0.9017999768257141, 0.9017999768257141, 0.9017999768257141, 0.9017999768257141, 0.9017999768257141, 0.9017999768257141, 0.9017999768257141, 0.9017999768257141, 0.9017999768257141, 0.9017999768257141, 0.9017999768257141, 0.9017999768257141, 0.9017999768257141, 0.9017999768257141, 0.9017999768257141, 0.9017999768257141, 0.9017999768257141, 0.901199996471405, 0.9000999927520752, 0.8991000056266785, 0.8992000222206116, 0.8980000019073486, 0.8991000056266785], "Median": [0.7807999849319458, 0.7121000289916992, 0.6784999966621399, 0.486299991607666, 0.323199987411499, 0.2079000025987625, 0.1177000030875206, 0.10750000178813934, 0.09640000015497208, 0.09210000187158585, 0.08489999920129776, 0.08739999681711197, 0.0828000009059906, 0.07970000058412552, 0.07649999856948853, 0.07660000026226044, 0.07400000095367432, 0.07249999791383743, 0.07270000129938126, 0.06870000064373016, 0.06989999860525131, 0.0697999969124794, 0.06830000132322311, 0.06390000134706497, 0.06430000066757202, 0.06210000067949295, 0.06430000066757202, 0.06400000303983688, 0.05939999967813492, 0.06109999865293503, 0.05979999899864197, 0.060600001364946365, 0.05950000137090683, 0.06199999898672104, 0.05620000138878822, 0.05909999832510948, 0.05739999935030937, 0.0544000007212162, 0.05869999900460243, 0.05550000071525574, 0.054999999701976776, 0.058400001376867294, 0.05400000140070915, 0.05460000038146973, 0.05310000106692314, 0.05530000105500221, 0.05290000140666962, 0.052000001072883606, 0.05050000175833702, 0.0494999997317791, 0.05270000174641609, 0.046799998730421066, 0.051500000059604645, 0.05220000073313713, 0.04879999905824661, 0.048700001090765, 0.04650000110268593, 0.045899998396635056, 0.04800000041723251, 0.04610000178217888, 0.0471000000834465, 0.047600001096725464, 0.048500001430511475, 0.04610000178217888, 0.042899999767541885, 0.04800000041723251, 0.049300000071525574, 0.04410000145435333, 0.045899998396635056, 0.04390000179409981, 0.04529999941587448, 0.04439999908208847, 0.04540000110864639, 0.0430000014603138, 0.04430000111460686, 0.04479999840259552, 0.042500000447034836, 0.04430000111460686, 0.04320000112056732, 0.04320000112056732, 0.04430000111460686, 0.04390000179409981, 0.043699998408555984, 0.040300000458955765, 0.04399999976158142, 0.041999999433755875, 0.04309999942779541, 0.0414000004529953, 0.04259999841451645, 0.04039999842643738, 0.04270000010728836, 0.041999999433755875, 0.04600000008940697, 0.04340000078082085, 0.043800000101327896, 0.04280000180006027, 0.04050000011920929, 0.039799999445676804, 0.044199999421834946, 0.040699999779462814], "MKrum": [0.8507999777793884, 0.5698999762535095, 0.4025999903678894, 0.33799999952316284, 0.23680000007152557, 0.44690001010894775, 0.17430000007152557, 0.3878999948501587, 0.5900999903678894, 0.3813000023365021, 0.20880000293254852, 0.11969999969005585, 0.33880001306533813, 0.35359999537467957, 0.11909999698400497, 0.20190000534057617, 0.1615000069141388, 0.5349000096321106, 0.46619999408721924, 0.3018999993801117, 0.5187000036239624, 0.21940000355243683, 0.3935999870300293, 0.11020000278949738, 0.18060000240802765, 0.34279999136924744, 0.3073999881744385, 0.5978000164031982, 0.5810999870300293, 0.7939000129699707, 0.3264000117778778, 0.21170000731945038, 0.3294000029563904, 0.6969000101089478, 0.27889999747276306, 0.39469999074935913, 0.22200000286102295, 0.18700000643730164, 0.6754000186920166, 0.5879999995231628, 0.2777999937534332, 0.3490000069141388, 0.15150000154972076, 0.38339999318122864, 0.13259999454021454, 0.7820000052452087, 0.31850001215934753, 0.30570000410079956, 0.13609999418258667, 0.25949999690055847, 0.1826000064611435, 0.3589000105857849, 0.3253999948501587, 0.3901999890804291, 0.1386999934911728, 0.2529999911785126, 0.40389999747276306, 0.36160001158714294, 0.2540999948978424, 0.4293000102043152, 0.4537999927997589, 0.6639000177383423, 0.45170000195503235, 0.24169999361038208, 0.38339999318122864, 0.22939999401569366, 0.4823000133037567, 0.435699999332428, 0.20550000667572021, 0.37119999527931213, 0.35010001063346863, 0.25279998779296875, 0.17219999432563782, 0.33640000224113464, 0.19290000200271606, 0.7113999724388123, 0.733299970626831, 0.8605999946594238, 0.7832000255584717, 0.7282000184059143, 0.673799991607666, 0.7544000148773193, 0.5371000170707703, 0.21480000019073486, 0.8593999743461609, 0.6956999897956848, 0.7031000256538391, 0.8902000188827515, 0.8716999888420105, 0.8820000290870667, 0.909500002861023, 0.8925999999046326, 0.8845000267028809, 0.8737999796867371, 0.900600016117096, 0.8586999773979187, 0.843999981880188, 0.836899995803833, 0.7911999821662903, 0.7767999768257141],