{"FedAvg": [0.5871000289916992, 0.33809998631477356, 0.18310000002384186, 0.5128999948501587, 0.30550000071525574, 0.2402999997138977, 0.31679999828338623, 0.19210000336170197, 0.5205000042915344, 0.1671999990940094, 0.13850000500679016, 0.8741999864578247, 0.8562999963760376, 0.8773999810218811, 0.8730999827384949, 0.8842999935150146, 0.8931999802589417, 0.8971999883651733, 0.8949999809265137, 0.9017999768257141, 0.9017999768257141, 0.9017999768257141, 0.9018999934196472, 0.9013000130653381, 0.8980000019073486, 0.8977000117301941, 0.88919997215271, 0.8971999883651733, 0.8971999883651733, 0.8971999883651733, 0.8971999883651733, 0.8971999883651733, 0.8971999883651733, 0.8971999883651733, 0.8971999883651733, 0.8971999883651733, 0.8971999883651733, 0.8971999883651733, 0.8971999883651733, 0.8971999883651733, 0.8971999883651733, 0.8971999883651733, 0.8971999883651733, 0.8971999883651733, 0.8971999883651733, 0.8971999883651733, 0.8971999883651733, 0.8971999883651733, 0.8971999883651733, 0.8971999883651733, 0.8971999883651733, 0.8971999883651733, 0.8971999883651733, 0.8971999883651733, 0.8971999883651733, 0.8971999883651733, 0.8971999883651733, 0.8971999883651733, 0.8971999883651733, 0.8971999883651733, 0.8971999883651733, 0.8971999883651733, 0.8971999883651733, 0.8971999883651733, 0.8971999883651733, 0.8971999883651733, 0.8971999883651733, 0.8971999883651733, 0.8971999883651733, 0.8971999883651733, 0.8971999883651733, 0.8971999883651733, 0.8971999883651733, 0.8971999883651733, 0.8971999883651733, 0.8971999883651733, 0.8971999883651733, 0.8971999883651733, 0.8971999883651733, 0.8971999883651733, 0.8971999883651733, 0.8971999883651733, 0.8971999883651733, 0.8971999883651733, 0.8971999883651733, 0.8971999883651733, 0.8971999883651733, 0.8971999883651733, 0.8971999883651733, 0.8971999883651733, 0.8971999883651733, 0.8971999883651733, 0.8971999883651733, 0.8971999883651733, 0.8971999883651733, 0.8971999883651733, 0.8971999883651733, 0.8971999883651733, 0.8971999883651733, 0.8971999883651733], "Median": [0.7903000116348267, 0.7361999750137329, 0.635200023651123, 0.5525000095367432, 0.2964000105857849, 0.15940000116825104, 0.12309999763965607, 0.12460000067949295, 0.10329999774694443, 0.10859999805688858, 0.0997999981045723, 0.0957999974489212, 0.09279999881982803, 0.0917000025510788, 0.08429999649524689, 0.09279999881982803, 0.08669999986886978, 0.08420000225305557, 0.0812000036239624, 0.07959999889135361, 0.07769999653100967, 0.07909999787807465, 0.0738999992609024, 0.07750000059604645, 0.07569999992847443, 0.07699999958276749, 0.08259999752044678, 0.07259999960660934, 0.07190000265836716, 0.0754999965429306, 0.08299999684095383, 0.07900000363588333, 0.07479999959468842, 0.07000000029802322, 0.06360000371932983, 0.06849999725818634, 0.06679999828338623, 0.06549999862909317, 0.06780000030994415, 0.06440000236034393, 0.06419999897480011, 0.06109999865293503, 0.05849999934434891, 0.05990000069141388, 0.058400001376867294, 0.05909999832510948, 0.0575999990105629, 0.05820000171661377, 0.05429999902844429, 0.05249999836087227, 0.05559999868273735, 0.05209999904036522, 0.05649999901652336, 0.0544000007212162, 0.05510000139474869, 0.05209999904036522, 0.052000001072883606, 0.04960000142455101, 0.052299998700618744, 0.05079999938607216, 0.05090000107884407, 0.05139999836683273, 0.05270000174641609, 0.05050000175833702, 0.048900000751018524, 0.04800000041723251, 0.049300000071525574, 0.048500001430511475, 0.04910000041127205, 0.046799998730421066, 0.049800001084804535, 0.049800001084804535, 0.04740000143647194, 0.048900000751018524, 0.04910000041127205, 0.0502999983727932, 0.048700001090765, 0.04899999871850014, 0.04740000143647194, 0.04580000042915344, 0.04659999907016754, 0.048700001090765, 0.048700001090765, 0.04569999873638153, 0.04879999905824661, 0.04580000042915344, 0.048500001430511475, 0.04569999873638153, 0.05119999870657921, 0.04560000076889992, 0.04639999940991402, 0.04600000008940697, 0.04670000076293945, 0.04520000144839287, 0.04839999973773956, 0.04520000144839287, 0.04529999941587448, 0.04529999941587448, 0.045499999076128006, 0.04430000111460686], "MKrum": [0.8507999777793884, 0.546999990940094, 0.8641999959945679, 0.8723999857902527, 0.8985000252723694, 0.883400022983551, 0.8964999914169312, 0.8989999890327454, 0.9020000100135803, 0.9020000100135803, 0.9020000100135803, 0.9020000100135803, 0.9020000100135803, 0.9020000100135803, 0.8723999857902527, 0.8773999810218811, 0.909500002861023, 0.8253999948501587, 0.8449000120162964, 0.843999981880188, 0.7407000064849854, 0.7037000060081482, 0.7645999789237976, 0.7800999879837036, 0.49399998784065247, 0.8314999938011169, 0.791700005531311, 0.8995000123977661, 0.9107999801635742, 0.9107999801635742, 0.9107999801635742, 0.9107999801635742, 0.9107999801635742, 0.9107999801635742, 0.9107999801635742, 0.9107999801635742, 0.9107999801635742, 0.9107999801635742, 0.8971999883651733, 0.8971999883651733, 0.8971999883651733, 0.8971999883651733, 0.8971999883651733, 0.8967999815940857, 0.90420001745224, 0.8865000009536743, 0.9020000100135803, 0.8855000138282776, 0.8863000273704529, 0.890500009059906, 0.8543999791145325, 0.8666999936103821, 0.7716000080108643, 0.7738999724388123, 0.7847999930381775, 0.7706999778747559, 0.8260999917984009, 0.6748999953269958, 0.5784000158309937, 0.8809999823570251, 0.8978000283241272, 0.8986999988555908, 0.8865000009536743, 0.8988999724388123, 0.8865000009536743, 0.8865000009536743, 0.8865000009536743, 0.8865000009536743, 0.8865000009536743, 0.9101999998092651, 0.8865000009536743, 0.9010999798774719, 0.8862000107765198, 0.8865000009536743, 0.8862000107765198, 0.8323000073432922, 0.8730999827384949, 0.7566999793052673, 0.7896999716758728, 0.7911999821662903, 0.7515000104904175, 0.7839999794960022, 0.8187999725341797, 0.7871999740600586, 0.7102000117301941, 0.8410999774932861, 0.7609999775886536, 0.7901999950408936, 0.741100013256073, 0.7099999785423279, 0.7159000039100647, 0.6525999903678894, 0.8865000009536743, 0.8852999806404114, 0.9093999862670898, 0.8817999958992004, 0.9018999934196472, 0.886900007724762, 0.890999972820282, 0.8863000273704529],