{"FedAvg": [0.8999999761581421, 0.8080999851226807, 0.8877000212669373, 0.7350999712944031, 0.8069000244140625, 0.6945000290870667, 0.7831000089645386, 0.6937999725341797, 0.7421000003814697, 0.6632000207901001, 0.7218999862670898, 0.6467000246047974, 0.6955999732017517, 0.6322000026702881, 0.7096999883651733, 0.6287999749183655, 0.6622999906539917, 0.6222000122070312, 0.6656000018119812, 0.6118999719619751, 0.629800021648407, 0.6116999983787537, 0.6238999962806702, 0.6284000277519226, 0.6061000227928162, 0.618399977684021, 0.5982000231742859, 0.617900013923645, 0.5946000218391418, 0.6014000177383423, 0.5947999954223633, 0.607699990272522, 0.5906000137329102, 0.6133999824523926, 0.5860999822616577, 0.597599983215332, 0.593999981880188, 0.5911999940872192, 0.5889999866485596, 0.5932000279426575, 0.5842999815940857, 0.5978000164031982, 0.5806999802589417, 0.6057999730110168, 0.5734000205993652, 0.6029000282287598, 0.5735999941825867, 0.5824999809265137, 0.5782999992370605, 0.5918999910354614], "Median": [0.8651000261306763, 0.8992999792098999, 0.8281999826431274, 0.8666999936103821, 0.8055999875068665, 0.8622999787330627, 0.7831000089645386, 0.779699981212616, 0.7732999920845032, 0.7509999871253967, 0.7671999931335449, 0.7322999835014343, 0.7398999929428101, 0.7577999830245972, 0.7263000011444092, 0.718999981880188, 0.7070000171661377, 0.6977999806404114, 0.689300000667572, 0.6966999769210815, 0.6773999929428101, 0.6958000063896179, 0.6571000218391418, 0.6474999785423279, 0.6577000021934509, 0.6523000001907349, 0.6442999839782715, 0.6643999814987183, 0.6389999985694885, 0.6442000269889832, 0.635699987411499, 0.6280999779701233, 0.6139000058174133, 0.6262999773025513, 0.6378999948501587, 0.6183000206947327, 0.6215999722480774, 0.6100999712944031, 0.6158999800682068, 0.6128000020980835, 0.6072999835014343, 0.6183000206947327, 0.6068000197410583, 0.609000027179718, 0.6033999919891357, 0.6028000116348267, 0.6043999791145325, 0.6014000177383423, 0.6050000190734863, 0.5990999937057495], "MKrum": [0.8999999761581421, 0.8094000220298767, 0.8985000252723694, 0.7419999837875366, 0.7828999757766724, 0.7556999921798706, 0.7099000215530396, 0.7645000219345093, 0.6966999769210815, 0.7148000001907349, 0.6820999979972839, 0.6858000159263611, 0.6699000000953674, 0.64410001039505, 0.6618000268936157, 0.6385999917984009, 0.692300021648407, 0.6539999842643738, 0.6313999891281128, 0.6184999942779541, 0.6424000263214111, 0.6601999998092651, 0.6608999967575073, 0.6211000084877014, 0.6240000128746033, 0.6686000227928162, 0.6523000001907349, 0.6254000067710876, 0.6092000007629395, 0.6093000173568726, 0.6456999778747559, 0.6284000277519226, 0.6107000112533569, 0.6676999926567078, 0.6177999973297119, 0.6315000057220459, 0.6114000082015991, 0.6158999800682068, 0.6492999792098999, 0.6317999958992004, 0.6040999889373779, 0.617900013923645, 0.652400016784668, 0.6241000294685364, 0.607200026512146, 0.6050000190734863, 0.6692000031471252, 0.604200005531311, 0.618399977684021, 0.6146000027656555], "AFA": [0.8999999761581421, 0.8144999742507935, 0.8995000123977661, 0.7419999837875366, 0.8641999959945679, 0.7710000276565552, 0.8029999732971191, 0.7093999981880188, 0.805899977684021, 0.669700026512146, 0.7875000238418579, 0.6797000169754028, 0.7324000000953674, 0.6446999907493591, 0.7508000135421753, 0.6324999928474426, 0.729200005531311, 0.6240000128746033, 0.713100016117096, 0.6144000291824341, 0.6890000104904175, 0.6204000115394592, 0.6600000262260437, 0.6162999868392944, 0.6628000140190125, 0.6082000136375427, 0.6585000157356262, 0.6136999726295471, 0.6480000019073486, 0.6148999929428101, 0.6384000182151794, 0.6018999814987183, 0.6402999758720398, 0.6057000160217285, 0.6412000060081482, 0.6047000288963318, 0.6245999932289124, 0.6047999858856201, 0.6225000023841858, 0.5927000045776367, 0.6340000033378601, 0.5968999862670898, 0.6064000129699707, 0.5999000072479248, 0.5992000102996826, 0.6017000079154968, 0.5960000157356262, 0.5967000126838684, 0.6029999852180481, 0.5796999931335449], "FedMGDAplus": [0.8999999761581421, 0.7972999811172485, 0.7979000210762024, 0.7365999817848206, 0.7980999946594238, 0.7206000089645386, 0.7193999886512756, 0.7311999797821045, 0.6801999807357788, 0.6888999938964844, 0.659500002861023, 0.671500027179718, 0.65829998254776, 0.6230000257492065, 0.6514000296592712, 0.6273000240325928, 0.6291999816894531, 0.6147000193595886, 0.6420000195503235, 0.6442999839782715, 0.6406999826431274, 0.6276000142097473, 0.6200000047683716, 0.6238999962806702, 0.6194999814033508, 0.6237000226974487, 0.6607999801635742, 0.6146000027656555, 0.6147000193595886, 0.6200000047683716, 0.6291999816894531, 0.628600001335144, 0.6183000206947327, 0.6251999735832214, 0.6209999918937683, 0.629800021648407, 0.6226000189781189, 0.6205999851226807, 0.6446999907493591, 0.6338000297546387, 0.6230999827384949, 0.6255000233650208, 0.6251000165939331, 0.6236000061035156, 0.621999979019165, 0.6377000212669373, 0.6341000199317932, 0.6298999786376953, 0.6284000277519226, 0.6243000030517578], "CenteredClipping": [0.8939999938011169, 0.8999999761581421, 0.876800000667572, 0.8902000188827515, 0.8033999800682068, 0.8761000037193298, 0.7727000117301941, 0.7605999708175659, 0.7473999857902527, 0.7317000031471252, 0.7062000036239624, 0.7182000279426575, 0.6891999840736389, 0.6955000162124634, 0.6868000030517578, 0.6873999834060669, 0.6642000079154968, 0.6685000061988831, 0.6473000049591064, 0.6535000205039978, 0.6430000066757202, 0.6450999975204468, 0.6276000142097473, 0.6234999895095825, 0.6233999729156494, 0.6237000226974487, 0.6137999892234802, 0.6158000230789185, 0.6114000082015991, 0.6133000254631042, 0.6098999977111816, 0.611299991607666, 0.6097000241279602, 0.6021999716758728, 0.6035000085830688, 0.5999000072479248, 0.5945000052452087, 0.6100999712944031, 0.5972999930381775, 0.5882999897003174, 0.5975000262260437, 0.5863000154495239, 0.5906999707221985, 0.5831000208854675, 0.5918999910354614, 0.583899974822998, 0.5810999870300293, 0.5809000134468079, 0.5874999761581421, 0.5751000046730042], "RFCL": [0.8985999822616577, 0.8999999761581421, 0.8454999923706055, 0.8827999830245972, 0.8317000269889832, 0.8319000005722046, 0.8256000280380249, 0.7631000280380249, 0.7843999862670898, 0.7404999732971191, 0.6984999775886536, 0.7020999789237976, 0.7024000287055969, 0.7153000235557556, 0.6779999732971191, 0.695900022983551, 0.6495000123977661, 0.6644999980926514, 0.631600022315979, 0.638700008392334, 0.6305000185966492, 0.6262000203132629, 0.6100000143051147, 0.6283000111579895, 0.6126999855041504, 0.6158000230789185, 0.6118000149726868, 0.6046000123023987, 0.6011000275611877, 0.6053000092506409, 0.5981000065803528, 0.6097000241279602, 0.6003999710083008, 0.614300012588501, 0.5958999991416931, 0.6011999845504761, 0.5931000113487244, 0.590499997138977, 0.5982000231742859, 0.5903000235557556, 0.5899999737739563, 0.5873000025749207, 0.5849000215530396, 0.5803999900817871, 0.5983999967575073, 0.5934000015258789, 0.5781000256538391, 0.579200029373169, 0.5785999894142151, 0.576200008392334]}