{"FedAvg": [0.8999999761581421, 0.8877999782562256, 0.8999999761581421, 0.8912000060081482, 0.8999000191688538, 0.7669000029563904, 0.897599995136261, 0.7329000234603882, 0.8715000152587891, 0.7009999752044678, 0.86080002784729, 0.704800009727478, 0.84579998254776, 0.6775000095367432, 0.8636000156402588, 0.6481999754905701, 0.8417999744415283, 0.6499999761581421, 0.8360999822616577, 0.6449999809265137, 0.8216000199317932, 0.6234999895095825, 0.8248999714851379, 0.6309000253677368, 0.8008999824523926, 0.6406999826431274, 0.7937999963760376, 0.6434999704360962, 0.7857999801635742, 0.6420000195503235, 0.7718999981880188, 0.6413999795913696, 0.7541000247001648, 0.647599995136261, 0.7529000043869019, 0.6313999891281128, 0.7498000264167786, 0.6280999779701233, 0.7480999827384949, 0.6345999836921692, 0.7027000188827515, 0.6574000120162964, 0.6945000290870667, 0.6272000074386597, 0.703499972820282, 0.6366999745368958, 0.6783999800682068, 0.6516000032424927, 0.6628999710083008, 0.6639999747276306], "Median": [0.8999999761581421, 0.8949999809265137, 0.8999999761581421, 0.8906999826431274, 0.897599995136261, 0.8999999761581421, 0.8689000010490417, 0.8996999859809875, 0.9003999829292297, 0.8181999921798706, 0.9000999927520752, 0.8981999754905701, 0.8425999879837036, 0.8896999955177307, 0.8427000045776367, 0.8646000027656555, 0.8989999890327454, 0.8583999872207642, 0.8680999875068665, 0.8884000182151794, 0.8460000157356262, 0.8974000215530396, 0.8406000137329102, 0.867900013923645, 0.8540999889373779, 0.8525999784469604, 0.8694000244140625, 0.8288000226020813, 0.8176000118255615, 0.8578000068664551, 0.8252000212669373, 0.8543999791145325, 0.8062000274658203, 0.8131999969482422, 0.8356000185012817, 0.791100025177002, 0.8438000082969666, 0.808899998664856, 0.8133000135421753, 0.7967000007629395, 0.7918999791145325, 0.7955999970436096, 0.7628999948501587, 0.7788000106811523, 0.810699999332428, 0.8057000041007996, 0.7778000235557556, 0.7926999926567078, 0.7993999719619751, 0.777400016784668], "MKrum": [0.8999999761581421, 0.8292999863624573, 0.8999999761581421, 0.8105999827384949, 0.8999999761581421, 0.8651999831199646, 0.897599995136261, 0.7760000228881836, 0.8776999711990356, 0.7911999821662903, 0.8191999793052673, 0.746999979019165, 0.7490000128746033, 0.6967999935150146, 0.7311000227928162, 0.7063999772071838, 0.722000002861023, 0.7480999827384949, 0.6729999780654907, 0.7434999942779541, 0.7073000073432922, 0.6660000085830688, 0.6917999982833862, 0.6848999857902527, 0.6873000264167786, 0.685699999332428, 0.6578999757766724, 0.6664000153541565, 0.6281999945640564, 0.6596999764442444, 0.6485999822616577, 0.6514999866485596, 0.7142000198364258, 0.6571999788284302, 0.6517999768257141, 0.6559000015258789, 0.645799994468689, 0.6567999720573425, 0.7366999983787537, 0.6453999876976013, 0.6495000123977661, 0.6287000179290771, 0.6762999892234802, 0.6632999777793884, 0.6668999791145325, 0.6462000012397766, 0.6726999878883362, 0.633400022983551, 0.6805999875068665, 0.6261000037193298], "AFA": [0.8999999761581421, 0.8999999761581421, 0.8996999859809875, 0.8999999761581421, 0.8999999761581421, 0.8999999761581421, 0.8999999761581421, 0.8999999761581421, 0.8999999761581421, 0.8999999761581421, 0.8999999761581421, 0.8999999761581421, 0.8999999761581421, 0.8999999761581421, 0.8999999761581421, 0.8999999761581421, 0.8999999761581421, 0.8999999761581421, 0.8999999761581421, 0.8999999761581421, 0.8999999761581421, 0.8999999761581421, 0.8999999761581421, 0.8999999761581421, 0.8928999900817871, 0.8999999761581421, 0.7745000123977661, 0.8999000191688538, 0.7249000072479248, 0.8903999924659729, 0.7163000106811523, 0.8835999965667725, 0.7246999740600586, 0.8438000082969666, 0.6779999732971191, 0.8492000102996826, 0.6669999957084656, 0.8337000012397766, 0.6427000164985657, 0.7943000197410583, 0.6534000039100647, 0.7953000068664551, 0.6517000198364258, 0.7936000227928162, 0.6254000067710876, 0.7950999736785889, 0.6273999810218811, 0.7692000269889832, 0.625, 0.7803000211715698], "FedMGDAplus": [0.8999999761581421, 0.8999999761581421, 0.8999999761581421, 0.8999999761581421, 0.8996000289916992, 0.8999999761581421, 0.8999999761581421, 0.8999999761581421, 0.8953999876976013, 0.8999999761581421, 0.8959000110626221, 0.8977000117301941, 0.8974000215530396, 0.8928999900817871, 0.8995000123977661, 0.8963000178337097, 0.8986999988555908, 0.8977000117301941, 0.8981000185012817, 0.8981000185012817, 0.8988000154495239, 0.8982999920845032, 0.8992000222206116, 0.8982999920845032, 0.8992999792098999, 0.8985999822616577, 0.8992999792098999, 0.8992999792098999, 0.8986999988555908, 0.8991000056266785, 0.8992999792098999, 0.8992999792098999, 0.8996000289916992, 0.8996999859809875, 0.8996999859809875, 0.8999000191688538, 0.8999000191688538, 0.8999000191688538, 0.8999000191688538, 0.8999000191688538, 0.8999000191688538, 0.8999000191688538, 0.8999000191688538, 0.8999000191688538, 0.8999000191688538, 0.8999000191688538, 0.8999000191688538, 0.8999000191688538, 0.8999000191688538, 0.8999000191688538], "CenteredClipping": [0.8999999761581421, 0.8999999761581421, 0.8999999761581421, 0.8981000185012817, 0.8999999761581421, 0.880299985408783, 0.8999999761581421, 0.8982999920845032, 0.8999999761581421, 0.8989999890327454, 0.8998000025749207, 0.8407999873161316, 0.8996999859809875, 0.8136000037193298, 0.8935999870300293, 0.8068000078201294, 0.8863000273704529, 0.8011999726295471, 0.8766999840736389, 0.7821000218391418, 0.8761000037193298, 0.7717999815940857, 0.8626999855041504, 0.7746999859809875, 0.8385000228881836, 0.7592999935150146, 0.8374999761581421, 0.7860000133514404, 0.7788000106811523, 0.7512999773025513, 0.7799000144004822, 0.7249000072479248, 0.8528000116348267, 0.7098000049591064, 0.8252999782562256, 0.7347000241279602, 0.8371000289916992, 0.7282999753952026, 0.757099986076355, 0.7027000188827515, 0.7580000162124634, 0.6938999891281128, 0.8062000274658203, 0.6948999762535095, 0.765500009059906, 0.6740000247955322, 0.7892000079154968, 0.6877999901771545, 0.73089998960495, 0.6949999928474426], "RFCL": [0.871399998664856, 0.8999999761581421, 0.8992000222206116, 0.8391000032424927, 0.8306999802589417, 0.8385000228881836, 0.7601000070571899, 0.7056999802589417, 0.6960999965667725, 0.6966000199317932, 0.6858000159263611, 0.6687999963760376, 0.6651999950408936, 0.6615999937057495, 0.6449999809265137, 0.6288999915122986, 0.6290000081062317, 0.6463000178337097, 0.6237999796867371, 0.6175000071525574, 0.6175000071525574, 0.6283000111579895, 0.6129999756813049, 0.6342999935150146, 0.6060000061988831, 0.6003999710083008, 0.5986999869346619, 0.6046000123023987, 0.6031000018119812, 0.5989999771118164, 0.6068000197410583, 0.5918999910354614, 0.5914000272750854, 0.5884000062942505, 0.6074000000953674, 0.5900999903678894, 0.5971999764442444, 0.5823000073432922, 0.597100019454956, 0.595300018787384, 0.5936999917030334, 0.5856999754905701, 0.5967000126838684, 0.5828999876976013, 0.585099995136261, 0.5900999903678894, 0.5799999833106995, 0.5781999826431274, 0.589900016784668, 0.5799999833106995]}