{"FedAvg": [0.8999999761581421, 0.8431000113487244, 0.8999999761581421, 0.8079000115394592, 0.8949000239372253, 0.7281000018119812, 0.8695999979972839, 0.689300000667572, 0.8151999711990356, 0.697700023651123, 0.8238000273704529, 0.6597999930381775, 0.8084999918937683, 0.6410999894142151, 0.7799000144004822, 0.6380000114440918, 0.7760000228881836, 0.6255999803543091, 0.7576000094413757, 0.6229000091552734, 0.7444999814033508, 0.6420000195503235, 0.7098000049591064, 0.6310999989509583, 0.704800009727478, 0.6376000046730042, 0.6815000176429749, 0.6140000224113464, 0.6901999711990356, 0.6128000020980835, 0.6675000190734863, 0.6207000017166138, 0.6381000280380249, 0.6406000256538391, 0.6373999714851379, 0.6191999912261963, 0.6384999752044678, 0.6197999715805054, 0.659600019454956, 0.6035000085830688, 0.6424999833106995, 0.6092000007629395, 0.6437000036239624, 0.5954999923706055, 0.6381999850273132, 0.6098999977111816, 0.6144999861717224, 0.6223000288009644, 0.6047000288963318, 0.6434000134468079], "Median": [0.8999999761581421, 0.8999999761581421, 0.8621000051498413, 0.8999999761581421, 0.8425999879837036, 0.8992000222206116, 0.8212000131607056, 0.8989999890327454, 0.8535000085830688, 0.8464000225067139, 0.9006999731063843, 0.8129000067710876, 0.8707000017166138, 0.8241000175476074, 0.8754000067710876, 0.8238000273704529, 0.8458999991416931, 0.7986999750137329, 0.8296999931335449, 0.8288000226020813, 0.7663000226020813, 0.7735999822616577, 0.7793999910354614, 0.777899980545044, 0.7332000136375427, 0.7562000155448914, 0.7486000061035156, 0.7426999807357788, 0.7368999719619751, 0.7491000294685364, 0.7520999908447266, 0.7339000105857849, 0.7282999753952026, 0.7293999791145325, 0.7186999917030334, 0.710099995136261, 0.7325999736785889, 0.7170000076293945, 0.7236999869346619, 0.6780999898910522, 0.6823999881744385, 0.6801000237464905, 0.7146000266075134, 0.7002000212669373, 0.6974999904632568, 0.6680999994277954, 0.6894000172615051, 0.7006000280380249, 0.6912000179290771, 0.692799985408783], "MKrum": [0.8999999761581421, 0.8385000228881836, 0.8999999761581421, 0.788100004196167, 0.8237000107765198, 0.7644000053405762, 0.8346999883651733, 0.7663000226020813, 0.7210999727249146, 0.7746000289916992, 0.697700023651123, 0.7109000086784363, 0.6897000074386597, 0.6901000142097473, 0.678600013256073, 0.6744999885559082, 0.6906999945640564, 0.6704000234603882, 0.6722999811172485, 0.6459000110626221, 0.6589000225067139, 0.6782000064849854, 0.6707000136375427, 0.625, 0.6395999789237976, 0.6247000098228455, 0.6452000141143799, 0.7125999927520752, 0.6432999968528748, 0.628000020980835, 0.6237999796867371, 0.6266999840736389, 0.6259999871253967, 0.6535000205039978, 0.6431000232696533, 0.6169000267982483, 0.6468999981880188, 0.6208999752998352, 0.6455000042915344, 0.6464999914169312, 0.6064000129699707, 0.623199999332428, 0.6341000199317932, 0.6395000219345093, 0.6477000117301941, 0.633400022983551, 0.6068000197410583, 0.6079000234603882, 0.6057000160217285, 0.614799976348877], "AFA": [0.8999999761581421, 0.8554999828338623, 0.8999999761581421, 0.7918000221252441, 0.8999000191688538, 0.7631999850273132, 0.892799973487854, 0.7152000069618225, 0.8845999836921692, 0.6812999844551086, 0.8562999963760376, 0.6818000078201294, 0.849399983882904, 0.6603999733924866, 0.8420000076293945, 0.6428999900817871, 0.8325999975204468, 0.6410999894142151, 0.8084999918937683, 0.6398000121116638, 0.7993000149726868, 0.6367999911308289, 0.7674999833106995, 0.6342999935150146, 0.7498000264167786, 0.6305999755859375, 0.7516000270843506, 0.6425999999046326, 0.7487999796867371, 0.6324999928474426, 0.7368000149726868, 0.6233999729156494, 0.7350000143051147, 0.6183000206947327, 0.7348999977111816, 0.6297000050544739, 0.7070000171661377, 0.6319000124931335, 0.7009999752044678, 0.6294000148773193, 0.7075999975204468, 0.6115999817848206, 0.7164000272750854, 0.6097000241279602, 0.7228999733924866, 0.614799976348877, 0.7103000283241272, 0.6147000193595886, 0.6976000070571899, 0.6179999709129333], "FedMGDAplus": [0.8999999761581421, 0.8452000021934509, 0.8999999761581421, 0.8999999761581421, 0.8999999761581421, 0.8999999761581421, 0.8999999761581421, 0.8999999761581421, 0.8999999761581421, 0.8999999761581421, 0.8999999761581421, 0.8999999761581421, 0.8999999761581421, 0.8999999761581421, 0.8999999761581421, 0.8999999761581421, 0.8999999761581421, 0.8999999761581421, 0.8999999761581421, 0.8999999761581421, 0.8999999761581421, 0.8999999761581421, 0.8999999761581421, 0.8999999761581421, 0.8999999761581421, 0.8999999761581421, 0.8999999761581421, 0.8999999761581421, 0.8999999761581421, 0.8999999761581421, 0.8999999761581421, 0.8999999761581421, 0.8999999761581421, 0.8999999761581421, 0.8999999761581421, 0.8999999761581421, 0.8999999761581421, 0.8999999761581421, 0.8999999761581421, 0.8999999761581421, 0.8999999761581421, 0.8999999761581421, 0.8999999761581421, 0.8999999761581421, 0.8999999761581421, 0.8999999761581421, 0.8999999761581421, 0.8999999761581421, 0.8999999761581421, 0.8999999761581421], "CenteredClipping": [0.8999999761581421, 0.8999999761581421, 0.8989999890327454, 0.8988999724388123, 0.8999999761581421, 0.8446999788284302, 0.8737999796867371, 0.8410000205039978, 0.8650000095367432, 0.8690999746322632, 0.8321999907493591, 0.8343999981880188, 0.8364999890327454, 0.8169999718666077, 0.8223999738693237, 0.8450999855995178, 0.791700005531311, 0.7621999979019165, 0.8082000017166138, 0.7454000115394592, 0.7763000130653381, 0.7282000184059143, 0.7423999905586243, 0.7211999893188477, 0.7818999886512756, 0.7128999829292297, 0.6980000138282776, 0.6984999775886536, 0.7211999893188477, 0.717199981212616, 0.7297000288963318, 0.6714000105857849, 0.7006999850273132, 0.656499981880188, 0.6933000087738037, 0.6291000247001648, 0.7003999948501587, 0.6344000101089478, 0.6783999800682068, 0.6370000243186951, 0.6816999912261963, 0.6220999956130981, 0.6596999764442444, 0.6348999738693237, 0.6532999873161316, 0.6305999755859375, 0.6348999738693237, 0.6197999715805054, 0.6175000071525574, 0.6212000250816345], "RFCL": [0.8816999793052673, 0.8999999761581421, 0.8669000267982483, 0.8662999868392944, 0.8539999723434448, 0.8569999933242798, 0.800000011920929, 0.7511000037193298, 0.7717999815940857, 0.7232999801635742, 0.7055000066757202, 0.6766999959945679, 0.6502000093460083, 0.6500999927520752, 0.6650999784469604, 0.6489999890327454, 0.6638000011444092, 0.6252999901771545, 0.6299999952316284, 0.6449999809265137, 0.6171000003814697, 0.6331999897956848, 0.6118999719619751, 0.6031000018119812, 0.608299970626831, 0.6134999990463257, 0.6183000206947327, 0.5995000004768372, 0.6162999868392944, 0.598800003528595, 0.6003000140190125, 0.6025000214576721, 0.5875999927520752, 0.5974000096321106, 0.5939000248908997, 0.6090999841690063, 0.5906999707221985, 0.5900999903678894, 0.5946999788284302, 0.5879999995231628, 0.5807999968528748, 0.5867000222206116, 0.5852000117301941, 0.5859000086784363, 0.5849999785423279, 0.5925999879837036, 0.582099974155426, 0.585099995136261, 0.5820000171661377, 0.5848000049591064]}