{"FedAvg": [0.8203999996185303, 0.8163999915122986, 0.8533999919891357, 0.7882999777793884, 0.8162999749183655, 0.8008999824523926, 0.8230999708175659, 0.8050000071525574, 0.8676999807357788, 0.734499990940094, 0.8130999803543091, 0.7233999967575073, 0.8026000261306763, 0.7228000164031982, 0.7480000257492065, 0.7156000137329102, 0.7376999855041504, 0.7574999928474426, 0.7217000126838684, 0.7116000056266785, 0.7192999720573425, 0.7724000215530396, 0.7609999775886536, 0.722599983215332, 0.7139999866485596, 0.7889000177383423, 0.7432000041007996, 0.713699996471405, 0.7527999877929688, 0.7400000095367432, 0.7240999937057495, 0.713100016117096, 0.781000018119812, 0.7592999935150146, 0.8357999920845032, 0.7267000079154968, 0.8205000162124634, 0.7731000185012817, 0.819599986076355, 0.8001999855041504, 0.8047000169754028, 0.7328000068664551, 0.7297000288963318, 0.7864000201225281, 0.7073000073432922, 0.7512999773025513, 0.7153000235557556, 0.7455000281333923, 0.7818999886512756, 0.7218000292778015], "Median": [0.7753000259399414, 0.7537000179290771, 0.7616000175476074, 0.7146000266075134, 0.650600016117096, 0.6884999871253967, 0.6983000040054321, 0.6865000128746033, 0.6927000284194946, 0.6923999786376953, 0.699999988079071, 0.699400007724762, 0.6751000285148621, 0.6629999876022339, 0.6668999791145325, 0.6567999720573425, 0.6488000154495239, 0.6496000289916992, 0.6568999886512756, 0.6517999768257141, 0.6480000019073486, 0.6502000093460083, 0.6553999781608582, 0.6610000133514404, 0.6610999703407288, 0.6786999702453613, 0.6553999781608582, 0.666700005531311, 0.6617000102996826, 0.697700023651123, 0.6733999848365784, 0.6873000264167786, 0.6783999800682068, 0.6919999718666077, 0.6786999702453613, 0.6717000007629395, 0.6898999810218811, 0.6741999983787537, 0.6933000087738037, 0.6865000128746033, 0.6819999814033508, 0.6887000203132629, 0.6808000206947327, 0.6866000294685364, 0.6890000104904175, 0.6935999989509583, 0.6772000193595886, 0.6740000247955322, 0.6904000043869019, 0.6877999901771545], "MKrum": [0.8916000127792358, 0.8999999761581421, 0.8999999761581421, 0.8999999761581421, 0.8999999761581421, 0.8999999761581421, 0.8999999761581421, 0.8999999761581421, 0.8999999761581421, 0.8999999761581421, 0.8999999761581421, 0.8999999761581421, 0.8999999761581421, 0.8998000025749207, 0.8999999761581421, 0.8999999761581421, 0.8999999761581421, 0.8999999761581421, 0.8999999761581421, 0.8999999761581421, 0.9140999913215637, 0.8991000056266785, 0.8999999761581421, 0.8999999761581421, 0.8999999761581421, 0.8999999761581421, 0.8995000123977661, 0.8999999761581421, 0.8999999761581421, 0.8999999761581421, 0.8999999761581421, 0.8999999761581421, 0.8999999761581421, 0.8999999761581421, 0.8999999761581421, 0.8999999761581421, 0.8999999761581421, 0.8999999761581421, 0.8999999761581421, 0.8999999761581421, 0.8999999761581421, 0.8999000191688538, 0.8999999761581421, 0.8956999778747559, 0.8999999761581421, 0.8999999761581421, 0.8999999761581421, 0.8999999761581421, 0.8999999761581421, 0.8999999761581421], "AFA": [0.6624000072479248, 0.5651999711990356, 0.5555999875068665, 0.5367000102996826, 0.5645999908447266, 0.4562000036239624, 0.4514999985694885, 0.4083999991416931, 0.4165000021457672, 0.3946000039577484, 0.3806999921798706, 0.357699990272522, 0.358599990606308, 0.3537999987602234, 0.3343000113964081, 0.3109999895095825, 0.29589998722076416, 0.26579999923706055, 0.26260000467300415, 0.24899999797344208, 0.25360000133514404, 0.24869999289512634, 0.2498999983072281, 0.2498999983072281, 0.24580000340938568, 0.23960000276565552, 0.24240000545978546, 0.2379000037908554, 0.24060000479221344, 0.23600000143051147, 0.2410999983549118, 0.2386000007390976, 0.22990000247955322, 0.23270000517368317, 0.2345999926328659, 0.22699999809265137, 0.2354000061750412, 0.22699999809265137, 0.23309999704360962, 0.2215999960899353, 0.2214999943971634, 0.22499999403953552, 0.22120000422000885, 0.2223999947309494, 0.22280000150203705, 0.21960000693798065, 0.2184000015258789, 0.21819999814033508, 0.22100000083446503, 0.2223999947309494], "FedMGDAplus": [0.7893999814987183, 0.6621999740600586, 0.7257000207901001, 0.649399995803833, 0.6836000084877014, 0.6722000241279602, 0.70660001039505, 0.7073000073432922, 0.6948000192642212, 0.7271999716758728, 0.738099992275238, 0.7526000142097473, 0.7555999755859375, 0.7821000218391418, 0.7980999946594238, 0.800000011920929, 0.8093000054359436, 0.8251000046730042, 0.835099995136261, 0.8999999761581421, 0.8985000252723694, 0.8999999761581421, 0.8999999761581421, 0.9031000137329102, 0.8999999761581421, 0.8950999975204468, 0.8999999761581421, 0.8353999853134155, 0.8999999761581421, 0.8758999705314636, 0.8999999761581421, 0.8999999761581421, 0.8999999761581421, 0.8999999761581421, 0.8964999914169312, 0.900600016117096, 0.8971999883651733, 0.8999999761581421, 0.8999999761581421, 0.8834999799728394, 0.8999999761581421, 0.8907999992370605, 0.930400013923645, 0.9034000039100647, 0.8999999761581421, 0.8125, 0.8999999761581421, 0.8102999925613403, 0.8999999761581421, 0.8084999918937683], "CenteredClipping": [0.7789999842643738, 0.8054999709129333, 0.8697999715805054, 0.8963000178337097, 0.8971999883651733, 0.8978000283241272, 0.8964999914169312, 0.8989999890327454, 0.8998000025749207, 0.8999999761581421, 0.8999999761581421, 0.8999999761581421, 0.8999999761581421, 0.8999999761581421, 0.8999999761581421, 0.8999999761581421, 0.8998000025749207, 0.8996999859809875, 0.8999999761581421, 0.8991000056266785, 0.9002000093460083, 0.8999000191688538, 0.8999999761581421, 0.8999000191688538, 0.9240999817848206, 0.8981999754905701, 0.9639999866485596, 0.8998000025749207, 0.8998000025749207, 0.8999000191688538, 0.8999999761581421, 0.8999999761581421, 0.8999999761581421, 0.8999999761581421, 0.8999000191688538, 0.8981999754905701, 0.8998000025749207, 0.8999999761581421, 0.8999000191688538, 0.8999000191688538, 0.8999000191688538, 0.8999000191688538, 0.8999999761581421, 0.8999999761581421, 0.8999000191688538, 0.9101999998092651, 0.8995000123977661, 0.8999999761581421, 0.8999999761581421, 0.8998000025749207], "RFCL": [0.6624000072479248, 0.5651999711990356, 0.5555999875068665, 0.5367000102996826, 0.5645999908447266, 0.4562000036239624, 0.4458000063896179, 0.4074000120162964, 0.40470001101493835, 0.38600000739097595, 0.3675000071525574, 0.37139999866485596, 0.36390000581741333, 0.34940001368522644, 0.3264000117778778, 0.3255999982357025, 0.305400013923645, 0.2913999855518341, 0.30399999022483826, 0.27129998803138733, 0.260699987411499, 0.24789999425411224, 0.24809999763965607, 0.251800000667572, 0.24369999766349792, 0.25, 0.23980000615119934, 0.24269999563694, 0.24529999494552612, 0.23510000109672546, 0.2320999950170517, 0.2379000037908554, 0.23190000653266907, 0.23420000076293945, 0.22789999842643738, 0.23360000550746918, 0.23340000212192535, 0.22930000722408295, 0.2240000069141388, 0.23199999332427979, 0.22930000722408295, 0.22660000622272491, 0.22550000250339508, 0.23240000009536743, 0.2249000072479248, 0.22450000047683716, 0.22050000727176666, 0.22679999470710754, 0.2222999930381775, 0.22370000183582306]}