{"FedAvg": [0.8830999732017517, 0.8977000117301941, 0.8899000287055969, 0.8252000212669373, 0.8999999761581421, 0.8747000098228455, 0.8999999761581421, 0.8210999965667725, 0.8953999876976013, 0.8565000295639038, 0.8956000208854675, 0.8165000081062317, 0.8981000185012817, 0.8971999883651733, 0.8978999853134155, 0.824999988079071, 0.873199999332428, 0.8098999857902527, 0.7657999992370605, 0.8334000110626221, 0.7796000242233276, 0.8266000151634216, 0.7591000199317932, 0.8228999972343445, 0.8159000277519226, 0.8988000154495239, 0.8438000082969666, 0.8978999853134155, 0.8025000095367432, 0.8819000124931335, 0.7900000214576721, 0.8999999761581421, 0.8601999878883362, 0.8693000078201294, 0.8942999839782715, 0.8995000123977661, 0.8937000036239624, 0.8909000158309937, 0.8141999840736389, 0.8985999822616577, 0.8187000155448914, 0.8996999859809875, 0.8119000196456909, 0.8986999988555908, 0.8090000152587891, 0.8934000134468079, 0.8306000232696533, 0.7771000266075134, 0.8411999940872192, 0.767799973487854], "Median": [0.7573999762535095, 0.6087999939918518, 0.6696000099182129, 0.6888999938964844, 0.6862000226974487, 0.6019999980926514, 0.6730999946594238, 0.6310999989509583, 0.7135999798774719, 0.70169997215271, 0.6881999969482422, 0.7188000082969666, 0.6955999732017517, 0.7599999904632568, 0.7200999855995178, 0.7372999787330627, 0.7721999883651733, 0.767799973487854, 0.7659000158309937, 0.7605999708175659, 0.7928000092506409, 0.7724999785423279, 0.7741000056266785, 0.7681000232696533, 0.7567999958992004, 0.765500009059906, 0.7387999892234802, 0.7422000169754028, 0.7448999881744385, 0.7512000203132629, 0.7473999857902527, 0.7287999987602234, 0.739799976348877, 0.7371000051498413, 0.7472000122070312, 0.7595000267028809, 0.7958999872207642, 0.7473999857902527, 0.7670000195503235, 0.8015999794006348, 0.7498000264167786, 0.7789999842643738, 0.7968000173568726, 0.7562000155448914, 0.7926999926567078, 0.7800999879837036, 0.7914000153541565, 0.77920001745224, 0.808899998664856, 0.8026000261306763], "MKrum": [0.8999999761581421, 0.8999999761581421, 0.8999000191688538, 0.8999999761581421, 0.8999999761581421, 0.8999999761581421, 0.8999999761581421, 0.8999999761581421, 0.8999999761581421, 0.904699981212616, 0.8999999761581421, 0.8999999761581421, 0.8999999761581421, 0.8999999761581421, 0.8974000215530396, 0.8999999761581421, 0.895799994468689, 0.8996999859809875, 0.8999999761581421, 0.9009000062942505, 0.8999999761581421, 0.8999999761581421, 0.8999999761581421, 0.8999999761581421, 0.8690999746322632, 0.8999999761581421, 0.8999999761581421, 0.8314999938011169, 0.8999999761581421, 0.9016000032424927, 0.8999999761581421, 0.8999999761581421, 0.8999999761581421, 0.8999999761581421, 0.8999999761581421, 0.8999999761581421, 0.8999999761581421, 0.8999999761581421, 0.8999999761581421, 0.8999999761581421, 0.8999999761581421, 0.8999999761581421, 0.8999999761581421, 0.8999999761581421, 0.8999999761581421, 0.8999999761581421, 0.8999999761581421, 0.8999999761581421, 0.8999999761581421, 0.8999999761581421], "AFA": [0.8830999732017517, 0.8977000117301941, 0.8899000287055969, 0.8252000212669373, 0.8999999761581421, 0.8999999761581421, 0.8999999761581421, 0.8999999761581421, 0.8149999976158142, 0.8995000123977661, 0.8428999781608582, 0.8999999761581421, 0.8758000135421753, 0.8991000056266785, 0.8729000091552734, 0.9000999927520752, 0.8640000224113464, 0.8999999761581421, 0.8580999970436096, 0.8999999761581421, 0.8715000152587891, 0.8996999859809875, 0.833299994468689, 0.8999999761581421, 0.8820000290870667, 0.9003999829292297, 0.8328999876976013, 0.8996000289916992, 0.866100013256073, 0.8999999761581421, 0.8999999761581421, 0.8999999761581421, 0.8999999761581421, 0.8982999920845032, 0.8962000012397766, 0.8999999761581421, 0.8834999799728394, 0.8478000164031982, 0.8982999920845032, 0.8999999761581421, 0.8999999761581421, 0.8327999711036682, 0.8999000191688538, 0.8496000170707703, 0.8758999705314636, 0.8170999884605408, 0.8422999978065491, 0.8828999996185303, 0.8598999977111816, 0.8481000065803528], "FedMGDAplus": [0.8190000057220459, 0.6661999821662903, 0.7480999827384949, 0.6674000024795532, 0.727400004863739, 0.6808000206947327, 0.7228999733924866, 0.7236999869346619, 0.7142000198364258, 0.7457000017166138, 0.7631999850273132, 0.7702000141143799, 0.7832000255584717, 0.7972000241279602, 0.7915999889373779, 0.7991999983787537, 0.8009999990463257, 0.8011999726295471, 0.7993999719619751, 0.8087999820709229, 0.8847000002861023, 0.8999999761581421, 0.8378000259399414, 0.8999999761581421, 0.8999999761581421, 0.8998000025749207, 0.8999999761581421, 0.8999999761581421, 0.8999999761581421, 0.8999999761581421, 0.9031999707221985, 0.8999999761581421, 0.8959000110626221, 0.88919997215271, 0.8956999778747559, 0.8907999992370605, 0.8999999761581421, 0.8999999761581421, 0.8999999761581421, 0.8464999794960022, 0.8363999724388123, 0.8999999761581421, 0.8328999876976013, 0.8999999761581421, 0.807200014591217, 0.8999999761581421, 0.8083000183105469, 0.8999999761581421, 0.8105000257492065, 0.8999999761581421], "CenteredClipping": [0.7972999811172485, 0.6898000240325928, 0.7774999737739563, 0.8429999947547913, 0.7835000157356262, 0.7559000253677368, 0.8133000135421753, 0.8999999761581421, 0.9186999797821045, 0.8999999761581421, 0.8999999761581421, 0.8999999761581421, 0.8999999761581421, 0.8999999761581421, 0.8999999761581421, 0.8999999761581421, 0.8999999761581421, 0.8999999761581421, 0.8999999761581421, 0.8999999761581421, 0.8999999761581421, 0.8999999761581421, 0.8999999761581421, 0.8999999761581421, 0.8999999761581421, 0.8999999761581421, 0.8999999761581421, 0.8999999761581421, 0.8999999761581421, 0.8999999761581421, 0.8999999761581421, 0.8999999761581421, 0.8999999761581421, 0.8999999761581421, 0.8999999761581421, 0.8999999761581421, 0.8999999761581421, 0.8999999761581421, 0.8999999761581421, 0.8999999761581421, 0.8999999761581421, 0.8999999761581421, 0.8999999761581421, 0.8999999761581421, 0.8999999761581421, 0.8999999761581421, 0.8999999761581421, 0.8999999761581421, 0.8999999761581421, 0.8999999761581421], "RFCL": [0.6620000004768372, 0.5720000267028809, 0.5544999837875366, 0.5532000064849854, 0.517799973487854, 0.5187000036239624, 0.4487999975681305, 0.44029998779296875, 0.4415000081062317, 0.4392000138759613, 0.40860000252723694, 0.4447999894618988, 0.3619000017642975, 0.3294000029563904, 0.30059999227523804, 0.29330000281333923, 0.27320000529289246, 0.27549999952316284, 0.26600000262260437, 0.2531000077724457, 0.26019999384880066, 0.2468000054359436, 0.2513999938964844, 0.2517000138759613, 0.24459999799728394, 0.241799995303154, 0.2476000040769577, 0.2418999969959259, 0.24310000240802765, 0.2362000048160553, 0.2354000061750412, 0.23970000445842743, 0.23559999465942383, 0.2321999967098236, 0.2312999963760376, 0.2305999994277954, 0.2305999994277954, 0.2289000004529953, 0.22310000658035278, 0.23819999396800995, 0.23250000178813934, 0.225600004196167, 0.22769999504089355, 0.22429999709129333, 0.2272000014781952, 0.22519999742507935, 0.2207999974489212, 0.22390000522136688, 0.2215999960899353, 0.22030000388622284]}