{"FedAvg": [0.8996999859809875, 0.8999999761581421, 0.8999999761581421, 0.8999999761581421, 0.8230999708175659, 0.8999999761581421, 0.8999999761581421, 0.8999999761581421, 0.8999999761581421, 0.8324999809265137, 0.8999999761581421, 0.8999999761581421, 0.8999999761581421, 0.8999999761581421, 0.8999999761581421, 0.8693000078201294, 0.8999999761581421, 0.8949999809265137, 0.8999000191688538, 0.8776999711990356, 0.8999999761581421, 0.8335999846458435, 0.8999999761581421, 0.8999999761581421, 0.8633000254631042, 0.8999999761581421, 0.8999999761581421, 0.826200008392334, 0.8952999711036682, 0.8813999891281128, 0.8999999761581421, 0.8310999870300293, 0.8999999761581421, 0.9003000259399414, 0.8999999761581421, 0.8999999761581421, 0.8999999761581421, 0.8999999761581421, 0.8999999761581421, 0.8980000019073486, 0.8999999761581421, 0.8999999761581421, 0.8999999761581421, 0.9002000093460083, 0.8999999761581421, 0.8999999761581421, 0.8999999761581421, 0.8999999761581421, 0.84579998254776, 0.8999999761581421], "Median": [0.9575999975204468, 0.8240000009536743, 0.8913000226020813, 0.858299970626831, 0.8944000005722046, 0.8331000208854675, 0.8787999749183655, 0.8766999840736389, 0.8062000274658203, 0.8446999788284302, 0.8507000207901001, 0.7662000060081482, 0.8689000010490417, 0.8471999764442444, 0.8726000189781189, 0.7760000228881836, 0.7634999752044678, 0.8813999891281128, 0.8521000146865845, 0.7526999711990356, 0.6927000284194946, 0.8485000133514404, 0.7337999939918518, 0.8461999893188477, 0.7875999808311462, 0.8166000247001648, 0.7631000280380249, 0.8816999793052673, 0.767799973487854, 0.8795999884605408, 0.833899974822998, 0.8704000115394592, 0.8562999963760376, 0.8798999786376953, 0.8619999885559082, 0.8676000237464905, 0.871999979019165, 0.894599974155426, 0.8605999946594238, 0.8651000261306763, 0.8636000156402588, 0.8726000189781189, 0.862500011920929, 0.8575999736785889, 0.8755000233650208, 0.8716999888420105, 0.8944000005722046, 0.8690000176429749, 0.882099986076355, 0.8654000163078308], "MKrum": [0.8906000256538391, 0.8999999761581421, 0.8999999761581421, 0.8999999761581421, 0.8999999761581421, 0.8999999761581421, 0.8999999761581421, 0.8999999761581421, 0.8999999761581421, 0.8999999761581421, 0.8999999761581421, 0.8999999761581421, 0.9151999950408936, 0.8999999761581421, 0.8999999761581421, 0.8999999761581421, 0.8999999761581421, 0.8812000155448914, 0.8999999761581421, 0.8999999761581421, 0.8999999761581421, 0.8999999761581421, 0.8999999761581421, 0.8999999761581421, 0.8999999761581421, 0.8999999761581421, 0.8999999761581421, 0.8999999761581421, 0.8999999761581421, 0.8999999761581421, 0.8999999761581421, 0.8999999761581421, 0.8999999761581421, 0.8999999761581421, 0.8999999761581421, 0.8999999761581421, 0.8999999761581421, 0.8999999761581421, 0.8999999761581421, 0.911300003528595, 0.8999999761581421, 0.8999999761581421, 0.8999999761581421, 0.8999999761581421, 0.8999999761581421, 0.8999999761581421, 0.9621999859809875, 0.8999999761581421, 0.8999999761581421, 0.8999999761581421], "AFA": [0.8999999761581421, 0.8999999761581421, 0.8999999761581421, 0.8999999761581421, 0.8999999761581421, 0.8999999761581421, 0.8999999761581421, 0.8999999761581421, 0.8999999761581421, 0.8999999761581421, 0.8999999761581421, 0.8999999761581421, 0.8999999761581421, 0.8999999761581421, 0.8999999761581421, 0.8999999761581421, 0.8999999761581421, 0.8999999761581421, 0.8999999761581421, 0.8999999761581421, 0.8999999761581421, 0.8998000025749207, 0.8999999761581421, 0.8999999761581421, 0.8999999761581421, 0.8999999761581421, 0.8601999878883362, 0.8999999761581421, 0.8792999982833862, 0.8999999761581421, 0.8942000269889832, 0.8999999761581421, 0.8999999761581421, 0.8999999761581421, 0.8999999761581421, 0.8999999761581421, 0.8999999761581421, 0.8999999761581421, 0.8999999761581421, 0.8999999761581421, 0.8999999761581421, 0.8999999761581421, 0.8999999761581421, 0.8999999761581421, 0.8999999761581421, 0.8999999761581421, 0.8999999761581421, 0.8999999761581421, 0.8999999761581421, 0.8999999761581421], "FedMGDAplus": [0.8578000068664551, 0.795199990272522, 0.8313000202178955, 0.7444000244140625, 0.840399980545044, 0.8043000102043152, 0.7451000213623047, 0.7462999820709229, 0.8149999976158142, 0.7328000068664551, 0.828000009059906, 0.7484999895095825, 0.8385999798774719, 0.7601000070571899, 0.8440999984741211, 0.7789999842643738, 0.870199978351593, 0.7972999811172485, 0.8715999722480774, 0.7820000052452087, 0.8971999883651733, 0.7649000287055969, 0.8977000117301941, 0.809499979019165, 0.8982999920845032, 0.820900022983551, 0.8996999859809875, 0.8676999807357788, 0.8999999761581421, 0.8967000246047974, 0.8999999761581421, 0.8999000191688538, 0.8999999761581421, 0.8999999761581421, 0.8999999761581421, 0.8999999761581421, 0.8999999761581421, 0.8999999761581421, 0.917900025844574, 0.9262999892234802, 0.8999999761581421, 0.8998000025749207, 0.9484999775886536, 0.900600016117096, 0.8999999761581421, 0.8999999761581421, 0.9027000069618225, 0.8999999761581421, 0.9000999927520752, 0.8999999761581421], "CenteredClipping": [0.9409999847412109, 0.8580999970436096, 0.9103000164031982, 0.9003999829292297, 0.8984000086784363, 0.8938000202178955, 0.9017000198364258, 0.9039999842643738, 0.8991000056266785, 0.9009000062942505, 0.8991000056266785, 0.9007999897003174, 0.901199996471405, 0.906000018119812, 0.8999999761581421, 0.8992999792098999, 0.8996000289916992, 0.8984000086784363, 0.8999999761581421, 0.8989999890327454, 0.900600016117096, 0.8956000208854675, 0.9128000140190125, 0.9039999842643738, 0.9107000231742859, 0.9006999731063843, 0.9496999979019165, 0.9034000039100647, 0.9082000255584717, 0.8931999802589417, 0.9318000078201294, 0.8899000287055969, 0.90420001745224, 0.921999990940094, 0.9020000100135803, 0.8992000222206116, 0.9003999829292297, 0.8991000056266785, 0.9003000259399414, 0.8996000289916992, 0.9016000032424927, 0.8944000005722046, 0.8935999870300293, 0.9010000228881836, 0.9327999949455261, 0.9028000235557556, 0.8999999761581421, 0.8956000208854675, 0.8999999761581421, 0.8992999792098999], "RFCL": [0.9121999740600586, 0.8535000085830688, 0.8881999850273132, 0.8999999761581421, 0.8672000169754028, 0.8162000179290771, 0.8968999981880188, 0.7271999716758728, 0.7472000122070312, 0.7294999957084656, 0.7789000272750854, 0.7907000184059143, 0.7524999976158142, 0.6790000200271606, 0.6338000297546387, 0.5863999724388123, 0.6941999793052673, 0.6383000016212463, 0.6172000169754028, 0.5450999736785889, 0.5935999751091003, 0.535099983215332, 0.6791999936103821, 0.6104999780654907, 0.5302000045776367, 0.558899998664856, 0.5600000023841858, 0.5493999719619751, 0.4957999885082245, 0.4828000068664551, 0.4884999990463257, 0.47699999809265137, 0.46639999747276306, 0.47859999537467957, 0.4339999854564667, 0.43790000677108765, 0.4505999982357025, 0.48100000619888306, 0.42669999599456787, 0.42899999022483826, 0.4528999924659729, 0.4447000026702881, 0.44269999861717224, 0.43860000371932983, 0.40310001373291016, 0.42399999499320984, 0.41990000009536743, 0.46880000829696655, 0.4016000032424927, 0.44769999384880066]}