{"FedAvg": [0.7998999953269958, 0.7272999882698059, 0.683899998664856, 0.7145000100135803, 0.6967999935150146, 0.6700999736785889, 0.6819000244140625, 0.6525999903678894, 0.7052000164985657, 0.6521999835968018, 0.703000009059906, 0.6801000237464905, 0.6985999941825867, 0.6607000231742859, 0.7045999765396118, 0.6622999906539917, 0.6894999742507935, 0.6384000182151794, 0.6970000267028809, 0.6420999765396118, 0.689300000667572, 0.666700005531311, 0.6754000186920166, 0.6403999924659729, 0.7105000019073486, 0.650600016117096, 0.7148000001907349, 0.6532999873161316, 0.7160999774932861, 0.6593999862670898, 0.7174000144004822, 0.6474000215530396, 0.6972000002861023, 0.6539999842643738, 0.6851999759674072, 0.6514000296592712, 0.6919000148773193, 0.6453999876976013, 0.6808000206947327, 0.6621000170707703, 0.6765000224113464, 0.6578999757766724, 0.7299000024795532, 0.6371999979019165, 0.6919999718666077, 0.661899983882904, 0.685699999332428, 0.6690999865531921, 0.6905999779701233, 0.6908000111579895], "Median": [0.8105999827384949, 0.7720000147819519, 0.7559000253677368, 0.7889999747276306, 0.7677000164985657, 0.7860000133514404, 0.7188000082969666, 0.6622999906539917, 0.684499979019165, 0.6215999722480774, 0.7161999940872192, 0.626800000667572, 0.6040999889373779, 0.57669997215271, 0.5942000150680542, 0.5625, 0.5706999897956848, 0.5496000051498413, 0.548799991607666, 0.5099999904632568, 0.5299000144004822, 0.5077000260353088, 0.507099986076355, 0.46860000491142273, 0.48159998655319214, 0.47029998898506165, 0.47600001096725464, 0.46970000863075256, 0.4641000032424927, 0.46700000762939453, 0.4528000056743622, 0.44690001010894775, 0.44690001010894775, 0.45910000801086426, 0.43700000643730164, 0.4575999975204468, 0.42890000343322754, 0.44760000705718994, 0.4255000054836273, 0.4575999975204468, 0.4106999933719635, 0.47189998626708984, 0.40610000491142273, 0.47620001435279846, 0.4023999869823456, 0.4659000039100647, 0.4036000072956085, 0.44589999318122864, 0.4034000039100647, 0.45980000495910645], "MKrum": [0.858299970626831, 0.8934000134468079, 0.8999000191688538, 0.8999999761581421, 0.8871999979019165, 0.8999999761581421, 0.8999999761581421, 0.8999999761581421, 0.8999999761581421, 0.8999999761581421, 0.8999999761581421, 0.8999999761581421, 0.8999000191688538, 0.8999000191688538, 0.8963000178337097, 0.8999000191688538, 0.8995000123977661, 0.8636000156402588, 0.8123000264167786, 0.8794000148773193, 0.8597000241279602, 0.8999999761581421, 0.8999999761581421, 0.8999999761581421, 0.8999999761581421, 0.8999999761581421, 0.8999999761581421, 0.8999999761581421, 0.8999999761581421, 0.8999999761581421, 0.8999999761581421, 0.9010000228881836, 0.8999999761581421, 0.8999999761581421, 0.8998000025749207, 0.8998000025749207, 0.8999000191688538, 0.8999000191688538, 0.8999000191688538, 0.8999999761581421, 0.8999999761581421, 0.8999000191688538, 0.8999999761581421, 0.8999999761581421, 0.8999999761581421, 0.8999999761581421, 0.8999999761581421, 0.8999999761581421, 0.8999999761581421, 0.8999999761581421], "AFA": [0.7170000076293945, 0.6205999851226807, 0.5659000277519226, 0.5440000295639038, 0.536899983882904, 0.46239998936653137, 0.43540000915527344, 0.382099986076355, 0.42170000076293945, 0.3736000061035156, 0.41499999165534973, 0.34929999709129333, 0.34299999475479126, 0.2994999885559082, 0.26919999718666077, 0.25760000944137573, 0.250900000333786, 0.24570000171661377, 0.24300000071525574, 0.23720000684261322, 0.2361000031232834, 0.24199999868869781, 0.23029999434947968, 0.23170000314712524, 0.22519999742507935, 0.21649999916553497, 0.22519999742507935, 0.2151000052690506, 0.2168000042438507, 0.21299999952316284, 0.2125999927520752, 0.20010000467300415, 0.2013999968767166, 0.19930000603199005, 0.19589999318122864, 0.19709999859333038, 0.19519999623298645, 0.2004999965429306, 0.19059999287128448, 0.20960000157356262, 0.1972000002861023, 0.1973000019788742, 0.1941000074148178, 0.19830000400543213, 0.19040000438690186, 0.1923999935388565, 0.18490000069141388, 0.19200000166893005, 0.18410000205039978, 0.18359999358654022], "FedMGDAplus": [0.7688999772071838, 0.6291000247001648, 0.5547000169754028, 0.4374000132083893, 0.5329999923706055, 0.3749000132083893, 0.5065000057220459, 0.30399999022483826, 0.46239998936653137, 0.33559998869895935, 0.43779999017715454, 0.28450000286102295, 0.2879999876022339, 0.26179999113082886, 0.3140000104904175, 0.26190000772476196, 0.272599995136261, 0.27790001034736633, 0.2870999872684479, 0.25609999895095825, 0.305400013923645, 0.2605000138282776, 0.2978000044822693, 0.27959999442100525, 0.27140000462532043, 0.2662000060081482, 0.28619998693466187, 0.28839999437332153, 0.25029999017715454, 0.27070000767707825, 0.2653000056743622, 0.26570001244544983, 0.2603999972343445, 0.2522999942302704, 0.25519999861717224, 0.2506999969482422, 0.2531999945640564, 0.25440001487731934, 0.251800000667572, 0.26190000772476196, 0.2574000060558319, 0.25189998745918274, 0.2524000108242035, 0.2581000030040741, 0.25529998540878296, 0.25780001282691956, 0.2685999870300293, 0.2671999931335449, 0.25540000200271606, 0.26030001044273376], "CenteredClipping": [0.7907999753952026, 0.7405999898910522, 0.730400025844574, 0.7202000021934509, 0.7560999989509583, 0.7206000089645386, 0.6830999851226807, 0.6430000066757202, 0.6266999840736389, 0.5404999852180481, 0.5311999917030334, 0.5428000092506409, 0.5534999966621399, 0.5284000039100647, 0.5073000192642212, 0.43320000171661377, 0.49639999866485596, 0.4603999853134155, 0.4478999972343445, 0.4352000057697296, 0.4553000032901764, 0.430400013923645, 0.415800005197525, 0.40549999475479126, 0.43140000104904175, 0.41780000925064087, 0.4140999913215637, 0.3700999915599823, 0.42820000648498535, 0.41179999709129333, 0.4196999967098236, 0.3601999878883362, 0.42080000042915344, 0.3626999855041504, 0.41519999504089355, 0.3580000102519989, 0.39989998936653137, 0.3294999897480011, 0.36329999566078186, 0.3513999879360199, 0.3163999915122986, 0.34060001373291016, 0.3181999921798706, 0.34060001373291016, 0.3138999938964844, 0.33820000290870667, 0.30399999022483826, 0.3197000026702881, 0.2872999906539917, 0.31349998712539673], "RFCL": [0.770799994468689, 0.7616999745368958, 0.6273000240325928, 0.6204000115394592, 0.5763000249862671, 0.49000000953674316, 0.4560000002384186, 0.4472000002861023, 0.4228000044822693, 0.3418999910354614, 0.3382999897003174, 0.3278999924659729, 0.3443000018596649, 0.29190000891685486, 0.28279998898506165, 0.2863999903202057, 0.2696000039577484, 0.28450000286102295, 0.26739999651908875, 0.289900004863739, 0.25220000743865967, 0.26809999346733093, 0.2475000023841858, 0.259799987077713, 0.24369999766349792, 0.25369998812675476, 0.24570000171661377, 0.23890000581741333, 0.2451999932527542, 0.2303999960422516, 0.24500000476837158, 0.21850000321865082, 0.24469999969005585, 0.22220000624656677, 0.25440001487731934, 0.23250000178813934, 0.2468000054359436, 0.219200000166893, 0.23199999332427979, 0.2143000066280365, 0.22779999673366547, 0.2152000069618225, 0.21539999544620514, 0.21889999508857727, 0.21619999408721924, 0.2150000035762787, 0.21699999272823334, 0.22139999270439148, 0.21199999749660492, 0.21529999375343323]}