{"FedAvg": [0.7700999975204468, 0.6777999997138977, 0.7275999784469604, 0.6953999996185303, 0.7300000190734863, 0.6647999882698059, 0.7541999816894531, 0.6962000131607056, 0.7163000106811523, 0.6970999836921692, 0.7105000019073486, 0.6754999756813049, 0.7075999975204468, 0.7003999948501587, 0.7240999937057495, 0.6941999793052673, 0.7028999924659729, 0.7124000191688538, 0.6825000047683716, 0.7468000054359436, 0.6563000082969666, 0.7451000213623047, 0.7031999826431274, 0.7605000138282776, 0.6991999745368958, 0.7441999912261963, 0.6987000107765198, 0.7250999808311462, 0.7210999727249146, 0.7265999913215637, 0.6643999814987183, 0.7300999760627747, 0.6664999723434448, 0.7261000275611877, 0.6863999962806702, 0.7718999981880188, 0.6585999727249146, 0.717199981212616, 0.6798999905586243, 0.7232999801635742, 0.6862999796867371, 0.7105000019073486, 0.6809999942779541, 0.7138000130653381, 0.7077999711036682, 0.7141000032424927, 0.6826000213623047, 0.7081999778747559, 0.6840999722480774, 0.7261000275611877], "Median": [0.7973999977111816, 0.7343999743461609, 0.7376999855041504, 0.7279999852180481, 0.7548999786376953, 0.6717000007629395, 0.6674000024795532, 0.6680999994277954, 0.6596999764442444, 0.7002999782562256, 0.6578999757766724, 0.7052000164985657, 0.6693000197410583, 0.6850000023841858, 0.6546000242233276, 0.7124999761581421, 0.6416000127792358, 0.6251999735832214, 0.6430000066757202, 0.6510000228881836, 0.6017000079154968, 0.6152999997138977, 0.5633999705314636, 0.5835999846458435, 0.5734999775886536, 0.5960999727249146, 0.5637000203132629, 0.531000018119812, 0.5414999723434448, 0.499099999666214, 0.508899986743927, 0.46389999985694885, 0.5059999823570251, 0.4641999900341034, 0.4912000000476837, 0.4494999945163727, 0.48840001225471497, 0.45010000467300415, 0.49149999022483826, 0.4514000117778778, 0.4708000123500824, 0.43689998984336853, 0.4763000011444092, 0.4339999854564667, 0.46720001101493835, 0.4487999975681305, 0.46880000829696655, 0.43939998745918274, 0.46230000257492065, 0.4318000078201294], "MKrum": [0.8992000222206116, 0.8978999853134155, 0.8986999988555908, 0.8999999761581421, 0.8999999761581421, 0.8999999761581421, 0.8999999761581421, 0.8999999761581421, 0.8999999761581421, 0.8999999761581421, 0.8999999761581421, 0.8529999852180481, 0.8999999761581421, 0.9006999731063843, 0.8999999761581421, 0.8999999761581421, 0.8999999761581421, 0.8999999761581421, 0.8996000289916992, 0.8999999761581421, 0.8999999761581421, 0.8999999761581421, 0.8999000191688538, 0.8999999761581421, 0.8999999761581421, 0.8986999988555908, 0.8999999761581421, 0.8999000191688538, 0.8999999761581421, 0.8999999761581421, 0.8996999859809875, 0.8719000220298767, 0.8999999761581421, 0.8999999761581421, 0.8962000012397766, 0.8999999761581421, 0.8942999839782715, 0.8833000063896179, 0.8999999761581421, 0.8995000123977661, 0.8999999761581421, 0.8999999761581421, 0.8999999761581421, 0.8776000142097473, 0.8999999761581421, 0.8992999792098999, 0.8999999761581421, 0.8992999792098999, 0.8999999761581421, 0.8999999761581421], "AFA": [0.6930999755859375, 0.6049000024795532, 0.5375999808311462, 0.5019999742507935, 0.4431999921798706, 0.3587000072002411, 0.36090001463890076, 0.3240000009536743, 0.3488999903202057, 0.32429999113082886, 0.3255999982357025, 0.30889999866485596, 0.30059999227523804, 0.2930000126361847, 0.2718999981880188, 0.25769999623298645, 0.2630999982357025, 0.2502000033855438, 0.24570000171661377, 0.23270000517368317, 0.23440000414848328, 0.2240000069141388, 0.23029999434947968, 0.21629999577999115, 0.22120000422000885, 0.210099995136261, 0.21060000360012054, 0.20919999480247498, 0.20960000157356262, 0.2160000056028366, 0.20600000023841858, 0.2084999978542328, 0.20069999992847443, 0.21310000121593475, 0.19820000231266022, 0.21250000596046448, 0.19429999589920044, 0.21439999341964722, 0.19750000536441803, 0.21150000393390656, 0.1940000057220459, 0.210999995470047, 0.19429999589920044, 0.2053000032901764, 0.1899999976158142, 0.2093999981880188, 0.19499999284744263, 0.2003999948501587, 0.1932000070810318, 0.1931000053882599], "FedMGDAplus": [0.7649000287055969, 0.6395000219345093, 0.6152999997138977, 0.4453999996185303, 0.4756999909877777, 0.4115000069141388, 0.4986000061035156, 0.3788999915122986, 0.390500009059906, 0.34790000319480896, 0.33180001378059387, 0.30869999527931213, 0.2865000069141388, 0.2784999907016754, 0.26159998774528503, 0.27239999175071716, 0.22859999537467957, 0.2623000144958496, 0.23229999840259552, 0.23749999701976776, 0.25, 0.22360000014305115, 0.24580000340938568, 0.23100000619888306, 0.2296999990940094, 0.2264000028371811, 0.2320999950170517, 0.22540000081062317, 0.21549999713897705, 0.22920000553131104, 0.2125999927520752, 0.2175000011920929, 0.21539999544620514, 0.21940000355243683, 0.21930000185966492, 0.22429999709129333, 0.2264000028371811, 0.25429999828338623, 0.21879999339580536, 0.22579999268054962, 0.22920000553131104, 0.22169999778270721, 0.22609999775886536, 0.2248000055551529, 0.2223999947309494, 0.2273000031709671, 0.22450000047683716, 0.24210000038146973, 0.2289000004529953, 0.23309999704360962], "CenteredClipping": [0.7813000082969666, 0.7088000178337097, 0.7515000104904175, 0.7107999920845032, 0.7215999960899353, 0.7135000228881836, 0.7157999873161316, 0.7271000146865845, 0.6164000034332275, 0.6294999718666077, 0.6065000295639038, 0.6291000247001648, 0.6252999901771545, 0.6338000297546387, 0.5594000220298767, 0.5468000173568726, 0.5591999888420105, 0.5575000047683716, 0.5022000074386597, 0.5519999861717224, 0.5371999740600586, 0.5480999946594238, 0.4772999882698059, 0.5424000024795532, 0.4794999957084656, 0.5372999906539917, 0.47760000824928284, 0.5149999856948853, 0.4860999882221222, 0.5078999996185303, 0.4260999858379364, 0.5285999774932861, 0.43470001220703125, 0.47929999232292175, 0.4302999973297119, 0.49140000343322754, 0.4212999939918518, 0.4410000145435333, 0.40470001101493835, 0.4562999904155731, 0.3978999853134155, 0.43849998712539673, 0.4018999934196472, 0.4239000082015991, 0.38370001316070557, 0.4171000123023987, 0.3621000051498413, 0.41269999742507935, 0.3582000136375427, 0.4146000146865845], "RFCL": [0.8047999739646912, 0.5763999819755554, 0.6518999934196472, 0.5131000280380249, 0.5393000245094299, 0.4560999870300293, 0.476500004529953, 0.4429999887943268, 0.49000000953674316, 0.3928000032901764, 0.4043000042438507, 0.3154999911785126, 0.32339999079704285, 0.28459998965263367, 0.2913999855518341, 0.2687000036239624, 0.28679999709129333, 0.25929999351501465, 0.2567000091075897, 0.2522999942302704, 0.2443999946117401, 0.241799995303154, 0.24379999935626984, 0.2425999939441681, 0.23469999432563782, 0.24120000004768372, 0.2362000048160553, 0.23280000686645508, 0.2320999950170517, 0.2281000018119812, 0.2354000061750412, 0.22280000150203705, 0.22059999406337738, 0.22789999842643738, 0.22990000247955322, 0.22210000455379486, 0.22499999403953552, 0.2206999957561493, 0.21729999780654907, 0.2134000062942505, 0.2222999930381775, 0.21170000731945038, 0.21610000729560852, 0.21539999544620514, 0.21060000360012054, 0.21070000529289246, 0.2160000056028366, 0.20960000157356262, 0.2126999944448471, 0.21320000290870667]}