{"FedAvg": [0.703000009059906, 0.6676999926567078, 0.6901999711990356, 0.6139000058174133, 0.7056000232696533, 0.5795000195503235, 0.6872000098228455, 0.6157000064849854, 0.6959999799728394, 0.6373000144958496, 0.6384000182151794, 0.6759999990463257, 0.6564000248908997, 0.6280999779701233, 0.6057999730110168, 0.7250000238418579, 0.5544999837875366, 0.7017999887466431, 0.5370000004768372, 0.745199978351593, 0.5490000247955322, 0.7473999857902527, 0.5587999820709229, 0.7422999739646912, 0.5485000014305115, 0.7300999760627747, 0.5703999996185303, 0.7369999885559082, 0.5637000203132629, 0.7132999897003174, 0.5424000024795532, 0.7222999930381775, 0.5546000003814697, 0.7501000165939331, 0.5622000098228455, 0.7303000092506409, 0.5573999881744385, 0.7493000030517578, 0.5651999711990356, 0.7340999841690063, 0.5551000237464905, 0.6870999932289124, 0.5600000023841858, 0.6923999786376953, 0.5404000282287598, 0.6589000225067139, 0.5640000104904175, 0.5385000109672546, 0.7145000100135803, 0.5432000160217285], "Median": [0.772599995136261, 0.7019000053405762, 0.7059999704360962, 0.6420000195503235, 0.6748999953269958, 0.6176999807357788, 0.6200000047683716, 0.5745000243186951, 0.5558000206947327, 0.5547000169754028, 0.539900004863739, 0.5608999729156494, 0.5547999739646912, 0.5824000239372253, 0.5227000117301941, 0.5327000021934509, 0.5311999917030334, 0.5440999865531921, 0.5382000207901001, 0.5182999968528748, 0.5333999991416931, 0.5212000012397766, 0.5389000177383423, 0.5335999727249146, 0.5203999876976013, 0.5206000208854675, 0.5209000110626221, 0.5105000138282776, 0.5123999714851379, 0.5080000162124634, 0.48669999837875366, 0.48500001430511475, 0.5090000033378601, 0.503000020980835, 0.49869999289512634, 0.4936999976634979, 0.49889999628067017, 0.4968000054359436, 0.49779999256134033, 0.5011000037193298, 0.4909999966621399, 0.5016999840736389, 0.4893999993801117, 0.5085999965667725, 0.4693000018596649, 0.49129998683929443, 0.47839999198913574, 0.4973999857902527, 0.48510000109672546, 0.5044000148773193], "MKrum": [0.8999999761581421, 0.8999999761581421, 0.8999999761581421, 0.8194000124931335, 0.8999999761581421, 0.8999999761581421, 0.8090999722480774, 0.8026999831199646, 0.8999999761581421, 0.8999999761581421, 0.855400025844574, 0.8999999761581421, 0.8992000222206116, 0.8999999761581421, 0.8998000025749207, 0.8999999761581421, 0.8037999868392944, 0.9003999829292297, 0.8992000222206116, 0.8999999761581421, 0.8999999761581421, 0.8945000171661377, 0.8999999761581421, 0.8999999761581421, 0.8999999761581421, 0.8999999761581421, 0.8999999761581421, 0.7634000182151794, 0.8981000185012817, 0.8041999936103821, 0.8999999761581421, 0.8999999761581421, 0.8999999761581421, 0.8478999733924866, 0.8999999761581421, 0.8460000157356262, 0.8999999761581421, 0.8999999761581421, 0.8999000191688538, 0.8568999767303467, 0.8999999761581421, 0.8999999761581421, 0.8999999761581421, 0.8999999761581421, 0.8395000100135803, 0.8999999761581421, 0.8999999761581421, 0.899399995803833, 0.7986000180244446, 0.8992999792098999], "AFA": [0.603600025177002, 0.5634999871253967, 0.5253999829292297, 0.4952999949455261, 0.4560000002384186, 0.4097999930381775, 0.3481999933719635, 0.30379998683929443, 0.32350000739097595, 0.27880001068115234, 0.28029999136924744, 0.26269999146461487, 0.26429998874664307, 0.24950000643730164, 0.25440001487731934, 0.24400000274181366, 0.2508000135421753, 0.23549999296665192, 0.2393999993801117, 0.23309999704360962, 0.23119999468326569, 0.21819999814033508, 0.23469999432563782, 0.2206999957561493, 0.2206999957561493, 0.21220000088214874, 0.21299999952316284, 0.21080000698566437, 0.2084999978542328, 0.21150000393390656, 0.20839999616146088, 0.20640000700950623, 0.20649999380111694, 0.2076999992132187, 0.21469999849796295, 0.2046000063419342, 0.20479999482631683, 0.2013999968767166, 0.19629999995231628, 0.20679999887943268, 0.20020000636577606, 0.2053000032901764, 0.19679999351501465, 0.19920000433921814, 0.19609999656677246, 0.20000000298023224, 0.1972000002861023, 0.1891999989748001, 0.20319999754428864, 0.2011999934911728], "FedMGDAplus": [0.7997000217437744, 0.6460000276565552, 0.7360000014305115, 0.628000020980835, 0.6863999962806702, 0.6606000065803528, 0.7059999704360962, 0.7235999703407288, 0.6929000020027161, 0.7328000068664551, 0.7348999977111816, 0.7573000192642212, 0.7730000019073486, 0.7980999946594238, 0.7968000173568726, 0.8055999875068665, 0.7972000241279602, 0.8070999979972839, 0.8052999973297119, 0.8061000108718872, 0.8083999752998352, 0.8201000094413757, 0.8623999953269958, 0.8999999761581421, 0.8188999891281128, 0.8999999761581421, 0.896399974822998, 0.8995000123977661, 0.9041000008583069, 0.8999999761581421, 0.8999999761581421, 0.9017999768257141, 0.8999999761581421, 0.8996999859809875, 0.8999999761581421, 0.8999999761581421, 0.8999999761581421, 0.8999999761581421, 0.8820000290870667, 0.8999999761581421, 0.9000999927520752, 0.8762000203132629, 0.885699987411499, 0.8985000252723694, 0.8999000191688538, 0.8999999761581421, 0.8999999761581421, 0.8999999761581421, 0.9672999978065491, 0.9314000010490417], "CenteredClipping": [0.7723000049591064, 0.7254999876022339, 0.7376000285148621, 0.7544000148773193, 0.7735999822616577, 0.7822999954223633, 0.7998999953269958, 0.7943999767303467, 0.7993000149726868, 0.8032000064849854, 0.7997999787330627, 0.7972000241279602, 0.789900004863739, 0.7926999926567078, 0.7942000031471252, 0.7849000096321106, 0.7692999839782715, 0.7888000011444092, 0.7560999989509583, 0.8288999795913696, 0.7426000237464905, 0.8666999936103821, 0.7584999799728394, 0.8604999780654907, 0.7742000222206116, 0.8680999875068665, 0.742900013923645, 0.8776999711990356, 0.7735999822616577, 0.885200023651123, 0.8392000198364258, 0.8906000256538391, 0.8632000088691711, 0.8939999938011169, 0.8636999726295471, 0.8453999757766724, 0.8985999822616577, 0.8996000289916992, 0.8999999761581421, 0.8999999761581421, 0.9000999927520752, 0.9002000093460083, 0.9021000266075134, 0.8999999761581421, 0.9004999995231628, 0.8999999761581421, 0.8999999761581421, 0.8999999761581421, 0.8999999761581421, 0.8999999761581421], "RFCL": [0.603600025177002, 0.5634999871253967, 0.5253999829292297, 0.4952999949455261, 0.4560000002384186, 0.4097999930381775, 0.3434000015258789, 0.314300000667572, 0.31529998779296875, 0.2802000045776367, 0.27549999952316284, 0.27000001072883606, 0.2703000009059906, 0.2581000030040741, 0.27900001406669617, 0.2468000054359436, 0.23989999294281006, 0.22920000553131104, 0.23119999468326569, 0.22840000689029694, 0.23000000417232513, 0.2198999971151352, 0.21889999508857727, 0.2190999984741211, 0.22290000319480896, 0.21539999544620514, 0.2167000025510788, 0.2152000069618225, 0.20749999582767487, 0.21289999783039093, 0.2101999968290329, 0.20329999923706055, 0.20730000734329224, 0.20340000092983246, 0.20579999685287476, 0.20749999582767487, 0.20679999887943268, 0.21089999377727509, 0.19660000503063202, 0.1995999962091446, 0.19769999384880066, 0.19480000436306, 0.19509999454021454, 0.19850000739097595, 0.1972000002861023, 0.19429999589920044, 0.20090000331401825, 0.19599999487400055, 0.20090000331401825, 0.1931000053882599]}